rank,symbol,sector,fr_score,chains,chain,commodity_family,business_model,physical_anchor,value_chain_position,fr_thesis,cost_curve,contracting_reserve,capital_discipline,valuation_guard,ebitda_margin_ttm,ebitda_margin_band,fcf_torque_10pct,gm_trajectory,rev_yoy,fcf_margin,commodity_beta_2y,beta_benchmark,ndebt_ebitda,interest_coverage,funded_solvency,growth_capex_fcf_negative,torque_leverage_quadrant,balance_sheet_stale,chain_regime,regime_fit,phase_fit,headwind_justification,sop_mos_pct,forensic_gate,numeric_gate,exposure_axes,chain_exposure_pct,size_units_effective,weight_pct,corr_flag,entry_plan,thesis_break_px,bear_fv_px,debate_verdict,debate_conviction,catalyst_status,sop_fair_value,sop_breakdown,risk_reward,true_competitors,bull_thesis,bear_thesis,sop_bull,sop_bear,consensus_delta,moderator_conclusion,interrogator_score,trajectory,interrogator_dossier
1,OR,Basic Materials,83,precious_metals,precious_metals,precious_metals,royalty_streamer,Holds royalty and stream contracts entitling it to a fixed percentage of the gold and silver ounces poured at partner mines.,"Royalty and streaming pure-play - no operating costs, a direct claim on physical ounces produced by third-party mines.","OR Royalties owns contractual claims on the gold and silver poured at 23 to 24 mines it neither operates nor funds, turning 96.8 cents of every revenue dollar into cash with no exposure to the mining-cost inflation now eating into its producer peers.","Company-reported cash margin of 96.8% in the June 2026 quarter (the screen's 102.85% is arithmetically impossible - it carries non-cash mark-ups including a $54M gain on the Osisko Development stake - so the company figure is the one used), the best in a peer group that includes Wheaton and Franco-Nevada. A plus-or-minus 10% move in the gold price swings cash profit by plus-or-minus 9.7%: the downside 9.7% is exactly as large as the upside, because a royalty has almost no cost base to absorb it - but it takes that hit from the lowest cost position available in the sector.","Twenty-three to twenty-four paying assets with volumes already contracted out to 2030; the book grows by buying new royalties out of cash flow rather than by funding mine construction, so growth does not consume capital and no capex commitment sits between the company and its cash.","Net cash - net debt of minus 0.25 times cash profit - with interest cover near 86 times. There is no mine-building obligation at all, which is the structural reason this model cannot repeat the sector's habit of building at the top of the cycle.","Base fair value of $35.00 against a $31.19 price and a reconciled margin-of-safety reading of about plus 12% - the guard passes. Points come off only for asymmetry: the adverse case at $20.00 is 36% below the price, roughly three dollars of identified risk for each dollar of upside to fair value.",1.0285,q1_low_cost,0.097,"Flat at the ceiling while revenue climbs: cash margin was 96.7% on $277.4 million of 2025 revenue and 96.8% on $102.8 million in the first quarter of 2026 and $97.8 million in the second, so margin cannot expand with revenue here - the only variable that moves earnings is the metal price, which is why a royalty book converts almost every dollar of price change straight into cash.",0.557,,1.41,GCUSD,-0.25,85.7,strong,False,False,False,"{""precious_metals"": ""NEUTRAL""}","The precious-metals chain reads neutral in the cycle sidecar, so this seat is carried on its own merits rather than on a chain call. A royalty is the shape that survives a flat or falling metal best, because its costs do not rise when the metal does not.","The macro note describes a phase in which the bond market is imposing positive real rates, so payback speed beats resource optionality - that favours cash-generative royalty models in every metal family, and this is the purest one in the book. The same note calls monetary metals the family currently without a driver, which is a reason to hold the seat below a full unit rather than a reason to drop it.",,12.2,,EXCLUDE_ELIGIBILITY,gold-real-rate; royalty-operator-counterparty,37.5,0.28,12.5,True,2 tranches / 2 wks,24.0,20.0,B,3,SOFT_EXTENDED,35.00,"Base case, about $35.80 a share before discounting and $35.00 after, on roughly 187.6 million shares, using today's spot metals ($4,154 gold, silver at a 69-to-1 ratio) rather than a forecast deck. (1) The producing royalty and stream book at a 2027 run-rate: 92,000 gold-equivalent ounces - the guided 2026 range of 80,000 to 90,000 stepping up as San Gabriel, Dalgaranga and Namdini ramp, less the up-to-7,500-ounce Barnat hole - at $4,150 is $381.8 million of revenue; a 97% cash margin leaves $370.3 million; less about $34 million of corporate cash costs gives $336 million of cash earnings; at 19 times, between Triple Flag at 15.1 and the seniors at 20.6 to 21.0, that is $6.39 billion, or $34.05 a share. This is 95% of the value: for a royalty company the producing book is the company. (2) Development royalties not in the 2030 outlook, risk-weighted to about a third of management's own 20,000-to-30,000-ounce estimate and discounted, $320 million or $1.71 a share. (3) The investment portfolio - roughly 14.3% of Osisko Development, worth about $47.7 million at today's $2.28 share price, plus other holdings, marked down from the $210.5 million carried at 31 March 2026 - taken at $150 million or $0.80 a share. (4) Less net debt of $139.4 million at 30 June 2026, minus $0.74 a share. The multiple is the judgement call: 19 times puts OR near senior-royalty parity, which its peer-leading 96.8% cash margin and best-in-class jurisdiction mix earn, and which its asset concentration, mid-tier liquidity and the 2027-2028 hole at its cornerstone argue against. At today's $31.19 the market is paying about 17.8 times - already most of the way there.","Poor at today's price. From $31.19 the adverse case sits at $20.00 and the base case at $35.00 - roughly three dollars of downside for every one of upside to fair value, with no structural floor beneath the adverse case because the net-cash cushion was spent in the second quarter of 2026 and there are no deal terms or tender to catch the shares. The favorable case at $45.00 only opens up if gold recovers to its 200-day average, which is a bet on the metal rather than on the company. This is a good business at a fair price, not a good price.","WPM, FNV, RGLD, SAND, TFPM, UROY","OR Royalties owns one of the cleanest business models in mining and is priced today as if it were an ordinary miner. It holds contractual claims - net smelter return royalties (a fixed percentage of a mine's revenue) and streams (the right to buy metal at a fixed low price) - on 23 to 24 paying mines run by other people. It pays none of the mining costs, funds none of the capital spending, and absorbs none of the cost inflation that has eaten operating miners' margins through this cycle. The proof is a cash margin of 96.8% in the second quarter of 2026, essentially unchanged from 96.7% in 2025 and from every quarter before it. Wheaton Precious Metals, the sector benchmark, does not match it.

The growth is already bought and paid for, which is rare. Management guided 80,000 to 90,000 gold-equivalent ounces for 2026 and 120,000 to 135,000 for 2030 - roughly 50% more ounces - and the assets that deliver it are already owned: the Namdini mine in Ghana (the royalty consolidated to a full 2% in January 2026 for up to $103.5 million), Buenaventura's San Gabriel mine in Peru (a 1.5% royalty inside the $115 million Gold Fields portfolio bought in February 2026), Ramelius's Dalgaranga in Western Australia (first ore delivered to the Mt Magnet plant in February 2026), and the expanded Spring Valley royalties in Nevada (the $168 million Terraco acquisition, closed in April 2026). Getting from here to 2030 does not require another cheque. As the chief executive put it in February 2026, the company has ""the luxury of walking away from bad deals to wait for the right ones.""

The asset quality is genuinely differentiated. Just under 75% of 2025 ounces came from Canada, the United States and Australia, and closer to 90% including Chile - the best jurisdictional mix in the peer group, and the reason this book should not carry the expropriation discount applied to royalties on West African or Andean-frontier ounces. The reserve lives behind the contracts are long: management describes underwriting ""assets with 15- to 25-year mine lives,"" and the cornerstone, Agnico Eagle's Canadian Malartic, has an underground mine at Odyssey that Agnico still expects to carry the complex to a million ounces a year in the early 2030s.

The financial record corroborates the story rather than contradicting it. Net debt of just under $35 million at the end of 2024 was paid down to $10 million by the first quarter of 2025, to net cash by the second, and to zero debt by the third - each step delivered on the call it was promised. Operating cash flow set a record $245.6 million in 2025 and rose 56% year over year in the first quarter of 2026. Cash flow per share has risen eight years running. The dividend has been paid 46 consecutive quarters and was raised 20% in 2025 and 18.2% in May 2026, to $0.065 a quarter, which is roughly 20% to 25% of operating cash flow - covered several times over.

What has to hold for this to work. First, gold needs to hold somewhere near today's $4,154 an ounce rather than round-trip to its 12-month low of $3,353; a royalty converts price into cash almost one-for-one, so this is the dominant variable. Second, Agnico Eagle needs to restart the Barnat open pit on the schedule it published - remediation complete in the third quarter of 2026, mining resuming in the fourth. Third, Capstone's Mantos Blancos silver grades need to stop disappointing, which management has prudently guided flat to 2030 rather than assumed away. If those hold, a book generating roughly $336 million of cash earnings in 2027 on today's metal prices, growing to 120,000-plus ounces by 2030, deserves the 20-to-21-times multiple its senior peers carry, and the shares are worth materially more than $31.19.","The bear case does not require the business to be bad. It requires only that the price already reflects the business, that the cornerstone asset has a two-year hole in it, and that management spent the balance sheet at the top of the cycle. All three are true today.

Start with the cornerstone, because it is the largest royalty in the book by a wide margin. On 1 July 2026 a rock mass movement occurred along the north wall of the Barnat open pit at Canadian Malartic. Agnico Eagle suspended mining, and said the same week it expects to lose 60,000 to 80,000 ounces of gold in the second half of 2026 and up to approximately 150,000 ounces a year in both 2027 and 2028. At OR's 5% Barnat royalty that is roughly 3,000 to 4,000 ounces this year and up to 7,500 ounces a year in 2027 and 2028 - about 8% of a mid-range year, removed from precisely the two years that were supposed to bridge to the 2030 target. Worse for a royalty holder specifically: while the pit is shut the mill is being fed low-grade stockpile, and a net smelter return royalty is paid on the revenue the mine actually earns, so low-grade feed is a direct revenue cut, not a timing difference. OR's response, published the same day, was that its ""2026 gold equivalent ounce delivery guidance range, as well as its 5-year outlook, remain unchanged."" The 2026 claim survives only at the bottom of the 80,000-to-90,000 range: the first half delivered 43,497 ounces, and a flat second half less the Barnat drag lands around 81,000 to 82,000. The five-year claim does not survive the arithmetic in the middle years at all.

Second, the capital discipline that was the entire investment case in 2025 has been reversed. Management spent the February 2026 call celebrating restraint - ""OR Royalties transacted on only just $25 million in royalty and stream acquisitions"" while the sector did $9.3 billion - and then committed $438.5 million across four transactions in the following weeks, plus up to $96 million to Canadian Copper, a Canadian Securities Exchange-listed base-metals developer, in April. Those cheques were written with gold between roughly $4,500 and $5,600 an ounce. Gold is $4,154 today; silver has fallen from a 12-month high of $121 to $60. Buying a royalty is buying a claim on a metal price, and these were bought near the high. The balance-sheet consequence is already visible: $90.6 million of net cash at 31 March 2026 became $139.4 million of net debt at 30 June - a $230 million swing in one quarter, with the Terraco purchase funded by drawing the revolving credit facility. Any valuation that still adds back net cash, including the screener bundle's own instruction to do so, is a quarter and a sign out of date.

Third, the shares are not cheap once the earnings figure is cleaned. The trailing enterprise-value-to-earnings multiple of 15.7 times flatters, because trailing earnings include non-cash gains - most visibly a $54 million revaluation of the Osisko Development stake in the third quarter of 2025 - which is why the implied margin exceeds 100%. On a cash basis the multiple is about 20 times, the same as Franco-Nevada at 20.6 and Wheaton at 21.0, and above Royal Gold at 17.5 and Triple Flag at 15.1. OR has lower returns than Wheaton (13.9% return on invested capital against 18.1%), a smaller and more concentrated asset base, and thinner trading liquidity at roughly $10 million a day. There is no discount here to harvest.

Fourth, the downside is arithmetic, and the torque cuts both ways. A 10% move in the metal swings cash earnings about 9.7% - roughly $33 million on a $336 million base - in either direction. Gold falling from $4,154 to its 12-month low of $3,400 is an 18% move, worth about $59 million of lost cash earnings, and royalty multiples compress as the metal falls rather than holding. Take volumes to 85,000 ounces (the Barnat hole offsetting the ramp-ups), take the multiple to 15.5 times, and the equity is worth about $20 a share - roughly a third below today's price. There is no structural floor to catch it: no deal terms, no tender, and the net-cash cushion has been spent.

What would confirm the bear. Gold breaking below roughly $3,800 an ounce. A slip in the Barnat remediation timetable past the fourth quarter of 2026. A 2027 guidance range published in February 2027 that is flat or down against 2026 - which would concede the two-year hole management has so far declined to acknowledge. Or a fifth acquisition financed with equity rather than the revolver, which would tell you the balance sheet is no longer the strategic advantage it was described as.","Favorable case, about $45 a share on roughly 187.6 million shares. Assumes gold recovers to its 200-day average of about $4,590 an ounce, silver to a 65-to-1 ratio, Barnat restarts on schedule in the fourth quarter of 2026 and the 2027-2028 loss lands at the low end, and the owned growth delivers about 105,000 ounces by 2028. Parts: (1) the producing royalty and stream book - 105,000 ounces at $4,590 is $482 million of revenue, a 97% cash margin leaves $467 million, less about $36 million of corporate cash costs gives $431 million of cash earnings; at 21 times, the multiple Wheaton and Franco-Nevada carry today, that is $9.05 billion, discounted two years at 8% to $7.76 billion, or $41.37 a share; (2) development royalties outside the 2030 outlook - Cariboo, the expanded Spring Valley position, Cascabel minimum payments, Hermosa/Taylor, Windfall, Upper Beaver and Marimaca, which management sizes in aggregate at 20,000 to 30,000 additional ounces - weighted at about 60% and discounted, $600 million or $3.20 a share; (3) the investment portfolio recovering toward the $210.5 million carried at 31 March 2026, taken at $250 million or $1.33 a share; (4) less net debt paid down out of free cash flow to about $100 million, minus $0.53 a share. Sum: about $8.51 billion, or $45.37 a share.","Adverse case, about $20 a share, assuming the precious-metals chain turns against it. Gold round-trips to its 12-month low of about $3,400 an ounce, silver settles at an 85-to-1 ratio, the Barnat hole of up to 7,500 ounces a year persists through 2028 and offsets the San Gabriel, Dalgaranga and Namdini ramp-ups, and the sector's multiples compress with the metal. Parts: (1) the producing book - 85,000 ounces at $3,400 is $289 million of revenue, a 97% cash margin leaves $280 million, less $34 million of corporate cash costs gives $246 million of cash earnings; at 15.5 times, the low end of where Triple Flag trades in today's stronger tape, that is $3.81 billion, or $20.33 a share; (2) development royalties, worth little at $3,400 gold because none of them get financed there, $80 million or $0.43 a share; (3) the investment portfolio halving again from today - the Osisko Development stake is already at $2.28 a share against a 12-month high of $4.795 - taken at $80 million or $0.43 a share; (4) less net debt drifting to about $180 million as the raised dividend is maintained through a weak tape, minus $0.96 a share. Sum: about $3.79 billion, or $20.23 a share. Cross-check against the deterministic torque proxy: a 10% metal move swings cash earnings 9.7%, so the 18% fall from $4,154 to $3,400 costs about $59 million of the $336 million base case, and cutting volumes from 92,000 to 85,000 ounces accounts for the remaining $31 million. The two methods agree.","Where we disagree with the market runs in both directions, which is why this is a watchlist name rather than a conviction call either way.

Against the bulls. The street is still marking OR off a net-asset value built on two assumptions that broke in the last five weeks. The first is a gold deck above today's spot. Scotiabank's $42 target dates from 14 July 2026 with the stock at $28.89 and the consensus sits at $40.33 - roughly 29% above the current $31.19 - while gold at $4,154 is 26% below its 12-month high of $5,626 and below its own 200-day average of $4,587. A royalty converts price into cash almost one-for-one; a net-asset value struck at a higher long-term deck is not a valuation, it is a forecast. The second is a Canadian Malartic profile that no longer exists in the middle years. Agnico Eagle published on 2 July 2026 that it expects to lose up to approximately 150,000 ounces a year in both 2027 and 2028 following the Barnat wall movement. OR's response the same day - that its 2026 guidance and its five-year outlook ""remain unchanged"" - cannot be true across 2027 and 2028 at a 5% royalty, which is roughly 7,500 ounces a year or about 8% of a mid-range year. Only the low target in the file, Jefferies at $34 on 6 July 2026, appears to have priced any of this, and even that was set before the full production impact was quantified.

The third street assumption we would challenge is the framing of the 2026 acquisitions as accretion. Four transactions totalling $438.5 million, plus up to $96 million to a Canadian Securities Exchange-listed copper developer in April, were committed with gold between roughly $4,500 and $5,600. The immediate effect is visible in the company's own numbers: $90.6 million of net cash at 31 March 2026 became $139.4 million of net debt at 30 June, a $230 million swing, with Terraco funded by drawing the revolving credit facility. This is the sector's oldest error - deploying at the top - committed by a management team that had spent the previous four calls explaining why it would not.

Against the bears, in fairness. The shares are down about 35% from their 12-month high while the operating engine has not moved at all: second-quarter 2026 revenue of $97.8 million at a 96.8% cash margin is the second-best quarter in the company's history, and first-half deliveries of 43,497 ounces are on pace for guidance. If the market is pricing a return to $3,400 gold, our own adverse case is roughly the price. It is not: at $31.19 the enterprise is about $5.99 billion, which is 78% of the way from our $3.8 billion adverse case to our $6.7 billion base case. The market is pricing something closer to fair, not something distressed - which is exactly why there is no edge here yet.","This is a high-quality business at a fair price, and fair is not enough to commit capital today. The recommendation is to wait for the wash-out, with a specific level rather than a vague one.

What is genuinely good here is not in dispute. OR Royalties owns contractual claims on 23 to 24 mines it does not operate and does not fund, and it converts 96.8% of revenue to cash - the best margin in a peer group that includes Wheaton Precious Metals and Franco-Nevada. Just under 75% of its ounces come from Canada, the United States and Australia, the best jurisdictional mix in the sector. The growth to 2030 - from 80,000-to-90,000 ounces this year to 120,000-to-135,000 - is already owned rather than promised. The management record on the things it controls is strong: three consecutive calls in 2025 each delivered the next promised step from net debt to debt-free, guidance was met in 2024 and 2025, and 46 consecutive dividends have been paid with two double-digit raises in two years. This is a wide moat, and it is contractual rather than reputational: a net smelter return royalty is registered against the mining title, survives changes of operator (as it did when Eleonore passed to Dhilmar and CSA to Harmony Gold), and cannot be inflated away because OR pays no costs. There is no structural force eroding it.

What holds us back is three specific things, and the first two are new since June.

The cornerstone has a hole in it. On 1 July 2026 the Barnat open pit at Canadian Malartic - the source of the largest royalty in the book - was suspended after a wall movement. Agnico Eagle expects to lose 60,000 to 80,000 ounces in the second half of 2026 and up to approximately 150,000 ounces a year in both 2027 and 2028, which at a 5% royalty is up to 7,500 ounces a year, about 8% of a mid-range year, removed from exactly the years that bridge to 2030. OR said the same day that its guidance and five-year outlook were unchanged. The 2026 half of that survives at the bottom of the range; the middle years do not survive arithmetic. When a company answers a published operator disclosure with a reassurance rather than a number, that is the thing to test first, and the second-quarter call in the coming days is where it gets tested.

The capital discipline that was the 2025 investment case has reversed. Management spent the February 2026 call celebrating $25 million of restraint against a $9.3 billion sector, then committed $438.5 million across four deals in the following weeks and up to $96 million more to a Canadian Securities Exchange-listed copper developer in April - with gold between roughly $4,500 and $5,600 an ounce, against $4,154 today. Net cash of $90.6 million at 31 March became net debt of $139.4 million at 30 June. The screener bundle's instruction to add back $91 million of net cash is now a quarter and a sign out of date, and any valuation carrying it is overstated by about $1.20 a share. The buyback compounds the point: C$50.8 million in 2025 and C$17.7 million in the first quarter of 2026, the quarter the Toronto shares peaked at C$65.31, versus 26,000 shares when the stock was near $23 in 2024. This board buys high.

And the shares are not actually cheap. The screen's 15.7 times trailing earnings is an artefact: OR's reported earnings include non-cash gains, most visibly a $54 million Osisko Development revaluation in the third quarter of 2025, which is why the implied margin exceeds 100%. Cleaned to cash, the multiple is about 20 to 21 times - parity with Franco-Nevada at 20.6 and Wheaton at 21.0, and a premium to Royal Gold at 17.5 and Triple Flag at 15.1 - on lower returns than Wheaton and a more concentrated book. Reconciling the two sum-of-the-parts cases gives a base fair value near $35 a share, built almost entirely (95%) from the producing royalty book at a 2027 run-rate of 92,000 ounces on today's spot metals, at 19 times cash earnings, plus small credits for undeveloped royalties and the equity portfolio, less the new net debt. Against $31.19 that is roughly 12% of upside. The adverse case, with gold back at its 12-month low of $3,400 and multiples compressing, is about $20 - roughly a third lower - and nothing structural catches it, because there is no deal, no tender and no net cash any more.

So the timing call and the value call land in the same place for different reasons, and both land at neutral. On timing, the cornerstone is shut, the metal regime is neutral at best with gold below its 200-day average, the balance sheet just flipped, and results print within days - that argues for waiting. On pure valuation and forensic quality, ignoring all of that: clean books, a wide moat, a credible management record, and a 12% discount to fair value - a good business, an unremarkable price. Neither justifies a seat today.

The level we are waiting for is $27, near the 12-month low of $27.54, which would put the shares at roughly 15 times our base-case cash earnings and open a genuine margin of safety toward $35. The developments that would bring the entry forward without that price are a Barnat restart confirmed on schedule in the fourth quarter of 2026, or a second-quarter call in which management revises the 2027-2028 outlook honestly rather than repeating that nothing has changed. The development that would take this off the list entirely is a fifth acquisition financed with equity - which would say the balance sheet is no longer the advantage this company has spent two years telling us it is.",4,STABLE,"# OR Royalties Inc. (NYSE/TSX: OR) — Forensic Dossier

*Prepared 4 August 2026. Price used throughout: US$31.19 on the New York listing (the company reports in US dollars and the New York and Toronto listings share the ticker ""OR""; all figures below are US dollars unless a Canadian-dollar amount is explicitly marked).*

OR Royalties is not a miner. It owns royalty and streaming contracts — legal claims that entitle it to a fixed slice of the gold and silver that other companies dig out of the ground, without paying any of the mining costs. It has 23 to 24 paying assets, its single biggest being a 3% to 5% net smelter return royalty (a percentage of the revenue a mine earns from selling its metal) on Agnico Eagle's Canadian Malartic complex in Quebec.

---

## 1. Narrative arc

Across the six calls in evidence — February 2025 through February 2026 — the story moved through three distinct chapters, and the company was honest about each transition as it happened.

**Chapter one, ""fix the balance sheet"" (February 2025 to August 2025).** The opening call was a deleveraging story. Management had paid down almost $85 million of a revolving credit facility during 2024 and finished the year with $59 million of cash against just under $35 million of net debt. By the first quarter of 2025 net debt was ""just over $10 million""; by the second quarter the company was in net cash ""for the first time in several years""; by the third quarter it was, in the chief executive's words, ""in a debt-free position for the first time in over 10 years."" Three consecutive calls each delivered exactly the next step management had promised on the prior one. That is the single most credible sequence in the file.

**Chapter two, ""discipline as a virtue"" (August 2025 to February 2026).** As precious-metal prices ran, the emphasis shifted from repairing the balance sheet to refusing to spend it. Jason Attew, the chief executive, told the November 2025 call he continued ""to espouse an internal culture of capital allocation discipline, where returns on new transactions must exceed our internal hurdle rates at what we believe internally to be more realistic commodity pricing scenarios."" The February 2026 call turned that into a boast: the company transacted on ""only just $25 million in royalty and stream acquisitions"" in 2025, against more than $9.3 billion of deals across the sector. The phrase used was ""we prioritize value over volume,"" and the justification offered was structural: ""Because our near-term growth is already secured and fully funded, we possess a strategic advantage many peers lack, the luxury of walking away from bad deals.""

**Chapter three, ""spend it all"" (January 2026 onward).** This chapter is not in the transcripts — it is in the press releases, and it inverts chapter two. In a single quarter the company committed $438.5 million: an additional 1.0% royalty on the Namdini mine in Ghana for up to $103.5 million (29 January), a portfolio of eight royalties bought from Gold Fields for $115 million, anchored by a 1.5% royalty on Buenaventura's San Gabriel mine in Peru (18 February), and the Terraco Gold subsidiary holding royalties over the Spring Valley project in Nevada for $168 million cash (24 February). A fourth commitment followed on 14 April 2026: up to $96 million of project financing into Canadian Copper Inc., a Canadian Securities Exchange-listed developer of a base-metals complex in New Brunswick.

The growth drivers quietly dropped along the way are worth naming. Diamonds — the Renard mine — disappeared entirely between 2024 and 2025. Direct equity ownership of Osisko Development, the affiliated developer, was deliberately diluted from close to 50% down to 14.3% over 2024 and 2025, which management framed as a positive (""we were no longer going to be funding the Osisko Development, Cariboo through equity placements""). The growth drivers added are copper — first through the CSA mine stream, now through Canadian Copper — from a management that has said repeatedly and in plain terms, ""we are a precious metal vehicle.""

---

## 2. Claims versus financials (forensic)

| Management's claim | Where and when | What the numbers say | Verdict |
|---|---|---|---|
| Peer-leading cash margin near 97% | Every call in the file | Full-year 2025 cash margin $268.3 million on $277.4 million of revenue, or 96.7%. Second quarter of 2026: 96.8%. First quarter of 2026: 96.8% | Holds exactly. This is the cleanest claim in the file |
| Deleveraging to a debt-free balance sheet | Feb 2025 through Nov 2025 | Net debt just under $35 million at end-2024, $10 million at Q1 2025, net cash at Q2 2025, revolver fully repaid in Q3 2025 ($94.9 million of net repayments in 2025), $142.1 million of cash and no debt at 31 December 2025 | Delivered in full, on the stated schedule |
| Eighth consecutive year of higher cash flow per share | Feb 2026 call | Operating cash flow per share $0.20 (Q1 2024) to $0.25 (Q1 2025) to a record $245.6 million for full-year 2025; first-quarter 2026 operating cash flow up 56% year over year | Holds |
| ""2025 will be remembered as a year of discipline in our capital allocation… only just $25 million"" | Feb 2026 call | True for 2025. But $438.5 million was committed in the following quarter, and a further $96 million in April 2026 | True as stated, immediately superseded by behaviour |
| Net cash position, a strong balance sheet | Feb 2026 call; also the scan's own balance-sheet correction as at 31 March 2026 | Net cash of $90.6 million at 31 March 2026. **Net debt of $139.4 million at 30 June 2026** (cash $75.6 million), per the company's own 8 July preliminary release | The net-cash claim is now stale by one quarter. A $230 million swing in three months |
| Guidance delivered | Feb 2025, Feb 2026 | 2024: 80,740 ounces against a revised 77,000–83,000 range. 2025: 80,775 ounces against an 80,000–88,000 range, described as mid-range once normalised for the gold-to-silver ratio actually realised. 2026 first half: 43,497 ounces against an 80,000–90,000 range | Delivered, though 2025 landed at the bottom of the range on the unadjusted number |
| The Barnat pit incident leaves guidance and the five-year outlook ""unchanged"" | 2 July 2026 release | Agnico Eagle, the operator, said the same day it expects to lose 60,000 to 80,000 ounces in the second half of 2026 and **up to approximately 150,000 ounces per year in both 2027 and 2028**. At OR's 5% Barnat royalty that is roughly 3,000–4,000 ounces this year and up to 7,500 ounces a year in 2027 and 2028 — around 8% of a mid-range year | The 2026 claim survives at the bottom of the range. The five-year claim does not survive arithmetic in the middle years |

The most important divergence is the last one. Everything else in the file is a company describing itself accurately. The 2 July statement is a company describing away a number its own operating partner had just published.

A second, quieter divergence: the trailing-twelve-month earnings figure in the screener bundle carries an operating margin above 100%, which is arithmetically impossible for an operating business. It happens because reported earnings include non-cash gains — most visibly a $54 million mark-up on the Osisko Development stake in the third quarter of 2025, triggered by an accounting reclassification when OR's influence over that company fell away. Stripping those out, the honest cash figure is the 96.8% cash margin management quotes, and the trailing enterprise value to cash earnings multiple moves from roughly 16 times to roughly 20 times. Anyone screening on the reported figure is getting a materially cheaper-looking company than the one that exists.

---

## 3. Tone and confidence trajectory

**Stable, with a distinct hardening into 2026.**

*February 2025 — cautiously optimistic, with a hedge.* ""Not only does our long-term growth trajectory still spell great things coming for Osisko five years out… However, the slope of that growth is likely less steep than we previously anticipated."" That volunteered ""however"" is a good sign; it is a management team telling you the bad half before an analyst asks.

*May 2025 — confident, promotional at the margins.* The name change to OR Royalties was announced with a flourish: ""Commodity prices are elevated, our assets are performing well, the balance sheet is strong, and we're just getting started."" No analyst asked a single question on that call — a fact worth noting in itself.

*August 2025 — specific and measured.* Management quantified its own shortfall unprompted: ""approximately 1,200 GEOs that were not realized compared to our internal budget due to the higher gold/silver ratio."" Volunteering a miss of that size, in that detail, is the behaviour of a team that expects to be checked.

*November 2025 — defensive in the good sense.* The language turned toward what the company would not do: ""internal red lines regarding structural security and contract terms,"" ""we have the fortunate luxury to be able to walk away."" Attew gave Tanya Jakusconek of Scotiabank an unusually concrete answer on the cost of capital — ""approximately, it's about 4.5% in terms of our cost of capital or cost of debt"" — and named a real precedent, the mid-teens internal rate of return on the Cascabel transaction.

*February 2026 — the most promotional call in the file.* ""The enviable triple crown of record annual revenues… record operating cash flow… and record earnings."" ""For us, 2025 prove that boring is good."" A ""50% growth trajectory through to 2030."" This was delivered two days before the shares set a 12-month high on the Toronto listing at C$65.31.

The shift is not from offence to defence. It is from a repair story told plainly to a growth story told with more adjectives, arriving exactly at the top of the price cycle.

---

## 4. Guidance credibility

**High, with one live exception.**

The delivery record is genuinely good and covers three separate promise types.

*Volume guidance.* 2024: 80,740 ounces against 77,000–83,000, slightly above the midpoint of a range that had itself been revised down during the year. 2025: 80,775 against 80,000–88,000 — inside, at the bottom on the raw number, mid-range once adjusted for the gold-to-silver ratio actually realised versus the 83-to-1 assumed. Management flagged that ratio drag twice before the year ended, in August and again in November, rather than explaining it after the fact. That is the opposite of sandbagging: they told you the number would look soft and why, and it did.

*Balance-sheet guidance.* Every step promised was delivered on the call it was promised for. See section 2.

*Dividend guidance.* In February 2025 management said that come May ""there should be a recommendation by this management team to our Board to increase our dividend."" The board approved a 20% increase in May 2025. In February 2026 management pre-announced the same intention for the first quarter results; an 18.2% increase to $0.065 per share followed on 6 May 2026. Forty-six consecutive quarterly dividends, and inclusion in the Canadian dividend-aristocrat index in January 2026.

*The exception.* The 2030 outlook published in February 2026 — 120,000 to 135,000 ounces — landed below what analysts expected. Derick Ma of TD said so directly: ""Guidance came in below expectations and at least certainly below my estimates."" That is the first guidance event in the file that disappointed, and it came after a year of ""50% growth"" messaging. Reaffirming that same outlook as ""unchanged"" on 2 July, hours after the operator of the cornerstone asset published a two-year production hole, is the one place where the credibility record is exposed.

**Reliability score: High**, downgraded from the top mark solely by the 2 July reaffirmation.

---

## 5. Analyst pressure points

Analysts pushed on three things, repeatedly, across every call.

**Deal size, and the refusal to narrow it.** Tanya Jakusconek of Scotiabank asked the same question four times across four calls and got a wider answer each time. February 2025: ""$50 million and $500 million."" August 2025: ""somewhere around USD 35 million all the way up to close to the USD $1 billion."" November 2025: her own words were ""you can drive a truck through that,"" and the answer came back to ""$50 million and $500 million."" February 2026: ""$100 million to $200 million, but we're also seeing opportunities from $750 million all the way up to $1 billion."" A range that will not converge over a full year is a range that is not a plan. It is also the range within which they subsequently spent $438.5 million in a single quarter.

**The hurdle rate.** Jakusconek pressed in November 2025 for the actual internal rate of return required. The answer began with a deflection — ""maybe we can take this conversation offline"" — before landing on a genuine number (a spread over roughly 4.5%, with a mid-teens precedent). Partial credit: he did eventually answer, but the reflex was to move it off the record.

**Mantos Blancos silver grades.** This came up on five of six calls and never resolved. February 2025: throughput fixed, ""Capstone has officially turned the corner."" May 2025: ""lower silver grades at the front of the year,"" grades expected to ""trend back upwards."" August 2025: grades still low, and the Phase 2 feasibility study slipped from the fourth quarter of 2025 into 2026. November 2025: grades improved, but for ""approximately a month's worth."" February 2026: ""we've continued to see some quarterly variability of the processed silver grades,"" and 2026 was guided flat. Brian MacArthur of Raymond James put the unspoken part on the record in February 2026: ""just given the reconciliation that we've been seeing or not seeing."" Reconciliation is the comparison between the grade a geological model predicts and the grade the mill actually recovers. When it persistently disappoints, the model is wrong. Management has guided this asset flat to 2030 rather than fix the estimate — which is prudent, but also means a stream carrying a large share of revenue is one the operator cannot yet predict.

**What nobody asked about that mattered.** No analyst in the file pressed on wall stability or geotechnical risk at Barnat, the pit that produces the ounces underpinning the largest royalty. That risk was not hidden — Agnico later disclosed the failed area ""had been previously identified as having weaker geological structures within the north wall"" and was under enhanced monitoring — but it was never a topic on an OR call.

---

## 6. Red flags and green flags

**Red flags**

- *The discipline whipsaw (January to April 2026).* A company that spent the February 2026 call celebrating $25 million of restraint committed $438.5 million over the following weeks, plus up to $96 million more in April. The deals were struck while gold traded between roughly $4,500 and $5,600 an ounce, the top of its range; gold is $4,154 today, and silver has fallen from a 12-month high of $121 to $60. Buying royalties is buying a claim on a metal price; buying them at the top is the sector's oldest mistake.
- *Net cash to net debt in one quarter (31 March to 30 June 2026).* From $90.6 million of net cash to $139.4 million of net debt, a $230 million reversal. The screener bundle's instruction to treat net cash of $91 million as a valuation add-back is now wrong by a quarter and by a sign.
- *Buying back stock into strength, not weakness.* C$50.8 million repurchased across 2025 and a further C$17.7 million (US$12.9 million) in the first quarter of 2026 — the quarter in which the Toronto shares set a 12-month high of C$65.31 on 27 February. In 2024, by contrast, when the shares were ""slightly below $23"" after a disappointment, the company bought ""a whopping 26,000 shares,"" which Attew himself conceded ""wasn't much."" The buyback has been countercyclical in exactly the wrong direction.
- *Drift from the stated mandate.* ""We are a precious metal vehicle. We'll continue to be a precious metal vehicle"" (February 2025). In April 2026 the company committed up to $96 million to a base-metals developer listed on the Canadian Securities Exchange.
- *""Outlook unchanged"" on 2 July 2026.* Discussed above. It is one sentence, but it is the sentence a director should test first.

**Green flags**

- *The cash margin is real and it is the best in its peer group.* 96.7% for 2025, 96.8% in the second quarter of 2026, and it has not moved in either direction across the file. This is what a royalty is supposed to look like and many do not.
- *Every balance-sheet promise was kept, in order, on time.* Three consecutive calls, three delivered steps to debt-free.
- *Jurisdiction quality is genuinely differentiated.* Just under 75% of 2025 ounces came from Canada, the United States and Australia, closer to 90% including Chile. In a sector where the cheapest assets are cheap for reasons that show up as expropriation risk, this is a durable advantage, and it survived the 2026 buying spree (San Gabriel adds Peru; Spring Valley adds Nevada).
- *Management volunteers its own shortfalls.* The 1,200-ounce ratio miss in August 2025 and the ""slope of that growth is likely less steep"" hedge in February 2025 were both unprompted.
- *Growth is bought and paid for.* Whatever one thinks of the price, Namdini, San Gabriel, Dalgaranga and Spring Valley are owned. The path from 80,000–90,000 ounces this year to 120,000–135,000 in 2030 does not require another cheque.

---

## 7. Hidden signals

**""Producing"" quietly became ""producing and/or paying.""** In February 2025 management drew the distinction itself: 21 producing assets, or 20 ""if Namdini is excluded,"" because a mine can pour gold months before a royalty holder sees a payment. Namdini poured first gold in November 2024 and OR's first payment — 130 ounces — arrived in the second quarter of 2025. The asset-count metric is therefore softer than it sounds, and it has since climbed to 23 and then 24 partly by counting assets in ramp-up. San Gabriel and Dalgaranga are both described as ""ramping up this year and the next and growing into a material contributor from 2028 onwards."" The count is up; the ounces from those additions are two years out.

**The equity portfolio is a shrinking, unhedged asset.** Long-term investments stood at $210.5 million at 31 March 2026. The largest identified piece is roughly 14.3% of Osisko Development, whose shares trade at $2.28 today against a 12-month high of $4.795 — down more than half. Whatever that line was worth at the March balance-sheet date, it is worth materially less now, and none of it produces cash.

**Elliott Management appeared and then went quiet.** Asked in August 2025, Attew confirmed ""the last public disclosure that we see is Elliott owns 2.2 million OR Royalties shares"" — roughly 1.2% of the company — and no further filing has surfaced. Two board seats changed hands in early 2026 (Kevin Thomson appointed and William Murray John resigned on 30 January; Patrick Godin appointed on 23 March). That is a board refresh, not visibly a proxy fight, and nothing in the file establishes a link.

**The copper option nobody is modelling.** Carey MacRury of Canaccord asked in November 2025 whether the buydown option on the CSA copper stream — the operator's right to buy back part of the stream — transferred when Harmony Gold took over from MAC Copper. It did, unchanged, exercisable from the fifth anniversary. A stream that can be repurchased by the operator is a shorter asset than one that cannot, and its value depends on a decision by a counterparty that has just told the market it will run CSA for the long term rather than push volumes.

---

## 8. Capital-allocation verdict

**Trajectory: Stable.**

The operating engine is exactly what management says it is. The margin is real, the guidance record is honest, the balance sheet was genuinely repaired, and the growth to 2030 is already owned rather than promised. Nothing in the file suggests a company misrepresenting itself.

What changed is not the business. It is the price paid for the next tranche of it. A management team that spent a full year explaining, persuasively, why it would not chase the market then wrote $438.5 million of cheques in one quarter at the top of the metal cycle, turned net cash into $139.4 million of net debt doing it, and bought back its own shares at a 12-month high while it was at it. None of those is fatal. Together they say that the discipline described in November 2025 was a description of conditions, not of temperament.

**The single most important thing to weigh before sizing.** Not the gold price — the cornerstone. Canadian Malartic is the largest royalty in the book by a wide margin, and its open pit is shut. The operator says remediation finishes in the third quarter of 2026, mining resumes in the fourth, and up to 150,000 ounces a year are lost in both 2027 and 2028 regardless. The company's answer, published the same day, was that nothing changes. A director should price the two-year hole explicitly rather than accept the reassurance, and should treat the underground Odyssey mine — untouched by the incident, and the reason Agnico still expects a million ounces a year from the complex in the early 2030s — as the reason the long-dated value survives.

**Economic moat: wide, and stable.** The moat is contractual. A net smelter return royalty is an encumbrance registered against a mining title; it runs with the property, survives changes of operator (as Éléonore and CSA both demonstrated, passing to Dhilmar and Harmony Gold with no change to OR's terms), and cannot be competed away or inflated away, because OR pays none of the costs. The evidence supports width rather than erosion: return on equity of 19.9% and return on invested capital of 13.9% on the trailing year, both improved on 2024, with the cash margin flat at the top of its peer group. The honest limit on that moat is that it protects the assets already owned and does nothing to protect the price of the next one — royalty companies have no organic growth and must buy it against rivals with lower costs of capital, which is precisely where the 2026 spending sits.

**Secular threat: none.** There is no structural force eroding the terminal value of a claim on ounces in Quebec, Nevada and Western Australia. The reserve lives behind these contracts are long — management describes deploying capital ""in assets with 15- to 25-year mine lives,"" and Odyssey alone underpins Canadian Malartic into the 2040s. The risk here is cyclical, not terminal: the metal price, and the price paid for new contracts. Cheapness in this name, where it exists, would be a cycle print rather than a melting base — but on today's numbers the cheapness is thinner than the screen suggests, because the reported earnings figure that makes it look cheap is inflated by non-cash gains.

CREDIBILITY_SCORE: 4 | TRAJECTORY: STABLE | MOAT: WIDE | MOAT_TREND: STABLE | SECULAR_THREAT: none
"
2,RIO,Basic Materials,82,copper_mining; diversified_miners,copper_mining,copper_mining,producer,"Mines and ships iron ore, copper concentrate and cathode, and bauxite and aluminium from operations on five continents.","Diversified major - iron ore about 55% of revenue, plus copper, aluminium and lithium - selling raw ore, concentrate and metal; legal two-chain membership within this book.","Rio Tinto is the cheapest of the large diversified miners once its earnings are measured correctly, holds a first-quartile cost position in both of its main businesses, and for the first time earns more than half its profit from copper, aluminium and lithium rather than iron ore.","The screen's 36.2% margin is a data artifact - Rio reports half-yearly and the automated trailing calculation summed four reporting periods instead of two - so the verified figure is used: roughly 46% ($28.6B of underlying cash operating profit on $61.7B of revenue), with Pilbara iron ore guided at $23.5-25.0 a tonne against a seaborne price near $93, and copper net unit costs cut to 30-50 cents a pound on 15 July 2026 from 65-75 cents. Iron ore, not copper, drives the torque figure: a plus-or-minus 10% commodity move swings cash profit by plus-or-minus 24.9%, and the minus 24.9% is the number to hold in mind, because part of that copper cost cut is a record gold by-product credit that reverses if gold falls.","Multi-decade Pilbara reserves plus Simandou's 1.5 billion tonnes at 65-66% iron with about twenty years of life and Gudai-Darri with more than forty; copper life extends through Oyu Tolgoi averaging about 500,000 tonnes a year from 2028 to 2036. Iron ore sells on an index, so no contracted book cushions the downside torque above.","Net debt of $14.1B against about $28.6B of annual underlying cash profit - roughly half a turn - and this cycle it walked away from a Glencore merger on price, bought Arcadium near the lithium bottom, and refused to be a forced seller of its titanium dioxide and borates units. The counterweight is history: Alcan in 2007 is the sector's canonical top-of-cycle purchase, and Simandou is a large build into a strong tape.","Base fair value of $104 against a $99.08 price and a reconciled margin-of-safety reading of about plus 2.5% - thin, so the guard passes without granting anything. The adverse case at $62 is 37% below. The cheapness that does exist is genuine rather than accounting: on the corrected earnings base this is about 7.2 times enterprise value to cash profit against BHP at 8.6 and Southern Copper at 16.7.",0.3619,q3_above_median,0.249,"Widening margin on rising revenue — the healthiest combination available. First-half 2026 gross margin of 28.0% ($8.70B on $31.02B of revenue) against 25.0% a year earlier ($6.77B on $27.10B), so revenue rose 14.5% while gross margin added about 300 basis points. On the company's own underlying measure the effect is larger: cash operating profit of $14.8B on $31.0B is a 47.8% margin, against 42.9% in the first half of 2025, roughly 490 basis points of expansion.",0.074,,0.5,HGUSD,0.69,18.6,strong,False,False,False,"{""copper_mining"": ""NEUTRAL"", ""diversified_miners"": ""NEUTRAL""}","Both chains it rides read neutral in the cycle sidecar. Its iron-ore half is the leg most exposed to Chinese steel demand, and the reconciled valuation already discounts that structurally by valuing iron ore at 5.0 times against 8.5 times for copper; the copper and aluminium halves are what earn the seat.","A phase of imposed positive real rates rewards payback speed, and this is a business that paid a $3.4B interim dividend out of $3.8B of first-half free cash flow. It is also the seat most open to the criticism the phase note makes: Simandou and lithium are resource optionality, which is the cohort the phase disfavours, so the seat is opened below a full unit and entered on weakness.",,2.5,,EXCLUDE_ELIGIBILITY,global-growth-china-demand; china-steel-iron-ore,37.5,0.357,12.5,True,2 tranches / 2 wks,78.0,62.0,B,3,SOFT_EXTENDED,"$104 per share (base case), against $99.08 on 4 August 2026 — roughly 5% of upside.","Base case, valuing each business line separately on forward annual cash operating profit of about $28.5B (first-half 2026 run-rate, adjusted for modest commodity mean-reversion offset by the Simandou and Oyu Tolgoi ramps and the $1.8B productivity target):

- Iron ore $13.5B at 5.0 times = $67.5B. Pilbara at 323–338 million tonnes with unit costs of $23.5–25.0 a tonne against a price near $93, plus the Simandou ramp and the Canadian operation. The 5.0 times multiple sits between BHP's iron-ore-weighted 8.6 times group multiple and Vale's 8.4, discounted for the structural decline in Chinese steel demand.
- Copper $10.5B at 8.5 times = $89.3B. Oyu Tolgoi ramping toward 500,000 tonnes a year, Kennecott, Escondida's share, at net unit costs of 30–50 cents a pound. The multiple is deliberately below Freeport-McMoRan (11.5 times) and far below Southern Copper (16.7 times) to reflect Mongolian jurisdiction risk, Kennecott's operating record, and the fact that the buyer is acquiring it inside a conglomerate.
- Aluminium $5.5B at 5.5 times = $30.3B. Integrated bauxite, alumina and smelting with a hydro-powered Canadian base and the $1.5B AP60 expansion commissioning through 2026.
- Lithium $6.0B on asset value rather than a multiple — the business earns only about $0.2B a half against roughly 200,000 tonnes of capacity targeted for 2028, so a near-cost mark against the roughly $6.7B Arcadium purchase is the honest treatment.
- Industrial minerals (titanium dioxide and borates) $4.5B, marked to the announced capital-release process rather than to earnings; published estimates put the titanium dioxide business at $1.9–2.3B against $3.3B of capital employed, and management has explicitly refused to be a forced seller.
- Undeveloped growth options (Rhodes Ridge, Resolution, La Granja, Winu, Nuevo Cobre) $8.0B — real but unpermitted and unbuilt.
- Central and exploration costs of about $2.6B a year capitalised at 6 times = minus $15.6B.

Gross enterprise value about $190B. Deduct net debt of $14.1B (company-reported at 30 June 2026; the balance-sheet recomputation of $13.35B including leases is immaterially different) and about $6B for outside partners' interests — kept deliberately modest because Mongolia's 34% of Oyu Tolgoi is funded by a shareholder loan Rio carries, so Rio economically receives close to the whole cash flow until that loan is repaid. Equity of about $170B across 1,640 million shares (the diluted count across both the London and Australian lines of the dual-listed structure) gives $103.5, rounded to $104.

Sanity check against the peers named in the chain map: this implies about 6.7 times enterprise value to cash operating profit for the whole company, against Rio's current 7.2, BHP's 8.6, Vale's 8.4, Freeport-McMoRan's 11.5 and Southern Copper's 16.7 (FMP, 4 August 2026). In other words the base case does not assume the discount closes — it assumes it narrows only slightly, which is the appropriate posture for a structure whose dual listing has resisted resolution through an activist campaign.","Poor at today's price, and that is the whole conclusion. From $99.08 the base-case fair value of $104 is about $5 above, while the adverse case of $62 is about $37 below — roughly seven dollars of identified downside for every dollar of base-case upside. The favourable case of $132 restores a workable ratio, but it requires copper to hold near $6.65 a pound and the aluminium regional premium to survive, neither of which is a business decision Rio controls. The asymmetry is structurally unattractive after a 66% run from the 52-week low of $59.49, with the shares within 12% of their 52-week high. This is a first-rate business at a fair price, not a discount.","BHP, VALE, GLEN, FCX, SCCO, TECK, S32","Rio Tinto is the cheapest of the large diversified miners at a moment when it is finally delivering on three things it has promised for years: cost, diversification and growth. On enterprise value to trailing cash operating profit (enterprise value being market capitalisation plus net debt), it trades at about 7.2 times against BHP at 8.6, Vale at 8.4, Freeport-McMoRan at 11.5 and Southern Copper at 16.7 (FMP data, 4 August 2026). Berenberg, upgrading to Buy on 8,600 pence in late July 2026, put the forward gap at 5.3 times against BHP's 6.8; Goldman Sachs, upgrading to Buy the same week, put Rio at 0.65 times net asset value against peers at 0.9.

The delivery is real and dated. First-half 2026 underlying cash operating profit rose 28% to $14.8B and free cash flow rose 75% to $3.8B, funding an interim dividend of $3.4B (211.0 US cents per share), up 43%. The productivity programme promised $650M by the end of the first quarter; $870M was banked by 30 June, and the year-end run-rate target has been nearly tripled to $1.8B. Chief executive Simon Trott is quantifying rather than asserting — 'I told you I'd deliver $650 million in productivity benefits, and we've delivered.'

The portfolio has genuinely changed shape. Copper, aluminium and lithium supplied more than half of first-half earnings for the first time. Copper cash profit rose 84% to $5.7B on the Oyu Tolgoi ramp and higher prices, with a path to one million tonnes of copper a year by 2030 (Oyu Tolgoi averaging about 500,000 tonnes a year between 2028 and 2036, Kennecott targeting 40–50% production growth). Net unit costs of 30–50 US cents a pound sit at the very bottom of the global copper cost curve. Aluminium delivered $3.1B of cash profit on realised prices of $4,343 a tonne, with the $1.5B AP60 smelter expansion in Quebec commissioning through 2026 for a further 160,000 tonnes of low-carbon metal. Lithium quadrupled off a small base, with roughly 200,000 tonnes a year of capacity targeted by 2028 from an Arcadium acquisition made near the bottom of the lithium cycle.

The asset base is close to irreplaceable. Sixty years and eight billion tonnes shipped from the Pilbara, backed by integrated rail, port and power that no competitor can rebuild with capital alone. Simandou in Guinea holds 1.5 billion tonnes of reserves grading 65–66% iron — high-grade ore that earns a premium as steelmakers decarbonise — with mine and port more than three-quarters complete, first high-grade sales achieved in April 2026, and roughly twenty years of mine life at full rate. Gudai-Darri alone carries more than forty years of life; Western Range sustains Pilbara output for twenty.

Capital discipline is the differentiator against the sector's history. Rio held merger talks with Glencore and walked away on valuation: 'strategic rationales don't pay the grocery bills' (February 2026). It has declined to be a forced seller of its titanium dioxide and borates businesses. Net debt is $14.1B against roughly $28.6B of underlying annual cash profit — about half a year's earnings — and it fell in the first half despite $5B of capital spending and $4.2B of dividends paid. Capital spending is guided down, not up, from up to $11B in 2026–27 to $10B in real terms from 2028. A $5B capital release is targeted for 2026 against a pipeline above $10B.

Conditions that must hold: copper above roughly $5.50 a pound and iron ore above roughly $85 a tonne; the Oyu Tolgoi ramp staying on plan through the Mongolian arbitration; Simandou completing to the end-2027 schedule without further cost or safety setbacks; and the $1.8B productivity run-rate converting to reported cash rather than being absorbed by cost inflation.","You are being asked to buy a first-quartile cost position at a moment when the prices it earns are anything but first-quartile normal. Copper sits at about $6.65 a pound, aluminium realisations at $4,343 a tonne (well above a London Metal Exchange price near $3,416, the gap being a tariff-driven regional premium that policy can remove overnight), and gold at about $4,152 an ounce. Only iron ore, at about $93 a tonne, is anywhere near a normal level. The shares have risen about 66% from a 52-week low of $59.49 and sit within 12% of a 52-week high of $112.58.

The torque cuts both ways and the number is large. The internal measure puts a 10% move in the commodity basket at roughly a 25% swing in cash operating profit; a bottom-up check against Rio's own volumes — roughly 330 million tonnes of iron ore, roughly 1.9 billion pounds of attributable copper, roughly 3.3 million tonnes of aluminium — lands near 20%. Either way a 10% adverse move costs about $5.5B of annual cash profit, and at six times that is about $33B of enterprise value, or roughly $20 a share. A genuine cycle turn is a multiple of that, because multiples compress at the same time earnings fall.

The copper cost story is partly a gold story. Rio cut its copper net unit cost guidance on 15 July 2026 to 30–50 cents a pound from 65–75 cents, and its own stated reason is 'higher than expected gold prices and productivity improvements'. Gold reverting toward $3,000 an ounce would push guidance back up by roughly 25–30 cents a pound — about $0.6B of annual cash profit — with no operational deterioration whatsoever.

Iron ore is a structurally shrinking market and Rio is adding to its supply. Management has repeatedly stated that Chinese steel demand is down as much as 30% from its 2020 peak. Iron ore still supplied about 46% of first-half earnings. Into that market Rio is commissioning Simandou at 60 million tonnes a year — high-grade ore that will earn a good margin on its own tonnes while pressuring the price Rio receives on the other 330 million. The 2024 promise of 345–360 million tonnes from the Pilbara has already quietly become 323–338 million tonnes, with Greater Nammuldi flagged as an approvals and heritage risk since July 2024 and still unresolved.

Operational and jurisdictional risks are live, not theoretical. A furnace breach at Kennecott in late June 2026 pushes metal sales into 2027 — and Kennecott has been the company's named problem asset on every call reviewed since July 2024, yet is now assigned 40–50% production growth. Mongolia has roughly $900M of tax claims against Oyu Tolgoi in formal arbitration, and Oyu Tolgoi is the single asset carrying the copper growth thesis. Two colleagues died in the first half of 2026, one at Simandou in February; the company halted site works and commissioned an external safety panel, which is the right response but signals schedule risk on the largest greenfield build in the industry.

Capital spending has roughly doubled from the early-2020s base to up to $11B a year, at the top of a price cycle. That is the exact pattern that destroyed shareholder capital in this sector in 2011–2015. Sustaining capital alone is about $4B. And the dual-listed company structure remains unresolved despite activist pressure from Palliser, with management refusing to show the arithmetic behind its claimed roughly $5B unification cost — a persistent, unexplained reason the shares may simply never close the gap to a sum-of-the-parts value.

Finally, a data warning that changes the arithmetic. The automated metrics supplied with this name are inflated by a factor of two, because Rio reports half-yearly and the trailing-twelve-month calculation summed four reporting periods — twenty-four months of trading. True trailing revenue is $61.7B (not $115.6B), free cash flow $5.76B (not $10.97B) and diluted earnings per share $7.37 (not $13.67). At $99.08 that is roughly 13.4 times earnings and a 3.6% free-cash-flow yield, not the 7.2 times and 6.8% the raw bundle implies. This is not a cheap stock; it is a fairly priced one.

What would confirm the bear case: copper closing below $5.00 a pound; the aluminium regional premium collapsing on a tariff change; a Simandou schedule slip past end-2027 or a further safety stoppage; an adverse Mongolian arbitration ruling; or capital spending exceeding the $11B ceiling.","Favourable sum-of-the-parts (valuing each business line separately): $132 per share. Assumes commodity prices hold near current levels, the growth projects land on schedule, the $1.8B productivity run-rate is achieved and extended, and asset sales clear near the top of the $5–10B range.

Forward annual cash operating profit of roughly $33B, valued part by part: iron ore $15.0B at 5.25 times = $79B (Pilbara at 330–338 million tonnes plus Simandou at full 60 million tonnes and the Canadian operation, at a multiple between BHP's iron ore and Vale's); copper $13.0B at 9.0 times = $117B (Oyu Tolgoi at 500,000 tonnes a year, Kennecott up 40–50%, Escondida's share, on a multiple still well below Freeport-McMoRan at 11.5 and Southern Copper at 16.7); aluminium $6.5B at 5.75 times = $37B (integrated bauxite-to-metal with hydro-powered Canadian smelting and the AP60 expansion); lithium valued on its asset base at $8B (roughly 200,000 tonnes of capacity by 2028, above the roughly $6.7B Arcadium purchase price); industrial minerals — titanium dioxide and borates — at $6.0B on the top of the announced sale range; and the undeveloped growth pipeline (Rhodes Ridge, Resolution, La Granja, Winu, Nuevo Cobre) at $12B of option value. Against these, central and exploration costs of about $2.6B a year capitalised at 6 times = minus $16B.

Gross enterprise value about $243B, less net debt of $14.1B and about $6B for outside partners' interests, gives roughly $223B of equity across about 1,640 million shares = $136 per share. Rounded down to $132 to avoid double-counting peak earnings against expanded multiples.","Adverse sum-of-the-parts, assuming the commodity cycle turns against it: $62 per share — close to the 52-week low of $59.49 and a roughly 37% drawdown from $99.08.

The adverse case prices copper back to $5.00 a pound, iron ore to $80 a tonne, aluminium to $3,100 a tonne with the tariff-driven regional premium gone, and gold to $3,400 an ounce (which alone pushes copper unit costs back toward the old 65–75 cent guidance). That is roughly a 15–20% adverse move across the basket, which on the verified torque of about 20–25% of cash profit per 10% move implies about a 30% fall in earnings — from roughly $28.5B to roughly $20.2B a year. Multiples compress at the same time, which is what makes mining drawdowns non-linear.

Parts: iron ore $10.0B at 4.75 times = $47.5B (at $80 a tonne the Pilbara margin falls to roughly $30 a tonne after unit costs of $23.5–25.0, freight, royalties and sustaining capital); copper $8.0B at 7.5 times = $60B; aluminium $3.8B at 5.0 times = $19B; lithium written down to $4B; industrial minerals at $3B on a failed or distressed sale process, consistent with published estimates of $1.9–2.3B for the titanium dioxide business against $3.3B of capital employed; growth options cut to $4B, since undeveloped projects are worth little when the cycle turns; central costs of $2.6B capitalised at 5.5 times = minus $14.3B.

Gross enterprise value about $123B, less net debt rising to roughly $16B as up-to-$11B annual capital spending continues into the downturn, less about $5B for outside partners, gives roughly $102B of equity across 1,640 million shares = $62 per share.

A deeper tail exists and should be named rather than modelled: a full 2015-style bust — copper at $4.00, iron ore at $65 — would take the parts below $45 a share. That is not the eighteen-month base case, but it is the reason position size matters more than thesis quality here.","There are three places where the market's working assumptions are demonstrably wrong, and only one of them favours the buyer.

First, and most concretely for this system: the automated data feeding this name is inflated by exactly a factor of two. Rio reports half-yearly rather than quarterly, so the trailing-twelve-month calculation summed four reporting periods — twenty-four months of trading. The four half-year figures reconcile to the bundle to the decimal: revenue of $31.02B, $30.65B, $27.10B and $26.86B sum to the stated $115.63B; free cash flow of $3.23B, $2.53B, $2.26B and $2.94B sum to the stated $10.97B; diluted earnings per share of $4.06, $3.31, $2.79 and $3.51 sum to the stated $13.67. The true trailing twelve months are revenue of $61.7B, cash operating profit of $23.4B on the statutory measure (about $28.6B on the company's underlying measure), free cash flow of $5.76B and diluted earnings per share of $7.37. At $99.08 that is roughly 13.4 times earnings and a 3.6% free-cash-flow yield — not the 7.2 times and 6.8% the bundle implies. Any process that sized this position off the raw feed would have bought a company it believed was half as expensive as it is.

Second, in the buyer's favour: the street is still pricing Rio as an iron ore company. That was true and is no longer. Copper, aluminium and lithium supplied more than half of first-half 2026 cash operating profit; copper alone earned $5.7B against iron ore's $6.8B and grew 84% while iron ore was flat. Rio's copper business, at net unit costs of 30–50 cents a pound and heading toward one million tonnes a year by 2030, is comparable in scale to Freeport-McMoRan, which the market values at 11.5 times cash profit against Rio's 7.2 for the whole group. The consensus price-target set is also unusually thin and stale — only one target printed in the last quarter (Richard Hatch at $113 on 30 July), against a $105.50 average that still carries Bernstein's $83.50 from April and $77 from March. A thin, stale target set is not a street-wide view, and both Berenberg and Goldman Sachs upgraded in the past week on precisely the parts-versus-whole argument.

Third, and against the buyer: the market is treating record commodity prices as a run-rate. Copper at about $6.65 a pound, aluminium realisations at $4,343 a tonne against a London Metal Exchange price near $3,416, and gold at about $4,152 an ounce are not normal conditions. The gold price is quietly doing real work — Rio's own explanation for cutting copper unit cost guidance on 15 July 2026 to 30–50 cents from 65–75 cents was 'higher than expected gold prices and productivity improvements'. A cost guide that moves with a metal price is not a cost position. The honest reconciliation of all three points is that Rio is a better company than the market thinks and a more expensive stock than the data said — and those two errors happen to cancel out to roughly fair value.","Rio Tinto is a better business than it was two years ago and a fully priced stock today. Both halves of that sentence matter.

The business case is strong and it is verified rather than asserted. First-half 2026 cash operating profit rose 28% to $14.8B and free cash flow 75% to $3.8B. The productivity programme promised $650M and banked $870M by June, with the year-end target nearly tripled to $1.8B. Copper, aluminium and lithium supplied more than half of group earnings for the first time — the diversification management has been promising since 2024 has actually landed. The cost position is first-quartile on both main legs and I have checked it against company-reported guidance rather than proxies: Pilbara iron ore at $23.5–25.0 a tonne against a seaborne price near $93, and copper net unit costs cut to 30–50 US cents a pound on 15 July 2026. The moat is a genuine scale-cost moat — sixty years of integrated Pilbara rail, port and power across eight billion tonnes shipped, Simandou's 1.5 billion tonnes at 65–66% iron with roughly twenty years of life, Gudai-Darri with more than forty. And the capital discipline is better than the sector's reputation deserves: Rio walked away from a Glencore merger on price, bought Arcadium near the lithium bottom, has refused to be a forced seller of its titanium dioxide and borates units, and carries net debt of $14.1B against about $28.6B of underlying annual cash profit.

Two things stop this being a buy.

The first is a data correction that changes the entire arithmetic. Every trailing figure in the automated bundle is a twenty-four-month sum, because Rio reports half-yearly and the calculation added four reporting periods. Verified trailing revenue is $61.7B, not $115.6B; free cash flow $5.76B, not $10.97B; diluted earnings per share $7.37, not $13.67. At $99.08 this is roughly 13.4 times earnings and a 3.6% free-cash-flow yield. The proxy said cheap; the company's own filings say fair.

The second is that the sum of the parts, built honestly on peer multiples, lands at $104 — about 5% above the $99.08 traded on 4 August 2026. The parts are worth more than the whole in kind but not by much in degree, and the structure that suppresses the gap is the dual-listed arrangement, which management has explicitly declined to unify after activist pressure. Against that 5% of base-case upside sits an adverse case at $62. The torque is not an assertion: a 10% adverse move across the basket costs roughly $5.5B of annual cash profit, about $20 a share of enterprise value, and I have checked the internal 25% figure bottom-up against Rio's own volumes at roughly 20%. Copper at $6.65 a pound, gold at $4,152 an ounce feeding the copper cost credit, and an aluminium realisation carrying roughly $900 a tonne of tariff-driven premium are all sitting at or near historic extremes. The shares have risen about 66% from their 52-week low and sit within 12% of the high, on a day the entire cohort rallied on falling oil.

So: wait for the wash-out, and here is the specific level and development rather than a vague hope for one. The level is **$78–82 a share** — roughly a 20% drawdown, which is what a single 10% adverse move in the commodity basket plus modest multiple compression produces, and which puts the base-case fair value of $104 at an honest 25%-plus discount. Bernstein's $83.50 target, published in April 2026, sits in that band. Alternatively, buy without the drawdown if the company supplies the missing ingredient: a completed $5B capital release with proceeds committed to a buyback at 0.65 times net asset value, confirmed at the February 2027 full-year result. Either the price comes to the parts or the company forces the parts onto the price. Until one of those happens, the asymmetry is roughly seven to one against, and no amount of asset quality fixes an entry price.

On the value case judged purely on price against the parts and on forensic quality, the score is a middling three rather than a buy: the forensics are clean, management's guidance record is strong, and the moat is wide and stable — but a 5% discount to fair value is not a margin of safety, and the discount that does exist is held open by a listing structure the board has refused to change.",4,STRENGTHENING,"# Forensic dossier — Rio Tinto Group (RIO)

**Prepared 4 August 2026. Price used throughout: $99.08 on the New York listing (the American depositary share, which represents one Rio Tinto plc ordinary share), up 3.3% on the day. The London line closed at 7,313 pence. Every figure below is in US dollars unless stated.**

Transcripts reviewed: 30 July 2024 (2024 half-year), 19 February 2025 (2024 full year), 19 February 2026 (2025 full year), 28 July 2026 (2026 half-year).

---

## 1. Narrative arc

Across four calls the story does not merely evolve — it changes owner and changes register.

**2024 (Jakob Stausholm, chief executive).** The framing is abstract and values-led: four objectives (""best operator, impeccable ESG, excel in development, social licence""). Growth is asserted rather than counted — ""we are profitable, and we are growing… this is stable, reliable growth."" The hard numbers are modest: half-year underlying earnings before interest, tax, depreciation and amortisation (EBITDA — a rough measure of cash operating profit) of $12.1B, up 3%; free cash flow of $2.8B; net debt of $5.1B. The single concrete event is the July 2024 sanctioning of Simandou, the Guinean iron ore project, described as ""the largest greenfield mining and infrastructure project in the world.""

**Early 2025.** The word that arrives is *diversification*: ""the diversification towards copper, aluminium and lithium is happening at pace."" Full-year EBITDA of $23.3B was down 2% on an 11% lower iron ore price, and management leans hard on the offset from copper and aluminium. Capital spending steps up to $9.5B and net debt drifts to $5.5B. The Arcadium lithium acquisition is folded in as evidence the portfolio is being reshaped.

**February 2026 — the handover.** Simon Trott presents his first full-year result and the vocabulary is replaced wholesale. Out go the four objectives; in comes ""stronger, sharper and simpler,"" a ""management operating system,"" and a running productivity tally. Full-year EBITDA rises 9% to $25.4B on 8% copper-equivalent production growth and a 5% cut in copper-equivalent unit costs. Two genuinely new commitments appear: $5B to $10B of cash proceeds from selling non-core assets, and 85% of the exploration budget redirected to copper. He also discloses, unprompted, that Rio held merger discussions with Glencore and walked away: ""strategic rationales don't pay the grocery bills.""

**July 2026 — the evidence arrives.** Half-year EBITDA of $14.8B, up 28%; free cash flow of $3.8B, up 75%; an interim dividend of $3.4B (211.0 US cents per share), up 43%. Copper, aluminium and lithium together supply more than half of group EBITDA for the first time. The productivity programme, promised at $650M, has banked $870M by June, and the year-end target is nearly tripled to $1.8B.

**The quiet drop.** Iron ore growth has left the story. In July 2024 management pointed to ""medium-term guidance of 345 to 360"" million tonnes from the Pilbara, backed by four replacement mines. The 2026 guidance is 323–338 million tonnes from the Pilbara, with the group total of 343–366 million tonnes made up by Simandou and the Canadian operation. The Pilbara growth promise was not withdrawn loudly; it was diluted into a group number. Simandou is now doing work that four Australian replacement mines were once meant to do.

---

## 2. Claims versus the financials

An important correction first, because it governs everything below. **The deterministic metrics bundle supplied with this name is wrong by exactly a factor of two, and it is wrong in the flattering direction.** Rio reports twice a year, not quarterly, so the automated ""trailing twelve months"" calculation summed four reporting periods — which is twenty-four months of trading, not twelve.

| Bundle field | Bundle value | Verified true trailing twelve months | Source |
|---|---|---|---|
| Revenue | $115.63B | **$61.67B** | $30.65B (H2 2025) + $31.02B (H1 2026) |
| EBITDA | $41.85B | **$23.35B** statutory / ~$28.6B underlying | FMP statements + company releases |
| Free cash flow | $10.97B | **$5.76B** | $2.53B + $3.23B |
| Diluted earnings per share | $13.67 | **$7.37** | $3.31 + $4.06 |

The four half-year figures sum to the bundle values to the decimal, so this is arithmetic, not estimation. The practical consequence: at $99.08 the shares trade on roughly **13.4 times trailing earnings and a 3.6% free-cash-flow yield**, not the 7.2 times and 6.8% the bundle implies. Anyone sizing this position off the raw bundle is looking at a company half as expensive as the real one.

With that fixed, management's claims test well.

| Management claim | Where | Verdict against the numbers |
|---|---|---|
| ""28 per cent increase in underlying EBITDA and a 75 per cent rise in free cash flow"" | Jul 2026 | **Confirmed.** $14.8B versus $11.6B; $3.8B versus $2.2B on the company's definition. The statutory cash-flow statement shows free cash flow of $3.23B against $2.26B (+43%); the gap is definitional, and management should be read as using its own measure. |
| Productivity of $650M by end-Q1 2026 | Feb 2026 | **Over-delivered.** $870M banked by 30 June, and the year-end run-rate target raised to $1.8B. |
| ""Copper equivalent production up 3 per cent"" in the half | Jul 2026 | **Confirmed** by the 14 July production release. |
| ""One of the lowest cost positions in the sector"" in copper | Jul 2026 | **Confirmed but qualified.** On 15 July 2026 the company cut its copper net unit cost guidance to 30–50 US cents per pound from 65–75 cents. Rio's own explanation is ""higher than expected gold prices and productivity improvements."" Gold is at roughly $4,152 an ounce. A large slice of that cost improvement is a by-product credit — a gold-price artifact wearing a cost-performance costume. Management discloses the reason honestly; the reader must simply not capitalise it as permanent. |
| Pilbara unit costs of $23 a tonne, guided about 3% higher | Feb 2025 | **Held, then drifted.** 2026 guidance is $23.5–25.0 a tonne, with roughly $0.80 a tonne of the first-half increase attributed to diesel moving from about $85 to about $140 a barrel. Brent is back to about $79 as of 4 August 2026, so this headwind is now reversing. |
| Balance sheet ""in good shape,"" gearing 18% | Feb/Jul 2026 | **Confirmed.** Net debt of $14.1B (company-reported at 30 June 2026, down $0.3B in the half) against roughly $28.6B of underlying EBITDA is about half a year's earnings. Recomputed from the balance sheet the figure is $13.35B including leases; the difference is definitional and immaterial. Single-A credit rating maintained. |
| ""Diversification… happening at pace"" | 2025 onward | **Confirmed and now demonstrable.** First-half segment EBITDA: iron ore $6.8B (broadly flat), copper $5.7B (+84%), aluminium and lithium $3.3B (+38%). Iron ore is now under half of group earnings — a genuine structural change, not a slogan. |
| ""Medium-term guidance of 345 to 360"" million tonnes from the Pilbara | Jul 2024 | **Not delivered on the original terms.** Current Pilbara shipment guidance is 323–338 million tonnes. Greater Nammuldi was flagged as an approvals risk on that very call, and it remains the swing factor. |

**Where the story is richer than the numbers:** the copper cost position, for the gold reason above; and the framing of Simandou as pure growth when a meaningful part of it substitutes for Pilbara tonnes that did not arrive.

**Where the numbers are richer than the story:** margins. First-half gross margin widened to 28.0% from 25.0% on revenue up 14.5%, and the underlying EBITDA margin widened to about 47.8% from 42.9%. Expanding margins on rising revenue is the healthiest combination a resource business can print, and management under-sells it.

---

## 3. Tone and confidence trajectory

**Rising, with a clear discontinuity at the chief-executive change.**

- *July 2024 (Stausholm):* confident but qualitative. ""This is stable, reliable growth."" Peter Cunningham, the chief financial officer, is candid where it matters — ""Kennecott remains the biggest challenge but also a real opportunity.""
- *February 2025 (Stausholm):* defensive framing creeps in. ""Our financial results are not the product of a global economy firing on all cylinders."" Cost control is presented as a recovery from inflation rather than an offensive lever: ""we really feel we have turned the corner.""
- *February 2026 (Trott, first result):* an offensive turn, and specificity replaces adjectives. ""Rio was entering a new era."" Costs are now a programme with a number attached. The Glencore disclosure is volunteered rather than extracted.
- *July 2026 (Trott):* the most confident of the four, and confident in a checkable way. ""I told you I'd deliver $650 million in productivity benefits, and we've delivered. We've already banked $870 million."" When Glyn Lawcock of Barrenjoey pushes for a multi-year cost-out number, Trott declines cleanly and says why: ""the program will mature… inevitably, you start with some of the decisions in front of you."" That is a more credible answer than a number would have been.

Safety language moves the other way, and honestly so. Trott opens the July 2026 call with two colleague deaths in the half and says, ""Nothing we report today means anything if our people do not go home safely."" He opened February 2026 with a fatality at Simandou and announced an independent investigation and an external safety panel. This is a company building the largest greenfield project in its industry and paying for it in lives; the disclosure is not being managed away.

---

## 4. Guidance credibility

**Score: High.**

The record over the reviewed window:

- **Productivity.** Promised $650M by the end of Q1 2026; banked $870M by 30 June 2026; raised the year-end run-rate target to $1.8B. Clear over-delivery, and the individual initiatives are itemised ($80M at Oyu Tolgoi from redesigned underground development, roughly $55M in the Pilbara, roughly $40M across the Atlantic aluminium operations).
- **Dividend.** The stated policy is 40–60% of underlying earnings; the company has paid the top of the range for ten consecutive years. When Alan Spence of BNP Paribas pressed on why the 40% floor exists at all, Cunningham refused to formalise a higher floor — ""All I'd say is our policy."" That is a deliberate reservation of flexibility, not evasion, and it is the correct answer for a business entering a heavy capital phase.
- **Production.** Copper-equivalent growth of 1% (2024), 8% (2025) and 3% (first half 2026) against an ambition of about 3% compound to 2030 — delivered, with 2025 well ahead.
- **Capital spending.** This is the one place discipline has been tested. Half-year capital expenditure of $4.0B in 2024 became $9.5B for full-year 2024 and is now guided at up to $11B in both 2026 and 2027, easing to $10B in real terms from 2028, with sustaining capital about $4B. That is close to a doubling from the early-2020s base. It is being spent on Tier-1 assets rather than on marginal ounces, and the profile is guided down rather than up — but it is the number to watch, because overspending at the top of a cycle is the sector's defining failure mode.
- **Sandbagging.** No evidence of it. If anything the productivity target was set low and beaten, which is a mild and benign form of the same instinct.

---

## 5. Analyst pressure points

Four themes recur, and management's handling of each is informative.

1. **The dual-listed structure.** Asked repeatedly (July 2024, February 2025) whether the London and Australian listings should be unified, Stausholm gave the same answer twice: about a $5B tax cost, and ""you have to sit yourself and think how on Earth can you do this and never get your Australian shareholders to pay a premium."" Myles Allsop of UBS pushed for the build-up of the $5B and was refused on the grounds that disclosing tax exposure is ""not in the interest of the shareholders."" An activist holder, Palliser, forced a shareholder resolution on it. The structure persists, unresolved, and it is a plausible standing reason the shares trade below a sum-of-the-parts value.

2. **The Pilbara replacement mines and heritage approvals.** Lachlan Shaw of UBS and Kaan Peker of RBC both pressed in July 2024 on depletion (about 90 million tonnes to 2028 against about 120 million tonnes of new capacity) and on Greater Nammuldi. Mark Davies conceded plainly: ""We're just flagging at this stage it's a risk to Greater Nammuldi."" Two years later Pilbara shipment guidance sits below the 345–360 million tonne medium-term band. **The analysts were right and the risk converted.**

3. **Kennecott, the Utah copper operation.** It has been the named problem child on every call: ""the biggest challenge"" (July 2024), a smelter shutdown and conveyor breakdown (2023), a fatality in early 2026, and a furnace breach in late June 2026 that pushes metal sales into 2027. In July 2026 Rahul Anand of Morgan Stanley asked directly how Rio would de-risk an asset it now expects to grow production 40–50% and to underpin copper beyond 2030. Trott's answer led with safety and optionality rather than with an engineering plan. **This is the pressure point where management is least specific and the stakes are rising.**

4. **Mongolia.** Kate McCutcheon of Bank of America put the tax dispute at roughly $900M in July 2026 and said, fairly, ""optically, that's not a great place to be."" Cunningham confirmed formal arbitration. Oyu Tolgoi is the single asset carrying the copper growth thesis to 500,000 tonnes a year between 2028 and 2036, and its host government is in arbitration with its operator.

**What analysts are not asking about, and should be:** how much of the copper cost improvement survives a lower gold price, and what Simandou's 60 million tonnes a year does to the iron ore price Rio receives on its other 330 million tonnes.

---

## 6. Red flags and green flags

**Concerning**

- Safety has deteriorated during the largest build in company history: a fatality at Simandou in February 2026, two colleague deaths in the first half of 2026. Management's response — stopping site works, an independent investigation, an external advisory panel — is the right one, but the trend is the wrong direction (Feb 2026, Jul 2026).
- The copper unit-cost cut on 15 July 2026 rests substantially on record gold by-product credits. Cost guidance that moves with a metal price is not a cost position.
- Kennecott's operating record is poor and its assigned growth is large (every call reviewed).
- The Mongolian tax dispute, roughly $900M, is in formal arbitration against the operator of the crown-jewel copper ramp (Jul 2026).
- Capital spending has roughly doubled from the early-2020s base to up to $11B a year, during a period when commodity prices are historically high. This is precisely the pattern that has destroyed capital in this sector before.
- The dual-listed structure remains unresolved after activist pressure, and management has ruled out unification on cost grounds without showing the arithmetic (Jul 2024, Feb 2025).
- Pilbara growth guidance quietly stepped down while the group number was maintained with new supply from Guinea (Jul 2024 versus 2026 guidance).

**Positive**

- Productivity over-delivered and the target nearly tripled, with named initiatives rather than a top-down budget cut. Trott: ""This is not a top-down exercise where we simply squeeze budgets"" (Jul 2026).
- Rio walked away from a merger with Glencore on valuation grounds and said so publicly: ""we concluded that we could not reach an agreement that would deliver value for Rio Tinto shareholders"" (Feb 2026). Declining a transformative deal is the rarest form of capital discipline.
- The Arcadium lithium acquisition was made near the bottom of the lithium cycle; lithium EBITDA has since quadrupled from a small base and realised prices rose to $18,960 a tonne of lithium carbonate equivalent from $15,580.
- Explicit refusal to be a forced seller of the titanium dioxide and borates businesses: ""if we don't get the sort of value that we see in the business, we won't progress them"" (Feb 2026).
- The balance sheet absorbed the Arcadium purchase and still sits at about half a year's EBITDA of net debt, with net debt falling in the first half despite $5B of capital spending and $4.2B of dividends paid.
- Diversification is now arithmetic rather than aspiration: more than half of first-half EBITDA came from copper, aluminium and lithium.

---

## 7. Hidden signals

- **The vocabulary swap is the story.** Stausholm's register was moral and institutional — social licence, impeccable environmental and social standards, four objectives. Trott's is industrial and countable — ""banked,"" ""run rate,"" ""management operating system,"" ""$870 million."" Investors should read the change as a shift in what the board is rewarding.
- **""85% of exploration budget towards copper""** (February 2026) is the most consequential sentence in four calls. Management is telling you, with money, that it does not believe the next decade of value creation is in iron ore.
- **Iron ore's adjective changed.** In 2024 it was the engine. By February 2026 it is ""resilient"" and ""structurally balanced,"" defended by a steep cost curve and ""over 100 price-sensitive producers from more than 20 countries."" That is the language of a business being defended, not grown.
- **Cunningham's dividend answer.** Pressed twice to lift the payout floor, he would not. Read alongside up-to-$11B annual capital spending, the message is that the growth programme has first claim on cash and the dividend will grow with earnings, not with the payout ratio.
- **The marketing hint.** Post-Glencore, Trott twice returned to ""that marketing front end"" and ""ways we can generate greater value around those flows."" A trading and commercial margin initiative appears to be forming that has not yet been quantified.
- **Simandou's schedule language tightened but its ramp shape never did.** Asked in February 2025 for the ramp profile, Stausholm said, ""I'm not able to offer you anything better than a straight line at this point in time without promising you that it is a straight line."" Eighteen months later the project is more than three-quarters complete with first high-grade sales in April 2026 and completion targeted for end-2027, but the ramp shape is still unquantified.

---

## 8. Capital-allocation verdict

**Classification: STRENGTHENING.**

The trajectory is genuinely improving on evidence rather than on narrative. A new chief executive set a measurable cost target, beat it, and raised it; the portfolio has diversified away from iron ore in fact and not merely in intention; margins are widening on rising revenue; the balance sheet absorbed a $6.7B acquisition and is still at about half a year's earnings of net debt; and management walked away from a transformative merger on price.

**The single most important thing to weigh before sizing.** Not the operations — the price of the things it digs up. Copper is at roughly $6.65 a pound, aluminium realisations at $4,343 a tonne, and gold at roughly $4,152 an ounce, all at or near historic extremes; iron ore at about $93 a tonne is merely normal. The internal torque measure says a 10% move in the commodity basket swings EBITDA by roughly 25%, and a bottom-up check of Rio's own volumes puts it near 20% — either way the swing on a 10% move is roughly $5.5B of EBITDA, and **that arithmetic works identically in both directions**. The shares have risen about 66% from their 52-week low of $59.49 and sit within 12% of their 52-week high. You are being asked to buy a first-quartile cost position at a moment when the prices it earns are not first-quartile normal. Size to the commodity risk, not to the quality of the assets.

**Economic moat: WIDE.** The moat type is scale-cost, and it is real rather than argued. Pilbara unit costs of $23.5–25.0 a tonne sit against a seaborne price of about $93 and a cost curve management describes as supported ""at the top end by over 100 price-sensitive producers from more than 20 countries."" Sixty years of integrated rail, port and power infrastructure across eight billion tonnes shipped cannot be replicated by a competitor with capital alone; the orebodies and the corridors are not for sale. Copper net unit costs of 30–50 cents a pound are first-quartile even after discounting the gold credit. Returns support the width and are improving, not fading: return on capital employed of about 14% and return on equity of about 19% on the trailing twelve months, with EBITDA margins widening about 490 basis points year on year. That is a widening picture on margins and a stable one on returns, so the trend is best read as **STABLE** — the cost-out is real, but heavier capital spending is temporarily diluting returns while Simandou and Oyu Tolgoi are built and not yet earning.

**Secular threat: material, not terminal.** The named structural force is the erosion of Chinese steel demand — down as much as 30% from its 2020 peak on management's own repeated telling — compounded by Rio adding 60 million tonnes a year of new Guinean supply into that same market. Roughly 46% of first-half EBITDA still comes from iron ore, so this is not a small exposure. But it is a shrinking-market problem rather than a disappearing-market one, and Rio is positioned at the bottom of the cost curve, which is where survivors sit. Set against it, the other half of the business — copper, aluminium and lithium — is levered to electrification, grid build-out and data-centre power demand, which are structural tailwinds rather than headwinds. The cheapness on offer is therefore **not** a value trap; the risk here is cyclical mispricing at the top of a price cycle, not terminal erosion of the earnings base.

CREDIBILITY_SCORE: 4 | TRAJECTORY: STRENGTHENING | MOAT: WIDE | MOAT_TREND: STABLE | SECULAR_THREAT: material
"
3,RGLD,Basic Materials,81,precious_metals,precious_metals,precious_metals,royalty_streamer,"Holds royalty and stream contracts entitling it to a fixed percentage of the gold, silver and copper produced at partner mines.","Royalty and streaming pure-play, the anchor example for this chain; passes the cash and profit gates of Lane A automatically.","Royal Gold collects a contractual slice of the gold poured at roughly eighty mines it neither operates nor funds, at a disclosed cost of $871 per gold-equivalent ounce against a $4,506 realised price - the widest cash spread anywhere in this book.","Company-reported adjusted margin of 83% is used rather than the screen's 78.7%, which still carries the one-off Sandstorm and Horizon transaction charges booked in the December 2025 quarter; the preliminary disclosure of 21 July 2026 put stream cost of sales at $871 per gold-equivalent ounce against a $4,506 quarterly gold average, with essentially no cost of sales on the royalty half. A plus-or-minus 10% gold move swings cash profit by plus-or-minus 12.7%, and the minus 12.7% is real and unhedged - a royalty book has no cost to cut when the metal falls.","About eighty producing mines pay into the book, the deepest paying-asset count in this slate and a genuine spread of operator risk; the royalty half carries essentially no cost of sales, and growth has come from buying books rather than funding construction.","Net debt of 0.35 times cash profit with interest cover near 24 times - modest, but it is the only royalty seat here carrying any debt, and the Sandstorm purchase deployed capital at a high gold price, which is the honest knock against it.","The two readings disagree and the conservative one governs: the reconciled sum-of-the-parts base case is $253 a share against a $207.27 price, while the sidecar's own margin-of-safety field reads about minus 2%. Scored on the conservative reading the guard passes with nothing to spare, and the adverse case at $153 is 26% below the price. The mid-build cash-flow flag independently holds the seat at three-quarters of a unit.",0.7866,q3_above_median,0.127,"Reported gross margin fell from 87.2% in the first quarter of 2025 to 67.1% in the first quarter of 2026 while revenue rose 143% to $469 million, but the decline is non-cash: depreciation, depletion and amortisation tripled from $32.9 million to $90.9 million a quarter, and is guided at $95-99 million for the second quarter of 2026, because acquiring Sandstorm's assets reset their book values upward. The cash margin did not move, holding at 83%.",0.7207,,1.28,GCUSD,0.35,23.6,strong,True,False,False,"{""precious_metals"": ""NEUTRAL""}","The precious-metals chain reads neutral in the sidecar. With eighty paying mines the seat is closer to an index of gold production than to any single operator's cost curve, which is what makes it the right way to hold a neutral chain.","The phase note is explicit that royalties survive on cash flow and that the gold price does not have to rise for them to pay - that is precisely this seat's shape. It also flags monetary metals as the family without a driver while growth is rising and inflation cooling, which is why the seat is held rather than added to.",,-2.1,,REJECT,gold-real-rate; royalty-operator-counterparty,37.5,0.28,12.5,True,2 tranches / 2 wks,170.0,153.0,B,3,PENDING_HARD,"$253 a share (base case), with the adverse case at $153 and the favourable case at $315.","Base case, marking the portfolio at today's spot gold of $4,153.90 an ounce rather than at a consensus long-term price. Stream segment: cash margin of about $904 million a year, worth $13.11 billion at 14.5 times - a finite-life, counterparty-dependent contract stream. Royalty segment: cash margin of about $487 million a year, worth $8.28 billion at 17 times, the premium reflecting that a land-based net smelter royalty has no delivery payment and generally no term. Corporate overhead of about $70 million a year capitalised at 15 times, minus $1.05 billion. Development interests that generate nothing today - Fourmile, the Khoemacau silver expansion, Warintza, the Hod Maden royalty, Cactus, MARA, Red Chris - carried conservatively at $1.20 billion. Non-core investments of $411 million taken at a 25% haircut, $0.31 billion. Net debt of about $0.35 billion subtracted as a liability, reflecting $400 million drawn on the revolver at 30 June 2026 less cash on hand and allowing for the Hod Maden and Warintza funding still to come. Equity value of $21.50 billion across 85.0 million diluted shares gives $253. That implies about 16.4 times enterprise value to spot-deck cash earnings before interest, tax, depreciation and amortisation of roughly $1.33 billion, or closer to 15.5 times on the earning parts alone once the non-earning pipeline is stripped out - which sits between the small-cap royalty comparables and the large-cap pair.","At a live price of $207.27, the adverse sum-of-the-parts lands at $153 a share and the base case at $253, with $315 in the favourable case. There is no structural floor beneath the market price: the company carries net debt rather than net cash, there is no deal, tender or fixed consideration, and the $500 million repurchase authorisation is discretionary rather than a commitment. The nearest thing to support is behavioural rather than structural - management bought 147,205 shares at an average of $203.80 during the second quarter of 2026, within about 2% of today's price, and the 52-week low of $156.44 sits within 3% of the adverse case. The distribution is close to symmetric at this price, which is the whole reason for the timing call rather than an entry.","WPM, FNV, OR, SAND, TFPM, UROY","The bull case is that Royal Gold has just finished buying a materially better business than the one it owned in 2024, the market has marked it down as though the deals were a mistake, and the cash economics say otherwise. Start with what is verified rather than promised. The company's preliminary second-quarter 2026 disclosure of 21 July 2026 puts stream-segment sales at $311.0 million on 69,000 gold-equivalent ounces at a cost of sales of $871 an ounce, with royalty-segment sales estimated at $137-142 million. Against a quarterly gold average of $4,506 an ounce, that is a cash margin near 81% on the stream book and close to 100% on the royalty book, which carries no delivery payment at all. Unlike a miner, Royal Gold's unit cost is written into a contract: it does not inflate with diesel, labour, strip ratio or grade decline. That is the whole point of the model and it is doing exactly what it says. Volume is growing independently of the metal price. Gold-equivalent ounces went from 67,600 in the first quarter of 2025 to 96,300 in the first quarter of 2026, up 42%, and second-quarter ounces rose about 8% year over year. The forward volume book is contracted and named, not hoped for: Kansanshi gold sales of 26,000-31,000 ounces in 2026 rising to 38,000-43,000 ounces in 2028 as First Quantum's S3 expansion ramps, with throughput already running about 25% above design; Khoemacau's expansion approved by MMG's board with first concentrate in the first half of 2028, targeting 4-4.5 million ounces of silver a year of which Royal Gold's share is roughly 60% at a 90% payable factor; Platreef first revenue in the second quarter of 2026 as Ivanhoe completes its second concentrator; and a royalty-rate step-up at Barrick's Cortez complex from 2.6% in 2025 to a blended 3.5-4% in 2026 against operator guidance of 700,000-780,000 ounces. Reserve life keeps being extended with other people's money: Mount Milligan from 2036 to 2045, Pueblo Viejo into the mid-2040s, Kansanshi with twenty-plus years ahead of it, Xavantina out to 2032. Sitting behind all of it is Fourmile, which Barrick describes as multigenerational at 600,000-750,000 ounces a year over a 25-year life, fully covered by royalties Royal Gold bought in 2022 at an effective 1.6% gross rate, and which contributes nothing to today's earnings. The counterparty list is the strongest single fact in the file: Barrick, Newmont, Teck, First Quantum, Vale, Glencore, Ivanhoe, MMG, Zijin, Centerra. These are the operators an owner of paper claims wants, and no single asset accounts for more than about 12% of net asset value after the 2025 deals. Capital discipline, the sector's usual failure point, is being demonstrated rather than asserted. Gross borrowings went from $965.6 million at the end of 2025 to $595.7 million at 31 March 2026 to $400 million drawn at 30 June 2026, with $1.0 billion undrawn. The dividend has risen for 25 consecutive years, to $1.90 a share, and Royal Gold is the only precious-metals company in the S&P High Yield Dividend Aristocrats index. Most tellingly, the first share repurchase in company history was executed low rather than high: 147,205 shares at an average of $203.80 for $30 million during the second quarter of 2026, after the shares had fallen roughly a third from their high, and management explicitly ruled out borrowing to fund it. The logic the chief executive gave in the first-quarter 2026 call is the bull case in one sentence: buying back stock at 1.4 times net asset value beats buying assets the sector is pricing at 1.7 times. Finally, the screener's own valuation stack is broken here in a way that works against the stock. Trailing free cash flow reads negative $244 million and four of five models show a margin of safety of minus 100%, but operating cash flow was positive $862 million; the negative figure is $1.107 billion of portfolio purchases, chiefly the $1 billion Kansanshi stream. For a royalty company, buying a royalty is an acquisition, not maintenance spending. Conditions the bull case needs: gold holding roughly at or above today's $4,154 an ounce; the Khoemacau, Platreef and Kansanshi ramps arriving on the disclosed schedule; the revolver cleared as management targets by the fourth quarter of 2026; and the repurchase authorisation continuing to be used at these prices.","The bear case is not that Royal Gold is a bad business. It is that investors are being asked to pay a full price for earnings struck at a gold price near an all-time high, by a management team that has just demonstrated its returns can be diluted. Three things have to be taken seriously. First, and most concretely, the metal has turned and the torque cuts both ways. Gold peaked at $5,366 an ounce on 1 March 2026 and trades at $4,153.90 today, roughly 23% lower and about 9% below its own 200-day average of $4,587. Royal Gold realised roughly $4,871 a gold-equivalent ounce in the first quarter of 2026 and the company states a $4,506 average for the second quarter. The third quarter to date is averaging near $4,085. The deterministic torque estimate says a 10% move in the metal swings earnings before interest, tax, depreciation and amortisation by about 12.7%, and the measured sensitivity to gold is 1.25 times. Applied symmetrically, the roughly 9% step down from the second-quarter deck already in the tape takes about 11-12% out of the earnings run rate before a single ounce of volume is lost, and it lands in the November print. If gold retraces to $3,400 an ounce, where it traded as recently as August 2025, cash earnings before interest, tax, depreciation and amortisation fall from a second-quarter-deck run rate near $1.48 billion to roughly $1.07 billion, a 28% cut, because corporate overhead of about $70 million a year does not shrink and part of the stream cost of sales is fixed in dollars rather than a percentage of spot. Second, the 2025 acquisition programme has not yet earned its cost of capital. Return on invested capital was 8.2% and return on equity 9.0% for 2025 - the lowest in the peer set, against Wheaton Precious Metals at 18.1%, Franco-Nevada at 14.3%, OR Royalties at 13.9% and Triple Flag at 11.6%. The share count went from 65.8 million to 85.0 million, a 29% increase, to buy a development-heavy portfolio at metal prices that were then making history. Management effectively conceded the arithmetic in the first-quarter 2026 call: sector assets were being priced at 1.7 times net asset value while its own paper traded below 1.4 times. Paying 1.7 with currency worth 1.4 transfers value away from existing owners, and the shares are down roughly 32% from their $306.25 high since. Third, reported earnings will look worse than cash earnings for years. Purchase accounting reset the acquired asset values upward, so depletion tripled from $32.9 million a quarter to $90.9 million, guided at $95-99 million for the second quarter of 2026, with a further $12 million of depreciation from the Relief Canyon settlement. Reported gross margin has already fallen from 87.2% to 67.1%. Quantitative screens read the reported line, which is why Zacks moved the shares to its lowest rank twice, on 22 June and 13 July 2026. Then the smaller cuts. The claim that a royalty company never writes cheques is only true of the producing book: Royal Gold funded $70 million into Hod Maden and paid a $50 million Warintza advance in the second quarter of 2026 alone, and SSR Mining's strategic review of its own Hod Maden interest is still unresolved. The Pueblo Viejo silver deferral stood at 1.97 million ounces and requires recovery above 52.5% before any of it is delivered; management told investors more than a year ago to temper expectations, and the ore feed is weathered stockpile material for another five years. Antamina and the other net-profit interests are, in the chief executive's own words, impossible to estimate, with almost no visibility. And no insider has bought a share on the open market against 18 disposals totalling 18,048 shares - the company is buying its stock while the people running it are not. What confirms the bear case: gold failing to reclaim its 200-day average of $4,587 through the autumn; the third-quarter print in November showing the earnings step-down without offsetting volume; the repurchase authorisation going unused after the initial $30 million; or a slip in the Khoemacau or Platreef schedules. In that world the adverse sum-of-the-parts lands near $153 a share, essentially where the stock bottomed at $156.44 in the past twelve months.","Favourable case: about $315 a share. Valued at a gold deck near the 200-day average of $4,587 an ounce, with the ramps arriving and the market re-rating the enlarged portfolio toward the large-cap royalty multiple. Stream segment: cash margin of about $1,020 million a year (revenue of roughly $1,265 million less contractual cost of sales near $245 million at $871 an ounce on about 280,000 gold-equivalent ounces) at 16 times, worth $16.32 billion. Royalty segment: cash margin of about $550 million a year at 19 times - a higher multiple than the stream book because a land-based royalty carries no delivery payment, no counterparty purchase obligation and, in most cases, no term - worth $9.90 billion. Corporate overhead: cash general and administrative expense of about $70 million a year capitalised at 16 times, minus $1.12 billion. Development pipeline not yet paying anything: Fourmile at an effective 1.6% gross royalty on Barrick's 600,000-750,000 ounces a year from around 2032, the Khoemacau silver expansion for 2028, Warintza, the Hod Maden royalty, Cactus, MARA and the Red Chris block cave, risked at $1.90 billion. Non-core investments carried on the 31 March 2026 balance sheet at $411 million, taken at par, $0.41 billion. Net debt: fully cleared, minus $0.20 billion. Total equity value $27.21 billion across 85.0 million diluted shares, or roughly $320, which I round down to $315 to stay inside the arithmetic the parts actually support. For reference the freshest street targets sit at $305-311, set between 30 June and 14 July 2026 with the shares at $194-204.","Adverse case: about $153 a share, assuming the precious-metals cycle turns against it - gold retracing to $3,400 an ounce, the level it traded at in August 2025, with silver and copper following and the whole royalty cohort de-rating alongside. Stream segment: revenue falls to roughly $939 million as realisations drop about 25%, while cost of sales falls only about 12% to $211 million because a large part of the delivery payment is fixed in dollars rather than a percentage of spot, leaving a cash margin of $728 million; at a compressed 11.5 times, worth $8.37 billion. Royalty segment: cash margin of $408 million at 13 times, worth $5.30 billion. Corporate overhead: $70 million a year, which does not shrink with the metal, capitalised at 12 times, minus $0.84 billion. Development pipeline: in a $3,400 gold world the Warintza, MARA, Cactus and Hod Maden investment decisions slip and the book is written toward cost, $0.55 billion. Non-core equity holdings, which are junior-miner paper, halved to $0.21 billion. Net debt: worse rather than better, because the company keeps funding Hod Maden at the second-quarter rate of $70 million and the Warintza advances while cash flow falls, so the revolver is not cleared - minus $0.55 billion. Total equity value $13.04 billion across 85.0 million shares, or $153. The cross-check is that this is arrived at from the parts alone and lands within 2% of the actual 52-week low of $156.44, which is where the shares traded when gold was near $4,000 and the Sandstorm dilution was fresh.","The disagreement with the market is about the metal price being underwritten, not about the business. The freshest street targets cluster at $305-311, set between 30 June and 14 July 2026 with the shares at $194-204, against a consensus of $301.50 and a median of $307.50 from thirteen brokers. To arrive there, an analyst has to be marking the portfolio at a long-term gold price near or above the 200-day average of $4,587 an ounce and giving close to full credit to a development pipeline that pays nothing today. Spot is $4,153.90, roughly 9% below that average and 23% below the $5,366 peak set on 1 March 2026. Marking the same parts at the price the market is actually paying today produces $253, some 16-18% below the street. That is the disagreement: not direction, deck. Where I part company with the bears is the opposite error. Zacks moved the shares to its lowest rank on 22 June and again on 13 July 2026, which is an estimate-revision signal reading a reported earnings line that purchase accounting has structurally depressed - depletion tripled from $32.9 million a quarter to $90.9 million and is guided at $95-99 million, with another $12 million of depreciation from the Relief Canyon settlement, none of it cash. Reported gross margin fell from 87.2% to 67.1% while the cash margin never left 83%. A model that reads the reported line will keep marking this business down for reasons that have nothing to do with its economics. There is also a specific, checkable factual error embedded in the screener's own stack, which is worth naming because it will be embedded in other people's models too: trailing free cash flow reads negative $244 million and four of the five valuation models return a margin of safety of minus 100%. Operating cash flow was positive $862 million. The negative number is $1.107 billion of portfolio purchases, chiefly the $1 billion Kansanshi stream. Treating a royalty acquisition as maintenance capital expenditure values a royalty company at approximately nothing, and the associated 11.5-month runway figure is meaningless against $1.0 billion of undrawn revolver capacity.","This is a good business at a fair price, which is not the same thing as an opportunity, and the honest call is to wait rather than to buy. Take the quality first, because it is real and it is verified rather than asserted. Royal Gold's unit cost is $871 per gold-equivalent ounce, written into contracts and disclosed by the company on 21 July 2026, against a gold price of $4,506 an ounce in the quarter just ended - a cash margin near 81% on the stream book and effectively 100% on the royalty book. That cost does not inflate with diesel, labour or grade, which is precisely the property a miner cannot buy. The proxy metrics understate this at 78.7%, four points below the company's reported 83%, purely because the trailing window still contains the Sandstorm and Horizon transaction charges. Behind those margins sit roughly 80 producing and 30 development interests operated by Barrick, Newmont, Teck, First Quantum, Vale, Glencore, Ivanhoe, MMG, Zijin and Centerra, with no single asset above about 12% of net asset value and reserve lives being extended on other companies' balance sheets - Mount Milligan to 2045, Pueblo Viejo into the mid-2040s, Kansanshi twenty-plus years. The forensic record is clean in the ways this sector usually is not: guidance delivered inside every 2025 range through two operator disappointments, ounces deliberately excluded from headline counts when including them would have flattered, no promotional language at the moments a promoter would reach for it, 25 consecutive years of dividend increases, debt cut from $965.6 million to $400 million drawn in six months, and a first-ever share repurchase executed at $203.80 after a one-third decline rather than at the top. On capital discipline the verdict is mixed but with the ledger tilting favourably: the sin was paying full price for the 2025 acquisitions - return on invested capital of 8.2% is the lowest in a peer group where Wheaton earns 18.1%, and management itself conceded it was buying at 1.7 times net asset value with paper worth 1.4 - but the penance has been genuine, converting the Bear Creek and Hod Maden equity exposures into royalties, retiring debt ahead of schedule, and ruling out borrowing to fund buybacks. So why not enter now. Because the price already reflects most of it. At $207.27 against a base-case sum-of-the-parts of $253 marked at today's spot gold, the discount is real but ordinary, while the adverse case sits at $153. That distribution is close to symmetric, and the symmetry is not an artefact - it is the 1.25 times sensitivity to a metal that peaked at $5,366 on 1 March 2026, trades at $4,153.90 today, and sits about 9% below its own 200-day average. The torque is stated in the file and it runs both ways: a 10% move in gold swings earnings by about 12.7%, so the roughly 9% step-down already in the third-quarter tape takes 11-12% out of the run rate before any volume change, arriving in the November print. And there is no structural floor beneath the stock - net debt rather than net cash, no deal terms, no tender; the repurchase authorisation is discretionary and the 52-week low is a chart level, not support. Note also that the underlying cheapness rests on earnings struck at a gold price that is extraordinary by any long-run standard. Eleven to thirteen times forward enterprise value to earnings is a genuine discount to Wheaton at 21 times and Franco-Nevada at 20.6, but it is eleven to thirteen times peak-metal earnings, and that is the reason the value case, judged on valuation and forensics alone, earns a four rather than a five. What I am waiting for is specific, and it is a price or a confirmation, not a mood. Either the shares reach the high $170s to $180 - where the base case is a meaningfully larger step up than what remains to the adverse case, and where the entry stops depending on the metal - or gold reclaims its 200-day average of $4,587, which restores the second-quarter deck and lifts the base case into the mid-$260s, or the company keeps buying its own stock at these levels, which the next filing will show. Any one of those converts this from a fair price into an asymmetric one. Absent them, the correct action on a business this good at a price this ordinary is to keep it on the list and be ready.",4,STRENGTHENING,"# Royal Gold, Inc. (RGLD) — Forensic Dossier

*Prepared 4 August 2026. Live price used throughout: $207.27 on the Nasdaq, in US dollars (quote taken 4 August 2026). Gold futures on the same day: $4,153.90 an ounce, against a 200-day average of $4,587 and a 52-week high of $5,626.80.*

Royal Gold is not a mine operator. It owns royalties and streams — contracts that entitle it to a slice of the gold, silver and copper produced at mines other companies build and run. A royalty pays a percentage of revenue with no cost attached. A stream is a prepaid purchase agreement: Royal Gold paid cash years ago and now buys metal at a fixed or heavily discounted price and sells it at the market price. That distinction governs everything below, because it means the company's unit cost is written into a contract rather than dug out of the ground.

Transcripts reviewed: five consecutive quarterly calls from 8 May 2025 through 7 May 2026, plus the company's preliminary second-quarter 2026 disclosure filed 21 July 2026.

---

## 1. Narrative arc

The story changes shape decisively at the midpoint of this window, and management tells you so directly.

**Opening posture (first quarter 2025, 8 May 2025) — a steady, mature royalty book.** The emphasis is on continuity: a ""solid start,"" an adjusted EBITDA margin (earnings before interest, tax, depreciation and amortisation, as a share of revenue) of 82%, and the full repayment of the Rainy River advanced stream deposit, an investment made back in 2015. The new-business ambition is modest and explicitly bounded — chief executive Bill Heissenbuttel tells analyst Tanya Jakusconek that normal deal size is ""$100 million to $300 million."" The largest single new item that quarter is a $50 million top-up at Xavantina. This is a company describing itself as a compounder, not a consolidator.

**The pivot (second quarter 2025, 7 August 2025) — scale becomes the story.** In one quarter the company announces the acquisitions of Sandstorm Gold and Horizon Copper and buys a $1 billion gold stream on First Quantum's Kansanshi copper mine in Zambia. The language changes with it: Royal Gold is now positioning itself as ""a premier growth company,"" and the specific promise made is diversification — ""no asset accounting for more than about 12% of net asset value"" once the deals close. Management is careful to frame this as scale, not a change of direction: ""these transactions do not shift our strategic focus.""

**Execution (third quarter 2025, 7 November 2025).** Sandstorm and Horizon close on 20 October 2025. The first Kansanshi gold delivery arrives in early October. Two pieces of genuinely good operating news land in the same quarter: Centerra extends Mount Milligan's mine life from 2036 to 2045, and Barrick's update on the Fourmile deposit describes a ""multigenerational project"" with the potential to produce 600,000 to 750,000 ounces a year over 25 years — ground Royal Gold covers with royalties bought in 2022 at an effective 1.6% gross rate.

**Digestion (fourth quarter and full year 2025, 19 February 2026).** 2025 revenue of $1.03 billion, operating cash flow of $705 million, net income of $466 million. Heissenbuttel calls it ""a transformational year."" The portfolio is now roughly 80 producing and 30 development interests, and the company changes its disclosure to group interests regionally. The dividend rises for the 25th consecutive year, to $1.90 a share.

**Consolidation and, for the first time, self-purchase (first quarter 2026, 7 May 2026).** Revenue of $469 million, up 143% year over year. $300 million repaid on the revolving credit facility. Two new tools announced: a $600 million accordion that would take total revolver capacity to $2 billion, and a $500 million share repurchase authorisation — the first in the company's history. The reasoning Heissenbuttel gives is the single most useful valuation sentence in the entire file, quoted in full in section 7.

The growth driver that was quietly dropped: the standalone development-equity model. Royal Gold spent this window unwinding exactly that. It restructured the Bear Creek debt and equity holdings into cash, Calibre Silver shares and royalties on Corani and Mercedes (first quarter 2026), sold the Highlander shares, and on 18 May 2026 cut its Hod Maden project interest from a joint-venture equity stake to a 15% interest plus a royalty. Each move trades capital-call exposure for contract exposure. That is a narrowing back toward the core model, and it is the right direction.

---

## 2. Claims versus financials

| Management's claim | Where and when | What the numbers say | Verdict |
|---|---|---|---|
| Adjusted EBITDA margin held at 82–84% throughout | Every call, 2025–26 | Trailing-twelve-month margin on a reported basis is 78.7% ($1.027 billion on $1.306 billion of revenue). Quarterly reported margins: 83.8% (Q2 2025), 80.2% (Q3 2025), 63.5% (Q4 2025), 87.7% (Q1 2026) | **Holds, with one explained gap.** The 63.5% quarter is the Sandstorm and Horizon transaction charges, which management flagged in advance and promised to isolate. The trailing figure understates the run rate by roughly four points for that reason |
| Unit cost is low and stable | Implied throughout | Confirmed independently: the 21 July 2026 preliminary release puts stream-segment cost of sales at **$871 per gold-equivalent ounce** against a quarterly gold average of **$4,506** | **Verified.** A cash margin near 81% on the stream book alone, with the royalty book carrying essentially no cost of sales |
| ""We were debt-free at the end of the quarter"" | Q2 2025 | True at 30 June 2025. Gross debt then went to $965.6 million at 31 December 2025 to fund the deals, back to $595.7 million at 31 March 2026, and to **$400 million drawn at 30 June 2026** after a further $200 million repayment | **True, then reversed, then being repaired on schedule.** Management said the money would go to debt repayment and it did |
| Guidance is risk-adjusted, not a pass-through of operator forecasts | Q2 2025, at length | Full-year 2025 landed inside every guidance range except other-metals revenue, which beat the top end (19 February 2026) — and held through a Mount Milligan grade miss and an Xavantina production cut | **Verified.** This is the strongest credibility evidence in the file |
| Growth in ounces, not just price | Q3 2025 onward | Gold-equivalent ounces: 67,600 (Q1 2025) → 96,300 (Q1 2026), up 42%. Second-quarter 2026 ounces rose about 8% year over year | **Verified,** though the bulk of the step-up is acquired, not organic |
| Record earnings | Every call | Diluted earnings per share: $1.72, $2.01, $1.92, $1.16, $3.30 across the five quarters. Trailing twelve months: $8.39 | **True but misleading as a run rate.** The share count jumped from 65.8 million to 85.0 million when Sandstorm and Horizon closed. The trailing figure blends four quarters of small-company share counts with one of the enlarged one |
| Returns justify the capital deployed | Implied by ""premier growth company"" | Return on invested capital of 8.2% and return on equity of 9.0% for 2025 — **the weakest in the peer group.** Wheaton Precious Metals earns 18.1%, Franco-Nevada 14.3%, OR Royalties 13.9%, Triple Flag 11.6% | **Does not yet hold.** See section 6 |

**Where the story is poorer than it looks.** The screener shows trailing free cash flow of **negative $244 million** and margin-of-safety readings of −100% on the discounted-cash-flow, earnings-power, owner-earnings and 15%-return models. Read plainly, that looks like a company burning cash. It is not. Operating cash flow was **positive $862 million**; the negative figure comes from **$1.107 billion of investing outflow that is portfolio purchase** — the $1 billion Kansanshi stream, the Warintza advance, the Hod Maden funding. For a royalty company, buying a royalty is the equivalent of an acquisition, not of maintenance spending. Any model that treats it as recurring capital expenditure will value this company at close to zero, and four of the five in our stack do exactly that. The ""11.5 months of runway"" figure in the same block is meaningless against $1.0 billion of undrawn revolver capacity.

**Where the story is richer than it looks.** Reported gross margin fell from 87.2% in the first quarter of 2025 to 67.1% in the first quarter of 2026 while revenue rose 143%. That reads as deteriorating economics. It is almost entirely non-cash: depreciation, depletion and amortisation tripled from $32.9 million to $90.9 million a quarter, and the company guided $95–99 million for the second quarter of 2026, because acquiring Sandstorm's assets reset their book values upward and depletion is charged against those higher values. The cash margin did not move.

---

## 3. Tone and confidence trajectory

**Rating: Rising through the first quarter of 2026, then steady — and consistently understated relative to results.**

- *First quarter 2025:* measured. ""Our first quarter gave us a solid start to 2025."" On the Pueblo Viejo silver that has been deferred for years: ""I would just say to temper expectations when it comes to the timing of the deferred silver... it may come in over a few years."" That is a chief executive talking down his own asset.
- *Second quarter 2025:* confident and expansionary — ""another excellent quarter,"" ""premier growth company."" But when analyst Lawson Winder puts it to him that ""the shares without question, have underperformed since you announced the Sandstorm transaction"" and asks about a buyback, the answer is a flat no: ""At this point, I don't think so... debt repayment, I think, is going to be a key focus before we ever get to consideration of a buyback.""
- *Third quarter 2025:* the most revealing quarter for tone. With gold near $4,000 an ounce, Heissenbuttel volunteers that dealmaking is getting harder because ""I don't think anybody in our sector is using $4,000 an ounce to value things. But at the same time, I'm not sure the seller is going to be accepting of a long-term consensus price of $3,000."" A promoter would have used a $4,000 gold price as a marketing plank. He used it as a reason to be careful. Asked about joining the S&P 500 he says plainly, ""I think we're still a bit of ways.""
- *Fourth quarter 2025:* organisational, not triumphal. The emphasis is on getting one-off costs out of the way — ""I want everything done by the end of this year that is nonrecurring... we need to start building this record of quarter-over-quarter.""
- *First quarter 2026:* the most confident of the five, and for the first time the confidence is expressed in capital rather than adjectives: a bigger revolver, a repurchase authorisation, and $300 million of debt retired.

There is no shift from offensive to defensive language across the window. There is a shift from *acquisitive* to *integrative*, which is different and appropriate.

---

## 4. Guidance credibility

**Rating: High.**

Three independent pieces of evidence point the same way.

First, the delivery record. Full-year 2025 results came in inside every guidance range issued in March 2025 except other-metals revenue, which exceeded the top of its range (19 February 2026). That was achieved despite Centerra cutting Mount Milligan gold guidance mid-year on lower-than-expected grades and Ero cutting Xavantina guidance. The screener's own count is a beat in 5 of the last 7 quarters, or 71%.

Second, the method, which management set out unprompted in the second quarter of 2025 when pressed on how the ranges are built. Martin Raffield, who runs operations: ""We don't take the guidance ranges supplied by the operators and just use those... We receive monthly budget data from the stream partners. We forecast each asset based on historical performance... We build in timing adjustments between production deliveries and sales."" He then volunteers the weak point himself — that concentrate shipping lags can run ""up to 5 to 6 months"" and that ""it's a pretty inexact process."" Naming your own error bar is credibility-positive.

Third, and most telling, what they leave *out*. Twice — on the Mount Milligan cost-support ounces and the deferred gold — management explicitly excluded ounces from both the sales guidance and the gold-equivalent-ounce count, even though including them would have flattered the headline. Chief financial officer Paul Libner, second quarter 2025: ""those ounces will not be part of our 2025 sales guidance, and they're not going to be reflected in our GEO calculations."" That is the opposite of the capacity inflation this sector is known for.

There is no sandbagging pattern worth flagging. The ranges are wide enough to absorb operator variance and they are hit, not crushed.

---

## 5. Analyst pressure points

**The buyback, asked four times over four calls.** Lawson Winder raised it in the second quarter of 2025; Josh Wolfson of RBC opened the first quarter of 2026 by noting he had ""also asked on the buyback as I have done historically."" Management said no repeatedly and then reversed — but reversed on stated logic rather than on pressure, and only after the share price fell. This was analyst persistence that was eventually vindicated.

**The Pueblo Viejo silver deferral — the one genuine sore.** Tanya Jakusconek: ""every day, keep thinking about the silver circuit."" At the end of the first quarter of 2025 the deferral stood at **1.97 million ounces**, and silver recovery at the mine must exceed **52.5%** before Royal Gold receives any of it. Management's guidance a year on (fourth quarter 2025 call) was that Barrick is feeding highly weathered stockpile material that is hurting flotation and autoclave performance, and that ""the stockpiles are going to be part of the ore feed for the next 5 years,"" as Jakusconek pointed out. This is the clearest case in the file of a stream promise not arriving on the original schedule, and it is not resolved.

**Deal size, asked every single quarter.** The answer drifted from ""$100 million to $300 million"" (first quarter 2025) to ""we are seeing larger ones"" (same call, under pressure) to ""$100 million to $500 million"" (fourth quarter 2025), with Heissenbuttel explaining the inflation honestly: ""with metal prices where they are, every gold-equivalent ounce we buy is going to be more expensive."" That is a straight answer to a question about capital discipline.

**Visibility on the acquired and net-profit-interest assets.** Brian MacArthur pressed on Antamina, which delivered $13 million in the first quarter of 2026. Heissenbuttel's answer — ""$13 million was more than the annual revenue received in certain years in the past... NPIs are impossible to estimate"" — and Raffield's ""we have almost no visibility into that"" are candid, but they confirm that a slice of the enlarged revenue base is genuinely unforecastable quarter to quarter.

**What analysts are not yet pressing on, and should be:** the return on the capital deployed in 2025. Nobody on these calls asked management to defend an 8.2% return on invested capital against Wheaton's 18.1%.

---

## 6. Concerning and positive signals

**Concerning**

- *Returns on the enlarged capital base are the worst in the peer group.* Return on invested capital of 8.2% and return on equity of 9.0% for 2025, against Wheaton at 18.1%, Franco-Nevada at 14.3%, OR Royalties at 13.9% and Triple Flag at 11.6%. Forward maths is better — first-quarter 2026 earnings annualised against period-end equity is roughly 15% — but the trailing number is the honest scoreboard on the 2025 deals, and it says Royal Gold paid a full price.
- *Management effectively conceded the point.* In the first quarter of 2026 Heissenbuttel said sector investments ""are being priced at 1.7 times"" net asset value while his own shares had traded ""at a P/NAV of less than 1.4 times."" Buying at 1.7 times with paper worth 1.4 times is value-dilutive to existing owners, and he knows it — that is precisely why the repurchase authorisation exists.
- *Insiders are selling, not buying.* Zero open-market purchases against 18 disposals totalling 18,048 shares. The company is buying its stock while the people running it are not. Both facts are true and they point in opposite directions.
- *The metal has turned.* Gold peaked at $5,366 on 1 March 2026 and trades at $4,153.90 today, roughly 23% lower and 9% below its own 200-day average. Royal Gold's measured sensitivity to gold is 1.25 times, and the deterministic torque estimate says a 10% move in the metal swings earnings before interest, tax, depreciation and amortisation by about 12.7% — in **both** directions.
- *The development book still calls for cash.* $70 million into Hod Maden and $50 million into Warintza in the second quarter of 2026 alone. The claim that a royalty company never writes cheques is true of the producing book and false of the pipeline.
- *Quantitative models turned negative.* Zacks moved the shares to its lowest rank on 22 June and again on 13 July 2026, consistent with falling gold cutting forward estimates.

**Positive**

- *The counterparty list is exceptional.* Barrick, Newmont, Teck, First Quantum, Vale, Glencore, Ivanhoe, MMG, Zijin and Centerra operate the assets. These are not juniors, and that is the single most durable fact in the file.
- *Reserve life is being extended, repeatedly and by others' money.* Mount Milligan from 2036 to 2045 (third quarter 2025). Pueblo Viejo to the mid-2040s. Kansanshi with ""a 20-year production history and the potential to operate for a further 20-plus years."" Xavantina extended four years to 2032. Fourmile described by Barrick as multigenerational at 600,000–750,000 ounces a year over 25 years, fully covered by Royal Gold's 1.6% gross royalty.
- *A royalty rate step-up nobody is talking about.* At the Cortez complex the blended royalty rate rises to 3.5–4% in 2026 from 2.6% in 2025 (fourth quarter 2025 call), against operator guidance of 700,000–780,000 ounces.
- *Debt is coming down faster than promised.* Gross borrowings of $965.6 million at 31 December 2025, $595.7 million at 31 March 2026, and $400 million drawn at 30 June 2026, with $1.0 billion undrawn.
- *The first buyback in company history was executed low, not high.* **147,205 shares at an average of $203.80, for $30 million**, during the second quarter of 2026 — within about 2% of today's price, and after the shares had fallen roughly a third from their high. Counter-cyclical repurchase is rare in this sector; the usual pattern is buying at the top.
- *Twenty-five consecutive annual dividend increases,* to $1.90 a share for 2026, and the only precious-metals company in the S&P High Yield Dividend Aristocrats index.
- *Complexity is being removed, not added.* Bear Creek converted to cash, shares and royalties; Highlander sold; Hod Maden reduced from a joint-venture stake to 15% plus a royalty.

---

## 7. Hidden signals

**The valuation sentence.** In the first quarter of 2026 call, asked what changed on the buyback, Heissenbuttel gave the clearest window into management's own net-asset-value work anywhere in these transcripts: *""if you can buy back your shares at 1.4 times, and investments in the sector are being priced at 1.7 times, we should know our assets better than anything new we are going to add to the portfolio. So if we are going to use capital, is that a better use of capital?""* Two things follow. First, this is a management team that has internalised the discipline of comparing acquisitions against its own share price — the discipline this sector most often lacks. Second, it is a soft disclosure that the shares were trading roughly 18% below where the market prices comparable assets.

**A ring-fence most managements would not build.** In the same call: *""we do not plan to use expanded revolver capacity to buy back shares.""* Borrowing to repurchase stock at a cyclical high in the underlying commodity is one of the classic ways mining balance sheets are destroyed. Ruling it out unprompted is a meaningful governance signal.

**Terminology shift: from assets to record.** The fourth-quarter 2025 language — ""we need to start building this record of quarter-over-quarter of sort of recurring business where we can show the revenue, we can show the cash flow"" — marks the moment management stopped selling the transaction and started selling the run rate. The corresponding disclosure change (regional grouping with the largest interests broken out) is consistent with that.

**They decline to front-run their own operators.** Asked about Cortez in the first quarter of 2026, Raffield: ""we should just wait for Barrick to come out on Monday. I would not like to front-run anything that they are going to say at this stage."" Small, but it is the behaviour of a company that does not selectively leak good news.

**No new voices, and that matters.** The same four executives — Heissenbuttel, Libner, Raffield and Alistair Baker in investor relations — run every call in the window, through a transformational acquisition. There is no chief financial officer turnover, no restatement, no auditor change. In a sector where management churn often precedes bad news, continuity through integration is a positive.

---

## 8. Capital-allocation verdict

**Classification: Strengthening.**

The business is materially larger, more diversified and lower-risk per asset than it was fifteen months ago, cash margins never broke, guidance was delivered through two operator disappointments, debt is being retired ahead of schedule, and the company initiated its first-ever repurchase near a cyclical low rather than a high. Very little in the transcripts triggers the mining kill list: there is no serial equity issuance beyond one disclosed, shareholder-approved acquisition; no capacity or backlog inflation — in fact management repeatedly excluded ounces that would have flattered the headline; and the tone is conspicuously unpromotional at exactly the moments a promoter would reach for the megaphone.

**The single thing to weigh before sizing.** Not whether the business is good — it is — but **what metal price the price you pay assumes.** Royal Gold's earnings are struck against gold at $4,154 an ounce today, having realised roughly $4,871 in the first quarter of 2026 and $4,506 in the second. The metal is 23% below its March 2026 peak and below its own 200-day average, and the company's measured sensitivity is 1.25 times. An apparently cheap multiple on earnings generated at a metal price near an all-time high is not the same thing as a cheap multiple on normalised earnings. That, and not credibility, is the live question.

**Economic moat: narrow, and stable.** The moat type is a **regulatory and contractual licence** — perpetual land-based royalties and long-dated stream agreements that cannot be competed away, whose unit cost ($871 per ounce) is written into a contract and therefore does not inflate with diesel, labour or grade decline the way a miner's costs do. That is genuinely durable. But the width test has to be run on the returns evidence, and the returns evidence is not yet flattering: 8.2% return on invested capital and 9.0% on equity for 2025 are the lowest in a peer group where Wheaton earns 18.1%. The contracts are wide-moat; the returns on the enlarged capital base have not yet proved it. The trend is stable rather than eroding, because the dilution is a one-off step-up in the capital base from the 2025 acquisitions, not a decay in contract economics — cash margins held at 83% throughout.

**Secular threat: none.** Nothing in the structural-force list touches this business. There is no software substitute for a gold royalty, no disintermediation path, no reimbursement regime and no channel shift. The threat here is entirely cyclical — the gold price — which by definition does not impair terminal value, only the path to it. Where the shares are cheap, the cheapness is a fear print about the metal and about a recently digested acquisition, not a structurally shrinking base. The honest caveat is that a cyclical peak in the commodity can look identical to a cheap multiple, and telling those apart is the work of the valuation, not of this dossier.

CREDIBILITY_SCORE: 4 | TRAJECTORY: STRENGTHENING | MOAT: NARROW | MOAT_TREND: STABLE | SECULAR_THREAT: none
"
4,HBM,Basic Materials,76,copper_mining,copper_mining,copper_mining,producer,"Operates open-pit and underground mines - Constancia in Peru, Snow Lake in Manitoba, Copper World in Arizona - producing copper concentrate with zinc, gold and silver by-products.","Polymetallic base-metal producer - sells copper concentrate as the dominant product with meaningful zinc, gold and silver by-product credits.","Hudbay mines copper concentrate in Peru, Manitoba and British Columbia at a verified first-quartile cost - a negative cash cost per pound once by-product credits are counted - with reserve lives extended into the 2040s and effectively no net debt.","The screened 66.5% margin is about fifteen points too high: trailing profit embeds a $322M non-cash Copper World impairment reversal from the September 2025 quarter, and the honest adjusted figure is 51%. The cost claim itself is verified - 2026 cash cost guidance improved on 29 July 2026 to minus $0.45 to minus $0.25 per pound of copper, with a June 2026 quarter actual of minus $0.40 against a $1.39 sustaining cash cost. A plus-or-minus 10% copper move swings cash profit by plus-or-minus 11.3%, and that minus 11.3% is absorbable precisely because it is taken from a first-quartile position - that is what separates torque worth owning from a coin flip.","Reserve lives run into the 2040s at Constancia and Snow Lake and Copper World is permitted; against that, concentrate sells on annual smelter terms with no long-dated contract cushion, and the depletion of high-grade Pampacancha ore in late 2025 removed the gold by-product credits that flattered earlier quarters - which is why margin fell from 48.6% in the March quarter to 41.0% in June 2026.","Net debt of 0.04 times cash profit - effectively unlevered - with interest cover of 9.4 times. The risk ahead is the Copper World build, which is exactly the point in a cycle where this sector historically overreaches; the seat is sized on the assumption that it will be funded from cash flow.","Base fair value of $26.75 against a $24.765 price and a reconciled margin-of-safety reading of about plus 8% - the guard passes, but the deduction is real: strip the impairment reversal and the stock is 8.6 times enterprise value to cash profit rather than the screened 6.6 times, so part of the apparent cheapness was an accounting artifact. The adverse case at $14.50 is 41% below.",0.665,q1_low_cost,0.113,"Expanding year-on-year, contracting sequentially: gross margin was 41.0% in the June 2026 quarter ($266.8M on $651.0M of revenue) versus 32.9% a year earlier ($176.5M on $536.4M) — an 8-point expansion on 21% higher revenue — but down from 48.6% in the March 2026 quarter on revenue that fell 14% sequentially from $757.3M, as the depletion of the high-grade Pampacancha ore in late 2025 removed gold byproduct credits.",0.1299,,1.02,HGUSD,0.04,9.4,strong,False,False,False,"{""copper_mining"": ""NEUTRAL""}","Copper reads neutral in the sidecar, and this is the seat built to sit through a neutral chain: a bottom-quartile cost position bounds the downside without needing the metal to rise, and the two-year measured beta of 1.02 confirms it is a genuine copper producer rather than a hedged one.","A phase of imposed positive real rates favours producers that convert to cash quickly, and a negative cash cost per pound is as fast as conversion gets. The growth-and-cooling-inflation quadrant favours demand-linked metals such as copper on volume, which is a reason to be comfortable holding the seat - not a reason to size it larger, since the macro layer moves nothing here.",,8.0,,EXCLUDE_ELIGIBILITY,global-growth-china-demand; copper-cost-curve,37.5,0.357,12.5,True,2 tranches / 2 wks,18.0,14.5,B,3,PENDING_HARD,$26.75 per share,"Base case deliberately marks the commodity below spot — copper $6.00 per pound (between the $6.65 spot and the $5.81 200-day average) and gold $3,900 per ounce — because sizing a position off a 52-week-high commodity print is the momentum error this lane exists to avoid.

- Producing base (Peru, Manitoba, British Columbia): $9,750M, or $21.95 per share. About $1,300M of 2027 run-rate EBITDA — trailing adjusted EBITDA of $1,271.6M taken down roughly $190M for the softer commodity deck and back up for the 2027 volume step-up — capitalised at 7.5 times, the peer median (Teck 7.4, Ero 6.6, Lundin 10.8), with Hudbay earning the upper half of that range on first-quartile costs, net cash and long reserve lives, and giving some back for Peruvian single-asset and social-unrest concentration.
- Copper World Phase I, 70% attributable: $1,050M, or $2.36 per share. The Mitsubishi-validated $2,000M whole-project mark, taken at 70% and risked 75% for the pre-announced feasibility capital increase and a first-production date in the second half of 2029.
- Cactus: $900M, or $2.03 per share. 70% of the $1,280M enterprise value paid — the 30% acquisition premium is not carried, because the market has not validated the price and the study that would is not due until the second half of 2027.
- Mason: $150M, or $0.34 per share.
- Net cash: $80M, or $0.18 per share.

Total $11,930M / 444.1M shares = $26.86, rounded to $26.75. Sanity check against the peer group: at the base fair value the producing base implies about 7.5 times EBITDA, squarely mid-pack against the true competitors. At today's $24.77 the whole company already trades at 8.6 times trailing adjusted EBITDA — a premium to Teck and Ero — so the base case is not asking the market to re-rate the operating business at all; it is asking only for the development pipeline to be carried at three quarters of what an outside partner and Hudbay itself have paid for it.","Poor, and the asymmetry runs the wrong way. From $24.765: downside to the $14.50 adverse case is roughly $10.27 per share; upside to the $26.75 base fair value is roughly $1.99 per share. Even against the $35.50 favourable case the payoff is roughly one-to-one. There is no structural floor beneath the stock — net cash is $0.18 per share and the dividend is C$0.01 a quarter, neither of which supports a price. The operating business is excellent; what is missing is a discount.","ERO, LUN.TO, CS.TO, TECK, TGB, FM.TO","Hudbay is the lowest-cost copper producer among its listed peers, and the cost position is real rather than presentational. Because roughly 39-41% of gross revenue comes from gold, the gold and silver credits exceed the entire cash cost of mining copper, so the company reports negative cash costs — negative $0.40 per pound in the June 2026 quarter against a copper price of $6.65 per pound. Management improved 2025 cost guidance twice and beat the twice-improved range, then improved 2026 guidance again on 2026-07-29 to negative $0.45 to negative $0.25 per pound. Copper production guidance has been achieved for eleven consecutive years and gold for five, including through two months of mandatory wildfire evacuations in Manitoba and a nine-day stoppage plus legal blockades in Peru during 2025.

The balance sheet transformation is complete and was achieved without issuing equity to fund operations. Net debt of $526 million in March 2025 became net cash of $80.5 million by June 2026, with over $330 million of debt and gold-prepayment liabilities retired — much of it through senior-note buybacks executed below par, which is disciplined rather than cosmetic. Leverage is effectively zero. In March 2026 the company extended reserve lives at all three producing mines: Peru to 2040, Manitoba to 2041, British Columbia to 2045. Durability in mining is the life of the orebody, and all three got longer.

The volume story is the near-term engine and it is already funded. Consolidated copper production steps up from 110,000-138,000 tonnes guided for 2026 to 140,000-184,000 tonnes in 2027 — a roughly 30% increase at the midpoint — driven by three specific, dated, low-capital projects: the pebble crushers in Peru commissioning in the third quarter of 2026, the British Columbia mill reaching its 50,000-tonne-per-day target in the second half of 2026 (it hit a record 40,000 tonnes per day in the June quarter), and New Ingerbelle arriving around 2028 with roughly double the gold grade and about one third of the waste-stripping ratio of the current pit. None of these require a new mine.

The development pipeline has been validated by an outside party at a price. Mitsubishi Corporation paid $600 million for 30% of Copper World in Arizona — $420 million received on closing in January 2026, $180 million more within 18 months — an arm's-length mark implying roughly $2 billion for the whole project against a 2023 pre-feasibility net present value of $1.1 billion struck at just $3.75 per pound copper. That structure defers Hudbay's own equity contribution to 2028 at the earliest and cuts its remaining capital share to roughly $200 million. Copper World is fully permitted on private land, holds 385 million tonnes of reserves at 0.54% copper with a 20-year Phase I life, and would lift consolidated copper production by more than 50%. A definitive feasibility study lands early in the fourth quarter of 2026 and a board sanction decision late in 2026, with first production targeted for the second half of 2029.

Two tailwinds are being under-appreciated. Treatment and refining charges — what smelters deduct for processing concentrate — are budgeted at zero, and the chief financial officer disclosed on the Q4 2025 call that the company is signing deals below zero, meaning smelters are effectively paying Hudbay to take its concentrate. That is a direct read on global concentrate scarcity and it means the cost guidance is conservative again. Separately, management flagged potential premiums of 3-12% for copper produced in the United States on the COMEX exchange versus London pricing, and Hudbay's entire growth pipeline — Copper World, Cactus, Mason — sits on American ground.

Conditions that must hold: copper must stay near or above roughly $6.00 per pound; gold must not fall much below $3,800 per ounce, since it carries the byproduct credit that produces the negative cash cost; the Copper World feasibility capital number must land as a manageable increase rather than a genuine overrun; and the 2027 volume step-up must actually arrive on schedule.","The bear case does not need the company to stumble. It only needs copper to stop being at a 52-week high.

Copper trades at $6.65 per pound as of 2026-08-04, roughly 1% below its 52-week high of $6.69 and against a 200-day average of $5.81 and a 52-week low of $4.36. The metal has more than doubled off its low. Hudbay's earnings and its multiple are both being marked off that print. The deterministic torque figure says a 10% move in copper swings EBITDA by 11.3%, and the company's own disclosed sensitivity corroborates it almost exactly: on the Q1 2025 call management said every 10% increase in the annual copper price adds about $100 million to operating cash flow and a 10% gold move adds $56 million. Torque is symmetric. A 10% fall in copper alone removes roughly $145 million of EBITDA from a $1,271.6 million base. A move back to the 200-day average of $5.81 — which requires no crisis at all, merely mean reversion — takes out roughly $170 million.

The apparent cheapness is an accounting artifact. The screen shows 6.6 times enterprise value to EBITDA, but that trailing EBITDA of $1,654 million includes a $322 million non-cash impairment reversal on Copper World from the September 2025 quarter. On the company's own trailing adjusted EBITDA of $1,271.6 million the stock trades at 8.6 times. That is a premium to Teck Resources at 7.4 times and to Ero Copper at 6.6 times, and a discount only to Lundin Mining at 10.8 times. Hudbay is not a cheap copper miner. It is a fully-priced one on peak-cycle earnings.

The negative cash cost — the headline that anchors the whole quality argument — is a precious-metals story wearing a copper costume, and its engine is already deflating. Gold at $4,151 per ounce is 26% below its 52-week high of $5,627 and below its 200-day average of $4,587; silver at $60 is roughly half its 52-week high of $121. Worse, the decline is structural as well as cyclical: management's own three-year outlook has consolidated gold production falling 9% from 2025 levels, and Manitoba gold — the highest-margin ounces — stepping down from 180,000-220,000 ounces in 2026 to 160,000-200,000 by 2028 as Pampacancha depletes. Falling gold volumes multiplied by a falling gold price is the fastest route from negative cash costs back to ordinary ones, and no analyst on any of these five calls asked management to quantify it.

Capital discipline broke at exactly the wrong moment. On 2026-06-24 Hudbay issued 46.8 million shares — about 11.7% of the company — at a 30% premium to Arizona Sonoran's prior close, an enterprise value of roughly $1.28 billion, to acquire the Cactus project. Cactus is pre-feasibility; its updated study is not due until the second half of 2027; management has budgeted $30 million just for de-risking work in the second half of 2026. Meanwhile the company has held authorisation to repurchase its own shares since 2025, renewed it in 2026, and never used it once — including when the stock traded at $9.04. Asked directly by Desjardins in Q2 2025 and by Bank of America in Q1 2026, management twice declined: it is ""good housekeeping"" and ""we are not committing to any set dollar amount."" Printing stock at $24 to buy undeveloped ground while declining to buy your own at $9 is the sector's oldest way of destroying value.

The development pipeline is about to consume cash rather than produce it. Management has already conceded, on the Q2 2026 call, that the Copper World feasibility capital number will exceed the 2023 pre-feasibility estimate of $1.3 billion, citing inflation ""plus additional capital related to project scope changes."" The study itself slipped from mid-2026 to early in the fourth quarter. First production is not until the second half of 2029. Once the board sanctions the project late in 2026, Hudbay converts from a free-cash-flow harvester into a builder, and builders trade at lower multiples than harvesters. Note also that free cash flow is already thinner than the story: on the screener's basis, after $541 million of capital spending, trailing free cash flow is $246 million on $787 million of operating cash flow — a 2.2% free cash yield on an $11.0 billion market capitalisation. And of the $890.9 million cash balance, $334.5 million is restricted to Copper World and is not Hudbay's to spend.

Operational fragility is concentrated and recurring. Peru is a single mine producing more than half of consolidated copper, in a jurisdiction that delivered a nine-day stoppage and legal blockades in the September 2025 quarter, and its port has now deferred concentrate sales twice in four quarters — about 20,000 dry metric tonnes worth roughly $60 million into the fourth quarter of 2025, and about 10,000 dry metric tonnes into July 2026, which is why the June 2026 quarter missed revenue expectations at $631.3 million against roughly $652 million. Pampacancha, the high-grade zone that carried the gold credits, is depleted. The Consulta Previa consultation that gates exploration at Maria Reyna and Caballito has been undateable for over a year.

What would confirm the bear: copper closing below $5.75 per pound; the Copper World feasibility capital landing above roughly $1.8 billion; gold below $3,600 per ounce; or the 2027 copper guidance of 140,000-184,000 tonnes being trimmed at either the pebble-crusher commissioning or the British Columbia 50,000-tonne-per-day milestone.","$35.50 per share, on 444.1 million shares outstanding (post the June 2026 Arizona Sonoran issuance), assuming copper holds near the spot $6.65 per pound and gold near $4,150 per ounce.

- Producing base (Peru, Manitoba, British Columbia) — $12,720M, or $28.64 per share. Trailing adjusted EBITDA of $1,271.6M grown roughly 25% onto 2027 guided volumes (copper 140,000-184,000 tonnes versus 110,000-138,000 in 2026) gives about $1,590M of run-rate EBITDA, capitalised at 8.0 times. The 8.0 times sits between Teck at 7.4 and Lundin at 10.8 and is earned by first-quartile costs, net cash, and 14-to-19-year reserve lives at all three mines.
- Copper World Phase I, 70% attributable — $1,400M, or $3.15 per share. Taken at the Mitsubishi mark: $600M for 30% implies roughly $2,000M for 100%. Fully permitted, 385 million tonnes at 0.54% copper, 20-year Phase I life. Phase 2 carried at zero.
- Cactus (Arizona Sonoran) — $1,280M, or $2.88 per share. Carried at the enterprise value Hudbay paid in June 2026.
- Mason — $300M, or $0.68 per share. A 27-year, roughly 140,000-tonne-per-annum copper project at pre-feasibility stage, with $20 million of study spending in 2026.
- Net cash — $80M, or $0.18 per share.

Total $15,780M / 444.1M shares = $35.53, rounded to $35.50.","$14.50 per share, assuming the copper chain regime turns: copper reverts to $5.00 per pound (still above the 52-week low of $4.36 and below the 200-day average of $5.81), gold falls to roughly $3,600 per ounce and silver to $45.

- Producing base — $5,060M, or $11.39 per share. Copper carries about 61% of the $2,488M revenue base and gold and silver about 39%. A 25% copper decline removes roughly $380M of revenue and a 13% precious-metals decline a further $126M; at roughly 85% flow-through (cash costs are volume-driven, not price-driven, though Peruvian profit-sharing flexes) that is about $430M off EBITDA, leaving roughly $840M, or about $920M once 2027 volumes arrive. Capitalised at 5.5 times — trough copper multiples compress below where Ero trades today at 6.6 times in a strong tape.
- Copper World Phase I, 70% attributable, net of remaining obligations — $700M, or $1.58 per share. At $5.00 copper the 2023 pre-feasibility net present value of $1.1 billion (struck at $3.75 copper) does not expand much; management has already conceded the feasibility capital number will exceed the $1.3 billion estimate, first production is not until the second half of 2029, and Hudbay still owes roughly $200 million of equity plus the enhanced Wheaton stream give-away. Risked to roughly half the Mitsubishi mark.
- Cactus — $640M, or $1.44 per share. Half of what was paid. It is a pre-feasibility oxide heap-leach and solvent-extraction project with no updated study until the second half of 2027; the 30% takeover premium is written off first.
- Mason — $100M, or $0.23 per share. A study line item.
- Net cash — $0. The $80.5 million net cash position is immaterial per share, and $334.5 million of the $890.9 million cash balance is restricted to Copper World and cannot be distributed.

Total $6,500M / 444.1M shares = $14.64, rounded to $14.50. For context, this stock traded at $9.04 within the past 52 weeks, so a $5.00-copper bear case is a mean reversion, not a catastrophe.","Where we disagree with the market is not about the direction of the business — it is about what the business is worth and what the multiple actually is.

First, the street here barely exists. Only two price targets printed in the last quarter: Barclays at $32.00 on 2026-07-15, when the stock was $22.13, and one at $30.00 on 2026-05-21, when the stock was $24.74. That is not a street-wide view; it is two analysts. Any claim that ""the market is looking the wrong way"" has to survive the fact that almost nobody is looking at all. What that thin coverage does tell us is that the marginal buyer of this stock is not an analyst reading a model — it is a copper-beta allocator buying the commodity, which is exactly why the equity has tracked the metal to within a whisker of both their 52-week highs.

Second, and this is the disagreement that matters: the widely-quoted cheapness is arithmetically wrong, and it is wrong in the bulls' favour. Screens show Hudbay at 6.6 times enterprise value to EBITDA. That figure embeds a $322 million non-cash impairment reversal on Copper World taken in the September 2025 quarter. On the company's own trailing adjusted EBITDA of $1,271.6 million — the number management itself reported on 2026-07-29 — the multiple is 8.6 times. Hudbay is therefore more expensive than Teck Resources at 7.4 times and Ero Copper at 6.6 times, not cheaper. The prevailing framing of ""a first-quartile copper miner trading at a discount"" is the mispricing, and correcting it removes the entire relative-value case.

Third, the quality metric everyone cites is misattributed. Hudbay's negative cash cost — negative $0.40 per pound in the June 2026 quarter, guided to negative $0.45 to negative $0.25 for 2026 — is not a copper mining achievement. It is what happens when gold and silver credits, worth 39 to 41% of gross revenue, are subtracted from the copper cost line. That engine is deflating on two axes simultaneously. Gold at $4,151 per ounce is 26% below its 52-week high of $5,627 and below its 200-day average of $4,587; silver at $60 is about half its 52-week high of $121. And management's own three-year outlook has consolidated gold production down 9% from 2025 and Manitoba gold — the highest-margin ounces — stepping from 180,000-220,000 ounces in 2026 down to 160,000-200,000 by 2028 as Pampacancha depletes. Falling metal prices times falling ounces is a fast route back to ordinary cash costs. Across five earnings calls, not one analyst asked management to quantify that sensitivity. That is the genuinely unexamined assumption in this name.

Fourth, where we disagree with the bulls but side with management: the 90%-plus internal rate of return marketed for Copper World is a financing structure, not an orebody. Management said so themselves on the Q2 2025 call — the project return is around 20%; the 90% appears only because Mitsubishi and the streaming counterparty fund the first $600 million and Hudbay's equity is deferred to 2028. Anyone underwriting Copper World at the 90% number is underwriting a capital structure.","Wait for a better price. This is a genuinely excellent copper miner that is not currently available at a price worth paying, and those are two separate judgements that must be kept apart.

Start with what is true. Hudbay's cost position is first-quartile and verified, not asserted: 2026 cash cost guidance was improved on 2026-07-29 to negative $0.45 to negative $0.25 per pound of copper, with the June quarter printing negative $0.40 and a $1.39 per pound sustaining cost, against copper at $6.65. Cost guidance was improved twice in 2025 and beaten; production guidance has been achieved eleven consecutive years on copper and five on gold, including through two months of wildfire evacuations in Manitoba and a nine-day stoppage plus blockades in Peru. Net debt of $526 million in March 2025 became net cash of $80.5 million by June 2026, with over $330 million retired and bonds repurchased below par. Reserve lives were extended at all three producing mines in March 2026 — Peru to 2040, Manitoba to 2041, British Columbia to 2045. Contracting is a genuine tailwind: treatment and refining charges are budgeted at zero and the chief financial officer disclosed deals being signed below zero, meaning smelters are paying Hudbay to take its concentrate. On cost-curve position, on reserve life, and on the credibility of the operator, this name passes cleanly.

Now the two places it does not. First, capital discipline — the sector's besetting sin — cracked at the top of the cycle. On 2026-06-24 the company issued 46.8 million shares, about 11.7% of itself, at a 30% premium and roughly $1.28 billion of enterprise value, to buy a pre-feasibility-stage asset whose own study is not due until the second half of 2027. It did this while holding, and never using, an authorisation to repurchase its own stock that had been available since 2025 — including when that stock traded at $9.04. Asked about the buyback twice, by Desjardins in August 2025 and by Bank of America in May 2026, management gave the same non-answer both times. Issuing equity at $24 to buy undeveloped ground while declining to retire it at $9 is a real mark against an otherwise exemplary record.

Second, and decisively, the price. The screen shows 6.6 times enterprise value to EBITDA, but that figure is inflated by a $322 million non-cash impairment reversal booked in September 2025. On the company's own trailing adjusted EBITDA of $1,271.6 million the stock trades at 8.6 times — a premium to Teck at 7.4 times and Ero at 6.6 times. The bargain is an artifact. And the earnings being capitalised are peak-cycle earnings: copper sits within 1% of its 52-week high, against a 200-day average of $5.81 and a 52-week low of $4.36, having roughly doubled. Meanwhile the negative cash cost that anchors the quality argument is a gold and silver story — those metals carry 39 to 41% of revenue, gold is already 26% off its high and silver roughly half of its own, and management's own plan has gold volumes falling 9% from 2025 as Pampacancha depletes.

The torque cuts both ways and must be priced in both directions. The disclosed sensitivity — 11.3% of EBITDA per 10% commodity move, corroborated by management's own guidance of about $100 million of operating cash flow per 10% copper move — means a simple reversion of copper to its 200-day average removes roughly $170 million of EBITDA. Push copper to $5.00 and gold to $3,600, write the Cactus premium off, risk Copper World for the capital increase management has already pre-announced, and the sum-of-the-parts lands at $14.50. That is not a catastrophe scenario; this stock traded at $9.04 inside the past year.

That leaves roughly $2 of upside to a $26.75 base fair value against roughly $10 of downside, with no structural floor — net cash is $0.18 a share and a third of the cash balance is restricted to Copper World. A first-quartile operator does not make a full price into a cheap one. The regime read supports patience rather than urgency: the copper chain is neutral, not a tailwind, and the metal is at the top of its range, which is where cost-curve advantages get capitalised most generously and where mean reversion does the most damage.

The specific level to wait for is below roughly $19 per share — about a 25% drawdown, which is approximately what a copper move back toward its 200-day average delivers through the disclosed torque. At $19 the entry sits at a 29% discount to the base fair value, the operating base would be capitalised nearer 6.5 times against a 7.4 times peer median, and the development pipeline would be close to free. That is the same business at a price that pays for the cycle risk. The alternative trigger, less likely but equally valid, is a Copper World feasibility capital number that lands modestly and de-risks a fifth of the value early in the fourth quarter of 2026 — but management has already told us that number is going up, so the drawdown is the more probable route in.

The value case scores the same as the timing call, and for the same reason: the forensics are clean and the franchise is durable, but there is no discount to buy. A very good business at fair value is a hold, not a purchase.",4,STRENGTHENING,"# Forensic Dossier — Hudbay Minerals Inc. (HBM)

**Prepared 2026-08-04. Price used throughout: $24.77 per share on the New York Stock Exchange, in US dollars.** Hudbay is dual-listed (Toronto and New York); every figure in this dossier is the US-dollar New York line, which is also the currency the company reports in.

Transcripts reviewed: Q1 2025 (2025-05-12), Q2 2025 (2025-08-13), Q3 2025 (2025-11-12), Q4/full-year 2025 (2026-02-20), Q1 2026 (2026-05-01). Financial evidence: the screener's trailing-twelve-month block, the company's own filed quarterly statements through the June 2026 quarter, and the second-quarter 2026 results release of 2026-07-29.

---

## 1. NARRATIVE ARC

The story Hudbay told across these five calls changed in a very specific way: it went from **paying off debt** to **spending money again**, and the handover happened almost exactly at the top of the copper price.

In early 2025 the language was defensive and disciplined. Management talked about the ""3P financial plan,"" about ""prudent balance sheet management,"" about buying back its own bonds at a discount, about a leverage ratio of 0.6 times. The growth pipeline existed but was described as something to be *earned* — Copper World would be built once the balance sheet could carry it.

By the August 2025 call the pivot point arrived: Mitsubishi Corporation agreed to pay $600 million for a 30% stake in the Copper World project in Arizona. Management immediately reframed the company. The 3P plan was declared ""retired."" The vocabulary switched from repair to ambition — ""generational investments,"" ""unlock significant value,"" ""we are in a really enviable position.""

By the February 2026 call the transformation was complete and the superlatives arrived: the ""gold standard in the copper space."" By May 2026 the chief operating officer was telling an analyst that ""in the next five years, we could potentially triple copper production."" In June 2026 the company issued 46.8 million of its own shares — roughly 11.7% of the company — to buy Arizona Sonoran Copper and its Cactus project, and described the result as ""the third largest copper district in North America.""

Nothing was quietly dropped, which is itself a good sign. Every project introduced across these calls — the pebble crusher in Peru, the SAG mill conversion in British Columbia, New Ingerbelle, the 1901 deposit in Manitoba, Mason — was still being discussed with the same numbers a year later. What *changed* is the number of them, and the total dollars committed. This is a company that has moved from harvesting cash to deploying it, and investors should price it accordingly.

---

## 2. CLAIMS vs FINANCIALS (forensic)

| Management claim | Where said | What the numbers show | Verdict |
|---|---|---|---|
| ""Industry-leading cost performance"" | Every call | 2026 cash cost guidance improved to negative $0.45–$0.25 per pound of copper (2026-07-29); actual second-quarter 2026 cash cost was negative $0.40 per pound, sustaining cash cost $1.39 per pound. Negative cash costs mean by-product credits exceed the entire cash cost of production. | **Holds.** Genuinely first-quartile. |
| ""Record adjusted EBITDA"" | Q1 2026, Q2 2026 | Trailing-twelve-month adjusted EBITDA (earnings before interest, tax, depreciation and amortisation — a rough proxy for operating cash generation) of $1,271.6 million as of 2026-06-30, on revenue of $2,488 million. That is a 51% margin. | **Holds** — but see the correction below. |
| The screener's 66.5% EBITDA margin | Deterministic proxy | The proxy uses a trailing EBITDA of $1,654 million. That figure includes a **$322 million non-cash impairment reversal** on Copper World booked in the September 2025 quarter. Strip it and the margin is 51%, not 66.5%. On the company's own adjusted number the stock trades at **8.6 times** enterprise value to EBITDA, not the 6.6 times the screen shows. | **Proxy overstates by roughly 15 percentage points.** The cheapness signal is partly an accounting artifact. |
| ""Eleventh consecutive year of achieving copper production guidance, fifth consecutive year of gold"" | Q4 2025 (2026-02-20) | Delivered in 2025 *through* two months of mandatory wildfire evacuations in Manitoba and a nine-day production stoppage plus legal blockades in Peru. | **Holds, and it is the single most impressive fact in this file.** |
| ""Net debt at the end of the quarter was nearly zero"" | Q1 2026 | Confirmed: net cash of $80.5 million at 2026-06-30, from net debt of $526 million in March 2025. Over $330 million of debt and gold-prepayment liabilities retired since the start of 2024, much of it via bond buybacks **at a discount to par**. | **Holds.** Real deleveraging, done cheaply. |
| ""Significant free cash flow generation"" | Every call | Free cash flow of $101.8 million in the June 2026 quarter, over $200 million in the first half. But the screener's trailing free cash flow — the figure that counts *growth* capital spending too — is only **$246 million** on $787 million of operating cash flow, because capital expenditure ran $541 million. | **Holds only on the company's definition.** After growth spending, the free cash yield is 2.2%, not the double-digit number the headline implies. |
| Cash of ""over $1 billion"" | Q1 2026 | Cash was $890.9 million at 2026-06-30, and **$334.5 million of it is restricted to Copper World**. Unrestricted cash is roughly $556 million. | **Poorer than the story.** The headline cash number is not all Hudbay's to spend. |
| Copper World ""levered internal rate of return of 90-plus percent"" | Q2 2025 | Management said so itself in the same breath: ""versus a project IRR of around 20% for the project."" The 90% is what happens when the partner and the streaming company fund the first $600 million and Hudbay's own equity is deferred to 2028. | **Technically true, structurally misleading.** The asset earns 20%; the financing does the rest. To management's credit they disclosed both. |
| Copper World capital cost | Q2 2026 call | Management conceded the definitive feasibility study capital number **will exceed** the 2023 pre-feasibility estimate of $1.3 billion, citing inflation ""plus additional capital related to project scope changes,"" while insisting it will not be ""a blowout."" | **Deterioration, pre-announced.** |

The pattern is consistent: **the operating claims survive contact with the financials; the balance-sheet and valuation claims are dressed a shade better than the numbers support.**

---

## 3. TONE & CONFIDENCE TRAJECTORY

**Rating: Rising, and now arguably too high.**

- *Q1 2025:* measured, operational. ""We are extremely well positioned to deliver our full-year 2025 consolidated production and cost guidance."" Specific, bounded, delivered.
- *Q2 2025:* the balance sheet reaches ""its best position in well over a decade."" Confidence rises but stays anchored to a fact.
- *Q3 2025:* the most honest call in the set. Adjusted earnings of $0.03 per share, wildfires, blockades, a $60 million shipment stuck in port on ocean swells. Management led with ""a quarter of resilience"" and still *improved* cost guidance. Defensive framing, offensive result.
- *Q4 2025:* the tone breaks upward. ""Transformative year,"" ""third consecutive year of record financial performance,"" and the first appearance of ""the gold standard in the copper space.""
- *Q1 2026:* fully offensive. ""Record revenue, record adjusted EBITDA, and record adjusted earnings."" A confident answer that Manitoba's labour shortage ""is just a blip, and we are working through it.""

Guidance has become **more** specific over time, not less — the three-year production outlook published in March 2026 gives year-by-year copper and gold ranges through 2028. That is the opposite of a management team hedging.

The one genuine tonal warning is vocabulary. ""The gold standard in copper,"" ""the highest grade undeveloped open-pit copper oxide project in the world,"" ""the third largest copper district in North America,"" ""that itself is a company maker"" (on Manitoba exploration). None of these are lies. All of them are the kind of phrasing that appears in mining companies at the point where the share price has already done the work.

---

## 4. GUIDANCE CREDIBILITY

**Score: High.** This is the strongest part of the file and it is not close.

Track the cost guidance across a single year:

| Date | 2025 consolidated cash cost guidance |
|---|---|
| Original (early 2025) | $0.80 – $1.00 per pound |
| Q2 2025 (2025-08-13) | $0.65 – $0.85 per pound |
| Q3 2025 (2025-11-12) | $0.15 – $0.35 per pound |
| Outcome (2026-02-20) | Outperformed the twice-improved range |

And again in 2026:

| Date | 2026 consolidated cash cost guidance |
|---|---|
| Original | negative $0.30 – negative $0.10 per pound |
| Q2 2026 (2026-07-29) | negative $0.45 – negative $0.25 per pound |
| Year-to-date actual | approximately negative $1.00 per pound |

Guidance is revised in one direction — better — and then beaten. Production guidance has been met for eleven straight years on copper and five on gold, including a year with two months of evacuation. Where management said something would reverse, it reversed: the September 2025 quarter's stuck concentrate shipment ($60 million of value, blocked by ocean swells) did land in the December quarter, which printed record revenue of $733 million and $228 million of free cash flow. The wildfire insurance claim management refused to quantify in November 2025 came in at $25 million received in the December quarter.

There is a **sandbagging pattern**, and it is the investor-friendly kind: initial guidance is set conservatively and beaten. That is worth trusting — but it also means the *current* guidance is likely conservative too, which matters when you are trying to work out whether good news is already in the price.

Two blemishes. Revenue in the June 2026 quarter came in at $631.3 million against roughly $652 million expected — a miss, driven by another Peruvian port closure that deferred about 10,000 dry metric tonnes of concentrate into July. That is the **second port-driven sales deferral in four quarters**, which makes it a pattern rather than weather. And the Copper World definitive feasibility study slipped from ""mid-2026"" to ""early in the fourth quarter.""

---

## 5. ANALYST PRESSURE POINTS

**The buyback — asked twice, never answered.** Bryce Adams of Desjardins asked in Q2 2025 whether the newly-approved share repurchase programme was a priority. Eugene Lei called it ""good practice for companies of our size"" and ""good housekeeping."" Adams pressed: ""So it's good housekeeping, but not a priority?"" A year later Lawson Winder of Bank of America asked the same question directly — would 2026 see more buyback activity than 2025, when the programme ""was not acted upon at all""? Lei again declined: ""We are not committing to any set dollar amount of share buybacks at this time."" **The company has had the authority to buy its own shares for over a year, through a period when the stock traded as low as $9.04, and has not used it once.** Instead it issued 46.8 million shares to buy someone else's project. That is the single sharpest capital-allocation observation in this file.

**Copper World Phase 2 permitting — deflected twice.** Dalton Baretto (Canaccord) in Q1 2025 and Fahad Tariq (Jefferies) in Q2 2025 both asked what could accelerate the second phase. Both times: ""the time for advancing Phase 2 is not really now.""

**Copper World capital intensity — the question that turned into bad news.** Analysts pushed on this repeatedly. On the Q2 2026 call management conceded the number is going up.

**What analysts are not pressing hard enough on:** the by-product dependency. Nobody on these calls asked management what the cash cost looks like if gold and silver fall. That is the load-bearing question, and it is unasked.

---

## 6. RED FLAGS / GREEN FLAGS

🔴 **Stock-funded acquisition at the top of the cycle.** 46.8 million shares (about 11.7% of the company) issued on 2026-06-24 at a 30% premium to Arizona Sonoran's prior close, for a project whose own updated pre-feasibility study is not due until the second half of 2027. Enterprise value of the deal: approximately $1.28 billion. This is the mining sector's most reliable way of destroying value, executed by a management team that had until then been exemplary — and executed with copper within 1% of its 52-week high.

🔴 **The buyback that never fired.** Authorised 2025, renewed 2026, used zero times, including at $9.04.

🔴 **Copper World capital creep, pre-announced** (Q2 2026 call). The definitive feasibility study lands early in the fourth quarter of 2026 with a number above the 2023 estimate of $1.3 billion.

🔴 **The ""negative cash cost"" is a gold and silver achievement, not a copper one.** Gold is 39–41% of gross revenue. As of 2026-08-04 gold trades at $4,151 per ounce — 26% below its 52-week high of $5,627 and below its 200-day average of $4,587 — and silver at $60 per ounce is roughly half its 52-week high of $121. The by-product credit engine that produces the headline negative cash cost is already deflating.

🔴 **Recurring Peruvian logistics and social risk.** Two port-driven sales deferrals in four quarters; a nine-day stoppage plus legal blockades in the September 2025 quarter; and the Consulta Previa consultation process at Maria Reyna and Caballito that management has been unable to date for over a year (""it's in the hands of the government"").

🔴 **Promoter vocabulary is creeping in.** ""The gold standard in copper,"" ""company maker,"" ""the highest grade undeveloped open-pit copper oxide project in the world.""

🟢 **Cost guidance improved three times across two years and beaten each time.** Very few miners do this.

🟢 **Genuine deleveraging, executed cheaply.** From $526 million net debt (March 2025) to $80.5 million net cash (June 2026), with over $330 million retired and bonds repurchased *below par*.

🟢 **Reserve lives extended at all three producing mines** in the 2026-03-27 update: Peru to 2040 (488 million tonnes at 0.240% copper), Manitoba to 2041 (19.6 million tonnes, about 1.9 million ounces of gold), British Columbia to 2045 (345 million tonnes at 0.256% copper, 0.123 grams per tonne gold). A miner's real durability is the life of its orebody, and all three got longer, not shorter.

🟢 **Third-party validation of Copper World.** Mitsubishi paid $600 million for 30% — an arm's-length mark on an asset the market had been carrying at close to nothing — and the structure defers Hudbay's own equity contribution to 2028 at the earliest.

🟢 **Delivered guidance through genuine operational adversity** in 2025.

🟢 **First dividend increase in company history** (2026), plus a declared quarterly dividend of C$0.01 payable 2026-09-08. Small, but directionally right.

---

## 7. HIDDEN SIGNALS

**Treatment and refining charges are now a tailwind, and almost nobody noticed.** On the Q4 2025 call, asked what charge assumption sits inside the cost guidance, Eugene Lei said: ""our assumption is 0. So again, we're entering into deals that are lower — that are below 0."" Smelters are effectively paying Hudbay to take its concentrate. That is a direct read on global concentrate scarcity and it is a real, quietly-disclosed margin tailwind — and a reason to believe the cost guidance is again conservative.

**A possible tariff windfall, disclosed in passing.** On the Q2 2026 call management flagged potential premiums of 3–12% for copper produced in the United States on the COMEX exchange versus the London Metal Exchange. Hudbay's entire American growth pipeline — Copper World, Cactus, Mason — sits on the right side of that.

**The oil sensitivity is small and was volunteered.** ""For every $10 change in WTI oil, which we budget at $65 a barrel… it's about $0.04 per pound on the cash cost."" Precise, checkable, and offered without being asked. That is the behaviour of a team that knows its own cost stack.

**The framing shift from ""3P plan"" to ""generational investments.""** The financial-repair vocabulary was retired the moment the balance sheet allowed it, and replaced by growth language, in the same twelve months that copper roughly doubled off its low. Language follows the commodity, not the other way round.

**The gold profile is quietly declining while the story gets louder.** The three-year outlook has consolidated gold falling from 217,000–272,000 ounces in 2026 to a three-year average of 243,000 ounces — a 9% decrease from 2025, on Pampacancha's depletion. Manitoba gold specifically steps down from 180,000–220,000 ounces in 2026 to 160,000–200,000 by 2028. Since gold is the by-product credit engine, the cost structure has a slow structural headwind built into management's own published plan.

---

## 8. CAPITAL-ALLOCATION VERDICT (for the director)

**Classification: STRENGTHENING.**

This is a genuinely good operating company. The cost position is first-quartile and verified — negative cash costs are not a presentation trick, they are what happens when a copper mine also produces 240,000 ounces of gold a year. The balance sheet went from levered to net cash without an equity raise. Guidance has been met or beaten with a consistency that is rare in this sector, including through a year that handed them wildfires and blockades. Reserve lives were extended at all three mines. Management discloses its own inconvenient arithmetic (the 20% project return behind the 90% marketed return; the oil sensitivity; the port deferrals) rather than hiding it.

**The single most important thing the director must weigh before sizing a position is this: the operating quality is real, and it is already in the price, and the price sits on a copper print of $6.65 per pound against a 200-day average of $5.81 and a 52-week low of $4.36.** The screener shows this company at 6.6 times enterprise value to EBITDA. That number is wrong — it is inflated by a $322 million non-cash impairment reversal. On the company's own trailing adjusted EBITDA of $1,271.6 million the multiple is 8.6 times, which is a *premium* to Teck Resources at 7.4 times and Ero Copper at 6.6 times. The apparent bargain is an artifact. What is left is a very good miner at a fair-to-full price, on peak commodity earnings, having just spent 11.7% of itself on a pre-feasibility-stage asset instead of buying back its own stock at $9.

**Economic moat: NARROW, trend STABLE.** The moat type is scale-cost — a genuine, defensible position low on the industry cost curve, protected by grade, by-product credits, and long reserve lives (14 to 19 years across the three mines). The evidence supports narrow rather than wide: gross margin expanded from 32.9% in the June 2025 quarter to 41.0% in the June 2026 quarter and cash costs keep improving, which is not an eroding franchise. But return on invested capital is only 6.0% and return on capital employed 10.3% against a return on equity of 18.4% — the capital base ($7.0 billion invested) is growing faster than the earnings it produces, because so much of it now sits in undeveloped Arizona ground. The moat is not widening; it is being spent.

**Secular threat: none.** Copper sits on the winning side of electrification, and there is no structural force impairing the terminal value of a low-cost orebody with reserves to 2040–2045. The risk here is entirely cyclical, not terminal — which is precisely why the cheapness question must be answered on the commodity price, not on the multiple. This is not a value trap. It is a good company at a full price on a high copper tape, and those two things fail in completely different ways.

CREDIBILITY_SCORE: 4 | TRAJECTORY: STRENGTHENING | MOAT: NARROW | MOAT_TREND: STABLE | SECULAR_THREAT: none
"
5,AEM,Basic Materials,73,precious_metals,precious_metals,precious_metals,producer,"Mines and pours gold, with silver, copper and zinc by-products, at Canadian, Mexican and Finnish mines.",Senior gold producer selling refined bullion plus by-product base metals.,"Agnico Eagle pours about 3.4 million ounces a year at the lowest all-in cost in the senior tier and holds $3.267B of net cash, but the shares already trade above the reconciled value of the parts and those earnings were struck on a gold price that has started to fall.","Verified and in agreement with the screen: an all-in sustaining cost of $1,459 an ounce in the June 2026 quarter against a realised $4,483, a 67.5% all-in margin, with full-year guidance of $1,400-1,550 tracking inside range. The cost advantage over Newmont is about $220 an ounce - real, but at the thin end of management's claim of hundreds of dollars. A plus-or-minus 10% gold move swings cash profit by plus-or-minus 13.2%, and the minus 13.2% is the operative half here: the realised price already fell from about $4,900 to $4,483 between the March and June quarters and margin fell 4.2 points with it.","Reserves are booked at a $1,450 gold price - deeply conservative against a $4,483 realisation - across long-life mines in Canada, Mexico and Finland. There is no contracted book, because gold producers sell into spot, so nothing at all cushions the downside torque above.","Net cash of $3.267B, net debt of minus 0.3 times cash profit and interest cover near 116 times. It did not build at the top of the last cycle, which is the strongest single item in its file and the reason the seat survives a failing valuation guard.","The guard bites. Base fair value of $164 sits below the $181.44 price, the reconciled margin-of-safety reading is about minus 10%, and the adverse case at $107 is 41% below. Earnings behind that price were struck at a gold price now falling, so no part of the apparent cheapness is credited and the seat is cut.",0.718,q3_above_median,0.132,"Rolling over quarter to quarter, still up year on year. Gross margin was 62.2% in the second quarter of 2026 ($2.30B on $3.71B of revenue), down from 66.4% in the first quarter ($2.72B on $4.10B) on revenue that fell 9.6% - margin down on revenue down, because the realised gold price dropped from roughly $4,900 to $4,483 an ounce while unit costs rose. Against the same quarter a year earlier the picture is still expanding: 62.2% versus 58.6%, on revenue up 31.6%.",0.4932,,1.55,GCUSD,-0.3,115.9,strong,False,False,False,"{""precious_metals"": ""NEUTRAL""}","Precious metals read neutral in the sidecar, and a spot-selling producer is the shape with the least protection in a neutral chain: a two-year measured beta of 1.55 means it moves half again as much as the metal, in both directions.","This is the seat that sits worst against the phase read and it should own that plainly: the note says imposed positive real rates compete with a zero-yield asset and that monetary metals lack a driver while growth rises and inflation cools. It is held for its balance sheet and its cost position, not for the metal, and it is the leg cut to bring the gold cluster inside its cap.",,-9.6,,EXCLUDE_ELIGIBILITY,gold-real-rate,37.5,0.187,12.5,True,2 tranches / 2 wks,135.0,107.0,B,3,SOFT_EXTENDED,$164 per share,"Base case at $4,200 an ounce gold, about 5% below today's spot of $4,445 and close to the 50-day average of $4,148. Roughly $82.5B of equity value on 503 million diluted shares.

1. Producing mines - $69.2B, or about $138 a share. At $4,200 gold with all-in sustaining cost near $1,485 an ounce on 3.35 million ounces of payable production (guidance is 3.3-3.5 million, tracking the lower end after the Barnat pit wall failure), the all-in margin is $9.09B; less roughly $0.6B of corporate overhead and expensed exploration and 32% cash tax leaves about $5.77B of after-tax free cash on a sustaining basis. Capitalised at 12 times - above the 10.8 times a straight 16-year reserve-life annuity at a 5% discount would give, because reserves have been replaced net of depletion and 47.1 million ounces of measured and indicated plus 41.8 million ounces of inferred resource sit behind the 55.4 million ounce reserve, and because the A- credit rating and tier-one jurisdiction mix earn a genuine premium.
2. Growth pipeline - $8.0B, or about $16 a share. Hope Bay risked to roughly $2.3B against its published $4.3B net present value (a preliminary economic assessment leaning on inferred material, with first production not before 2030); Detour Lake underground $1.5B; the Canadian Malartic fill-the-mill package $1.5B; Upper Beaver $1.2B; the Finnish platform $1.0B, near the price paid; San Nicolas $0.5B for the 50% interest. The $5-6B of capital these consume through 2030 is already netted inside these figures.
3. Net cash - $3.27B, or about $6.50 a share. Verified at 30 June 2026: $3,464M of cash against $197M of total debt.
4. Junior equity portfolio - $1.2B, or about $2.40 a share, carried near the last disclosed figure and adjusted for 2026 additions.

No credit is taken for the non-core divestitures management has hinted at for four consecutive quarters without announcing a single sale, and none for the unbooked option in reserves stated at a $1,450 an ounce price deck against $4,445 spot - that optionality is real but it converts through the reserve-conversion process, which management has self-capped at about 500,000 ounces a year.","The base-case fair value of $164 sits below the current $181.44, so the reconciled sum of the parts implies the stock has already run past fair value rather than toward it. The adverse case is $107, roughly 41% below the price and reached by two independent routes - a sum-of-the-parts at $3,400 an ounce gold and a commodity-beta translation of the same move. The favorable case is $225, about 24% above, and it requires gold to sustain $4,800 an ounce, 8% above spot. There is no structural floor: the balance sheet carries only $6.50 a share of net cash, there are no deal terms and no tender, and the $130.04 52-week low is a chart level, not a floor. The setup is therefore asymmetric in the wrong direction at this price, and it inverts on a pullback to roughly $150 - a level that restores a genuine margin of safety to the $164 base and coincides with where the 50-day average sat before the recent 25% run.","NEM, B, KGC, AU, GFI, AGI, BTG","The bull case is that this is the highest-quality operator in gold mining, it is being run by people who behave like owners, and the assets are worth more than the current price because the growth is already paid for and already owned.

Start with what is verifiable rather than promised. Over the twelve months to 30 June 2026 Agnico generated $14.43B of revenue, $10.36B of earnings before interest, tax, depreciation and amortisation (EBITDA), $4.50B of free cash flow and $11.62 of diluted earnings per share. It ended June with $3.46B of cash against $197M of total debt - a net cash position of $3.27B - after retiring roughly $1.6B of gross debt across 2024 and 2025. Moody's upgraded the company to A3 in the third quarter of 2025 and Fitch to A- in the first quarter of 2026. Diluted share count went from 502.1 million in the third quarter of 2024 to 502.9 million in the second quarter of 2026, essentially flat, and that is after funding an acquisition of Rupert Resources. In a sector whose defining behaviour is serial equity issuance, this company has issued nothing and bought back stock every quarter, most recently 2.24 million shares in the second quarter of 2026 at an average of $178.86 - the 39th percentile of a 52-week range running from $130.04 to $255.24, and below today's price.

The cost position is genuinely structural, not a cycle artifact. Second-quarter 2026 all-in sustaining cost was $1,459 an ounce against Newmont's 2026 guidance of roughly $1,680. The reasons are checkable: the Abitibi platform in Quebec and Ontario hosts five of the ten operating mines including Canada's two largest gold mines and delivered over a million ounces at roughly $850 an ounce cash cost with a 73% operating margin in the first half of 2025; grid power in the core regions is hydro and nuclear rather than diesel; Nunavut diesel is pre-purchased through the barge season and hedged, so a 10% diesel move is worth only about $6 an ounce, a sensitivity management reaffirmed in a quarter when oil traded above $100 a barrel.

The reserve base is the least appreciated asset. Year-end 2025 reserves hit a record 55.4 million ounces, up 2% after mining 3.45 million, with measured and indicated resources of 47.1 million ounces (up 10%) and inferred resources of 41.8 million ounces (up 15.5%) behind them. Crucially, those reserves are stated at a gold price near $1,450 an ounce and resources near $1,750, while gold trades at $4,445. Management refused twice, under direct analyst pressure in July and October 2025, to lower cut-off grades or restate the price deck beyond inflation: 'we don't want to lower the cutoff grade... we don't want to change the mining sequence.' That refusal means the record reserve figure is not a price artifact and that there is a very large unbooked option sitting in the ground.

The growth is owned, funded and partly sanctioned. Five projects - Detour Lake to a million ounces, Canadian Malartic to a million ounces, Upper Beaver, Hope Bay and San Nicolas - carry a stated 1.3 to 1.5 million ounces of potential annual production, a figure held flat across four consecutive calls rather than escalated. Hope Bay was formally sanctioned on 19 May 2026: $2.4B of initial capital for 400,000 to 435,000 ounces a year over an eleven-year life at roughly $1,214 an ounce all-in sustaining cost, a 26% internal rate of return and a $4.3B net present value at a 5% discount rate on a $4,500 gold assumption. Upper Beaver is ahead of schedule on both ramp and shaft with production pulled forward to 2030. The first Canadian Malartic shaft finished sinking in July 2026, ahead of schedule, for mid-2027 commissioning. On top of that, the Finnish land consolidation completed on 16 June 2026 adds a path to a 500,000-ounce northern European platform that was explicitly excluded from the 1.3-1.5 million ounce figure. The whole programme costs $5-6B through 2030 against roughly $4.5-5.0B of annual free cash flow at spot gold - it is self-funded with room to keep buying back stock.

Operating leverage is far friendlier than the sector's reputation suggests, and that is a bull point in both directions. With cash costs at roughly 24% of the gold price, a 10% move in gold swings EBITDA by only about 13% - the deterministic torque proxy of 0.132 checks out arithmetically ($445 an ounce on 3.35 million ounces is $1.49B against a $10.5B EBITDA base). This is a low-beta way to own gold production.

The conditions the bull case needs: gold holding near or above $4,200 an ounce; 2026 production landing inside the 3.3-3.5 million ounce range despite the Barnat pit wall failure; capital costs stopping their creep; and, critically, an entry price that does not already capitalise all of the above.","The bear case is not about the company. It is that an excellent business is being offered at the most expensive multiple in its peer group, after a 25% run in a month, in a commodity that has already printed its record - and that the downside, when it comes, is priced by the same torque that makes the upside look tame.

Start with the multiple. At $181.44 the enterprise value is $88.7B against $10.36B of trailing EBITDA, or 8.6 times. The true competitors trade at 5.4 times (Kinross), 6.8 times (AngloGold Ashanti), 7.8 times (Alamos) and 8.2 times (Newmont). Agnico is the most expensive senior gold producer on the board. On free cash flow the gap is starker: the enterprise is 19.7 times trailing free cash flow with a 4.9% free-cash-flow yield, against Kinross at 9.8 times and AngloGold at 11.3 times, because Agnico is reinvesting 19.7% of revenue as capital expenditure while those peers reinvest less. And the premium is not bought with superior capital returns - Agnico's return on invested capital is 15.7% and return on equity 22.6%, against Kinross at 25.2% and 35.7% and AngloGold at 31.3% and 45.8%. The premium is for jurisdiction and durability, both of which are real, and both of which the market is now charging for in full.

Now price the downside with the number rather than asserting it. Torque is symmetric: the same 0.132 proxy that limits the upside to a 13% EBITDA swing per 10% of gold cuts exactly as hard going down. Gold at $4,445 is 21% below its January 2026 record of $5,589 but 33% above its own 52-week low of $3,353. A return to $3,400 an ounce - a level the metal traded at within the last twelve months, not a hypothetical - is a 23.5% fall, which takes EBITDA down about 31% to roughly $7.2B. Working it through the unit economics: at $3,400 gold, all-in sustaining cost falls to roughly $1,420 an ounce because royalties are price-linked, leaving a $1,980 an ounce margin on 3.35 million ounces, or $6.6B, less about $0.6B of corporate overhead and expensed exploration and roughly 32% cash tax, for about $4.1B of after-tax sustaining free cash against roughly $5.8B in the base case. Apply a modestly derated 11 times multiple and add $1.5B of net cash (drawn down by the growth programme), $3.0B of risked pipeline and $0.7B of investments, and the sum of the parts lands near $100 a share. The independent cross-check agrees: the deterministic two-year commodity beta of 1.55 against a 23.5% gold decline implies a 36% fall in the equity, or $114. The adverse case is therefore roughly $107 - about 41% below today's price. That is not a tail; it is what a return to a price gold traded at three months ago produces.

The near-term operating facts are also softening, not hardening. Second-quarter 2026 revenue of $3.71B was down 9.6% from the first quarter's $4.10B, and EBITDA fell from $3.00B to $2.64B. Gross margin dropped 4.2 percentage points in a single quarter. On 1 July 2026 a rock mass moved in the north wall of the Barnat open pit at Canadian Malartic, forcing a pit redesign and pushing full-year production to 'near the lower end' of the 3.3-3.5 million ounce range. Full-year capital expenditure guidance was revised upward to $2.6-$2.8 billion. The Zacks note of 11 August 2026 frames the same tension: rising unit costs against a stock that has already re-rated.

The capital discipline record has one genuine crack, and it is the sector's classic one. Every major project number has moved up within twelve months: Detour Lake underground study spending tripled from $100M to $300M; Upper Beaver rose from $200M to $300M; and Hope Bay went from 'slightly over $2 billion' on the 1 May 2026 call to $2.4 billion sanctioned on 19 May, an escalation of about 20% inside three weeks. The total growth programme is now $5-6 billion through 2030, confirmed by the chief financial officer. In a lower gold price these become the numbers that get cut, deferred, or funded out of the balance sheet that is the current bull argument.

Management also missed the one guidance range it explicitly reaffirmed mid-year. In July 2025 the company restated a full-year all-in sustaining cost range of $1,250-$1,300; it delivered $1,339, and total cash costs of $979 against $915-965 guided. The explanation - price-linked royalties on a $1,000-an-ounce realised-price surprise - is honest and was published with the reconciliation. But it is structural, not a one-off: reported costs will overshoot every time gold runs, and the 2026 ranges were widened materially after the miss, which makes 'within guidance' a lower bar than it was.

Two softer flags belong in the record. Three workers died in twelve months - Fosterville in December 2025, Canadian Malartic in April 2026, Upper Beaver in May 2026 - against 23 fatalities across the company's 70-year history, and the July 2026 disclosure that engineering controls at Canadian Malartic had suffered 'an erosion of the controls' over a decade cuts directly against the operational-excellence narrative. And the junior-equity book, over $1B and still growing (C$22.4M into Wallbridge in May 2026, C$60M into Cadillac in July), has no stated cap, no disclosed valuation cadence, and drew a philosophy answer rather than a policy when analysts pressed on it in both July and October 2025.

What would confirm the bear: gold failing to hold $4,000 an ounce; 2026 production landing below 3.3 million ounces as the Barnat redesign bites; 2027 capital guidance arriving above $3 billion; or the enterprise multiple simply reverting toward the 6.8-8.2 times where the rest of the senior group trades, which alone takes the stock to the low $150s with no change in the gold price at all.","Favorable sum-of-the-parts: about $225 a share (roughly $114B of equity value on 503 million diluted shares), assuming gold sustains $4,800 an ounce, about 8% above today's spot.

Parts:
1. Producing mines - $95.0B. At $4,800 gold with all-in sustaining cost near $1,530 an ounce (royalties rise with price) on 3.35 million ounces, the all-in margin is $10.95B; less roughly $0.6B of corporate overhead and expensed exploration and 32% cash tax leaves about $7.04B of after-tax sustaining free cash. Capitalised at 13.5 times, the multiple a 16-year reserve life discounted at 5% supports for the sector's lowest-cost, best-rated operator.
2. Growth pipeline - $13.0B. Hope Bay carries a company-published $4.3B net present value at a 5% discount and $4,500 gold; at $4,800 it is worth more and the 26% internal rate of return derisks it. Detour Lake underground (300,000-350,000 ounces a year, decision mid-2027), the Canadian Malartic fill-the-mill package (400,000-500,000 ounces via Marban, Wasamac and a second shaft), Upper Beaver (over 200,000 ounces, production pulled forward to 2030), the Finnish platform to 500,000 ounces, and a 50% interest in San Nicolas all carry higher risked values in a strong price environment.
3. Net cash - $4.5B. The current $3.27B compounds even after $2.7B of annual capital spending and $2B of buybacks.
4. Junior equity portfolio - $1.8B, marked up with the sector.","Adverse sum-of-the-parts, assuming the precious-metals cycle turns against the company: about $107 a share (roughly $54B of equity value on 503 million diluted shares), on gold returning to $3,400 an ounce - a level it traded at within the last twelve months, 23.5% below today's spot of $4,445.

Parts:
1. Producing mines - $45.1B. At $3,400 gold, all-in sustaining cost falls to roughly $1,420 an ounce because royalties are price-linked, giving a $1,980 an ounce margin on 3.35 million ounces, or $6.63B; less $0.6B of overhead and expensed exploration and 32% cash tax leaves about $4.10B of after-tax sustaining free cash. Capitalised at 11 times - a mild derating, deliberately not a collapse, because gold-equity multiples historically expand rather than contract into a price drawdown as the market discounts a recovery.
2. Growth pipeline - $3.0B, down from $8.0B in the base case. Hope Bay's economics, a 19% internal rate of return at $3,600 gold, compress toward the hurdle at $3,400. The Detour Lake underground go-ahead scheduled for mid-2027 gets deferred, and the market pays close to nothing for pre-sanction optionality in a falling tape.
3. Net cash - $1.5B, drawn down as $5-6B of committed growth capital through 2030 meets a smaller operating margin.
4. Junior equity portfolio - $0.7B, marked down with the juniors, which fall harder than the seniors.

Cross-check: the deterministic two-year commodity beta of 1.55 applied to a 23.5% gold decline implies a 36% equity fall, or $114 a share. Two independent methods land between $100 and $114; the adverse point number is $107.","Where we disagree with the market is narrow but it is the only thing that matters here: the street is right about the company and wrong about the price.

The published targets bear this out and, read carefully, they undermine themselves. The five newest analyst targets on file were all struck in early-to-mid July 2026, when the stock was between $137.56 and $153.86 - CIBC at $285 with the stock at $137.56 on 16 July, Scotiabank at $260 with the stock at $144.69 on 14 July, Richard Garchitorena at $188 on 15 July, Josh Wolfson at $210 on 9 July, Barclays at $210 on 6 July. Consensus sits at $223.43 with a median of $210. Since those were written the stock has risen roughly 25% to $181.44, so the average target implied a 55% gain and now implies 23% - the analysis has not been rewritten, the denominator moved. That is the ordinary mechanics of price targets, not a scandal, but it means the consensus number is stale evidence, not confirmation.

The substantive disagreement is on the multiple. The street values Agnico off net asset value at long-run gold prices well above spot and treats the premium to the peer group as a permanent feature. We think two things are being conflated. First, the premium is earned - the jurisdiction mix, the cost position, the net cash and the A- rating are all real and all verified in this file - but at 8.6 times trailing EBITDA, against 5.4 to 8.2 times for Kinross, AngloGold Ashanti, Alamos and Newmont, it is now fully capitalised. Second, and more important, the street's own arithmetic is being applied to a commodity that has already had its record print: gold reached $5,589 an ounce in late January 2026 and trades at $4,445 today. The consensus long-run price deck sits above spot. Ours sits at $4,200, slightly below, because we will not underwrite a metal above its current price in a name whose enterprise is already the most expensive in its sector.

There is one place where the street is plainly missing something in the company's favour, and we credit it: reserves are stated at a price deck near $1,450 an ounce against $4,445 spot, and management refused twice under direct questioning to lower cut-off grades or restate them beyond inflation. That means the record 55.4-million-ounce reserve is not a price artifact and there is a genuinely large unbooked option in the ground. But it converts slowly - management self-capped reserve conversion at about 500,000 ounces a year - so it is worth something in a five-year sum of the parts and very little in a twelve-month one.

One more correction to the prevailing narrative. Both the deterministic torque proxy and the arithmetic say a 10% gold move swings EBITDA by only about 13%, because cash costs are just 24% of the gold price. Investors buying Agnico as a leveraged gold play are getting far less leverage than they think - and the same low torque that caps the upside is the reason the stock's real risk is multiple compression, not operating collapse.","Wait for a better price. This is the best-run senior gold producer on the board, and at $181.44 it is also the most expensive one - our reconciled fair value of $164 a share sits below the market, so the work says the stock has run past what the assets are worth rather than toward it.

What the file establishes beyond argument: the balance sheet is a fortress ($3.46 billion of cash against $197 million of debt, rated A3 by Moody's and A- by Fitch), the cost position is genuinely the sector's best (all-in sustaining cost of $1,459 an ounce in the second quarter of 2026 against roughly $1,680 guided by Newmont for 2026), the reserve base is a record 55.4 million ounces stated at a conservative $1,450 an ounce price deck with 89 million ounces of resource behind it, and - most striking in a sector defined by serial share issuance - the diluted share count is flat over two years while the company bought back 2.24 million shares in the second quarter of 2026 at $178.86, in the lower half of its own 52-week range. There is no dilution, no debt wall, no cash burn, and no financing risk. The forensic read is a credibility score of 4 with a strengthening trajectory; the only marks against management are a narrowly missed 2025 cost guidance that they reaffirmed mid-year, capital costs creeping upward on every project at once, and a growing junior-equity book over $1 billion with no stated cap.

What stops this from being a buy is arithmetic, not judgement. The enterprise is 8.6 times trailing earnings before interest, tax, depreciation and amortisation, above Newmont at 8.2, Alamos at 7.8, AngloGold Ashanti at 6.8 and Kinross at 5.4 - and the premium is not bought with better capital returns, since Agnico's 15.7% return on invested capital trails Kinross at 25.2% and AngloGold at 31.3%. The stock has risen roughly 25% in a month. Gold at $4,445 an ounce is 21% below its January 2026 record but a third above its own 52-week low. Buying the sector's highest multiple after a 25% run, on a metal that has already printed its record, is a specific bet that gold sustains a level above today's spot forever.

The downside deserves the same numerical honesty as the upside, and this is where the sector's own torque cuts. Because cash costs are only about 24% of the gold price, a 10% move in gold swings profits by only about 13% - which means the upside is less leveraged than gold bulls expect, and it also means the real risk in the shares is the multiple compressing rather than the operations failing. Run the metal back to $3,400 an ounce, a price it traded at within the last twelve months, and two independent methods - the sum of the parts and the two-year commodity beta of 1.55 - land between $100 and $114 a share. That is roughly 41% below today's price, and there is no structural floor beneath it: net cash is only $6.50 a share, there are no deal terms, and the $130.04 low is a chart level, not protection.

So the position is straightforward. On the business, this is a five out of five. On the price, it is a two. The specific level we are waiting for is roughly $150 a share - which restores a real margin of safety against the $164 base case, takes the enterprise multiple back toward where the rest of the senior group trades, and sits near where the 50-day average was before this run began. If gold keeps climbing we will miss some of it, and that is the honest cost of the discipline. What we will not do is pay the highest multiple in the sector for the privilege of owning the best asset in it, at the exact moment the market has stopped discriminating.",4,STRENGTHENING,"# Forensic dossier — Agnico Eagle Mines Limited (AEM)

*Prepared 2026-08-11. Source material: five consecutive quarterly earnings calls (2025-07-31, 2025-10-30, 2026-02-13, 2026-05-01, 2026-07-30), the screener's financial block, quarterly income and cash-flow statements pulled from Financial Modeling Prep, and the company's own dated press releases. Price used throughout: $181.44 per share on the New York Stock Exchange, in United States dollars, as of 2026-08-11.*

---

## 1. Narrative arc

Across five calls the story has not changed shape — and in a sector where the story usually changes shape every time the commodity moves, that is itself the finding.

The opening frame in mid-2025 was a three-part message the chief executive, Ammar Al-Joundi, stated almost word for word each quarter: record financial results, a strengthening balance sheet with rising cash returns, and heavy reinvestment in an owned project pipeline. By the fourth-quarter 2025 call in February 2026 a fourth leg was added — a decade-long production target of ""up to 20% to 30%"" growth and ""a path to over 4 million ounces of annual production by the early 2030s"". By the first quarter of 2026 a fifth leg appeared: a Finnish platform, built by consolidating land around the Ikkari deposit, targeted at more than 500,000 ounces a year.

What matters is what was *not* dropped. The five named growth projects introduced in July 2025 — Detour Lake to a million ounces, Canadian Malartic to a million ounces, Upper Beaver, Hope Bay, and the San Nicolas copper project — are the same five discussed in July 2026, with the same headline figure attached to them (""approximately 1.3 million to 1.5 million ounces of potential production"") repeated verbatim in four consecutive calls. Serial promoters escalate that number every quarter. Agnico held it flat and, when Finland was added in 2026, kept it *outside* the total rather than folding it in: ""that target was before the Finland land consolidation"" (second quarter 2026). That is the opposite of capacity inflation.

The one genuine expansion of ambition is the decade target itself. Going from 3.45 million ounces produced in 2025 to ""over 4 million"" by the early 2030s is roughly a 16% increase — the ""20% to 30%"" phrasing therefore requires the pipeline to overshoot the stated four-million-ounce marker. The arithmetic and the adjective do not perfectly agree, and that gap is worth holding onto.

## 2. Claims versus financials (forensic)

| Management claim | Where said | What the numbers show | Verdict |
|---|---|---|---|
| ""We continue to report record financial results"" | every call | Trailing-twelve-month revenue $14.43B, earnings before interest, tax, depreciation and amortisation (EBITDA) $10.36B, free cash flow $4.50B, diluted earnings per share $11.62. Quarterly free cash flow: $1.18B, $1.30B, $0.73B, $1.29B. | Supported |
| ""We delivered over 95% of this gold price increase to the benefit of our shareholders"" | Q4 2025 | Gold rose roughly $1,700 an ounce in 2025 while total cash costs rose $76 an ounce. Gross margin went from 49.0% in the fourth quarter of 2024 to 61.7% in the fourth quarter of 2025. | Supported |
| ""All-in sustaining costs continue to be hundreds of dollars per ounce below those of our peers"" | Q2 and Q3 2025 | Agnico's second-quarter 2026 all-in sustaining cost was $1,459 an ounce. Newmont's 2026 guidance is roughly $1,680 an ounce. The gap is about $220 — real, but at the thin end of ""hundreds"", and measured against one peer. | Supported with a caveat |
| ""We are in the strongest financial position in the company's history"" | Q3 2025 onward | Net cash of $3,267M at 30 June 2026 against $197M of total debt, after $1.6B of gross debt repaid over 2024–25. Credit ratings upgraded twice: Moody's to A3 (third quarter 2025), Fitch to A- (first quarter 2026). | Fully corroborated |
| ""We expect to be within our guidance for the full year at between $1,250 and $1,300 per ounce"" (all-in sustaining cost) | Q2 2025 | Delivered 2025 all-in sustaining cost: $1,339 an ounce. Total cash costs $979 against $915–965 guided. **Both missed, above the top end.** | **Missed** |
| Hope Bay capital ""won't be a big surprise… slightly over $2 billion"" | Q1 2026 (2026-05-01) | Sanctioned eighteen days later, 2026-05-19, at approximately **$2.4 billion**. | Landed 20% above ""slightly over"" |
| Return roughly 40% of free cash flow to shareholders | Q4 2025 | 2025: about $1.4B returned on about $4.4B of free cash flow (32%). First half 2026: $375M plus $625M = $1.0B on $2.02B of free cash flow (50%). | Delivered and exceeded |
| Reserve replacement — ""the drilling has fully replaced what we've mined"" | Q3 2025 | Year-end 2025 reserves a record 55.4 million ounces (+2%), measured and indicated resources 47.1 million ounces (+10%), inferred 41.8 million ounces (+15.5%), against 3.45 million ounces mined. | Supported |

Three of these deserve more than a row.

**The cost miss is the cleanest credibility test in the file, and they narrowly failed it.** In July 2025 management explicitly reaffirmed a full-year all-in sustaining cost range of $1,250–$1,300. They came in at $1,339. Their explanation is that royalties are contractually linked to the gold price, so a $1,000-an-ounce realised-price surprise mechanically inflated the cost line; excluding royalties, cash costs were $937, below the guidance midpoint. That explanation is arithmetically honest and they published the reconciliation rather than hiding it. But a miss framed as evidence of discipline is still a miss, and an investor should note that Agnico's reported cost line will always overshoot when gold surprises to the upside.

**Capital costs are creeping, exactly as the sector's history predicts.** Within twelve months: Detour Lake underground study spending tripled from $100M to $300M; Upper Beaver rose from $200M to $300M; Hope Bay went from ""reasonable at $2 billion"" (first quarter 2026 question), to ""slightly over $2 billion"" (same call), to $2.4 billion sanctioned three weeks later. Full-year 2026 capital expenditure guidance was revised *upward* to $2.6–$2.8 billion. Management's framing is that this is acceleration into high-return work, not inflation, and the Hope Bay disclosure supports that — the mill was redesigned to open at 6,000 tonnes per day rather than ramp in two stages. But the total programme is now $5–6 billion of growth spending through 2030, a figure the chief financial officer, Jamie Porter, confirmed directly when pressed in February 2026.

**Returns on capital contradict the cost-leadership story more than management admits.** Agnico's return on invested capital is 15.7% and return on equity 22.6%. Kinross Gold posts 25.2% and 35.7%; AngloGold Ashanti posts 31.3% and 45.8%. Agnico has the *lowest cost per ounce* of the seniors but not the best return on the capital employed to get it, because it carries a much heavier asset base (intangibles are 11.0% of total assets, a legacy of the Kirkland Lake merger) and is reinvesting 19.7% of revenue as capital expenditure against Kinross's 16.4%. That is a legitimate structural point, not an accounting quibble: the premium the market pays Agnico is for *durability and jurisdiction*, not for capital efficiency.

## 3. Tone and confidence trajectory

**Rising, then deliberately sobered.** The July 2025 call opens with ""a pleasure when things are going well"". October 2025: ""we have never been stronger than we are now, and we have never had a better future than we have today"". February 2026 escalates to a decade-long growth plan. The high-water mark of promotional language arrives in July 2026: ""We are only in the 3rd or 4th inning here.""

That phrase is a recognised promoter tell and it deserves the flag. But the same call, and the one before it, are structured so that the chief executive personally delivers bad news at the top. In May 2026 he opened by naming two fatalities and said ""I recognize and I accept that the responsibility for the safety of our people rests ultimately with myself and with my team."" In July 2026 he named the third worker who died, by name, along with his family, before any financial discussion. He also volunteered the Barnat pit wall failure and the guidance consequence unprompted.

Guidance has become *more* specific over time, not less. By the first quarter of 2026 the company was publishing diesel consumption at 108 litres per ounce, a $0.78-per-litre cost assumption, and a sensitivity of about $6 per ounce for a 10% diesel move. Promoters get vaguer as the story ages. This one got more granular.

There is no offensive-to-defensive shift. Language stayed on growth and reinvestment throughout, even as the gold price fell more than 20% from its January 2026 record.

## 4. Guidance credibility

**Reliability: High, with one recurring blemish.**

- *Production* — reliable and slightly conservative. 2025 guided at a 3.4-million-ounce midpoint; delivered 3.45 million. Through the third quarter of 2025 they had hit 77% of the annual range and said they were ""confident in achieving the midpoint"" — they beat it. In 2026, after a pit-wall failure at Barnat on 1 July, they reaffirmed the 3.3–3.5-million-ounce range within 24 hours while flagging the lower end, and delivered two consecutive above-budget quarters (825,000 and 856,000 ounces).
- *Costs* — the weak link. Missed the top of both 2025 ranges. For 2026 they widened the ranges considerably ($1,020–$1,120 cash cost, $1,400–$1,550 all-in sustaining) and are tracking inside them. Widening the band after a miss is a rational response, but it also means the 2026 ""within guidance"" claim is a lower bar than the 2025 one was.
- *Capital* — deteriorating. Every major project figure discussed has moved up, and the annual capital budget was revised upward mid-year.
- *Sandbagging pattern* — mild and on production only. Costs are not sandbagged; if anything they were optimistic in 2025.

## 5. Analyst pressure points

**The junior equity portfolio.** This is the single topic management most consistently deflects. In July 2025 John Tumazos asked whether, with the book at $1.063 billion, the company should ""post every night on the Investor Relations page… the value of your total stockholdings, just like you're a hedge fund manager"" and whether it was time to take half a billion off the table. He got a philosophy answer about learning-by-investing and no disclosure commitment. Tanya Jakusconek pressed the same ground in October 2025 and extracted a clearer principle — proceeds go back to the general pool, not into more equities. Yet through 2026 the company kept buying: C$22.4 million into Wallbridge Mining in May, C$60 million into Cadillac Mines in July, plus a $5 million royalty buy-back from Prism Resources in June. The stated principle and the observed behaviour are not aligned. This is a small position against a $92 billion market value, but it is the one place where a producer is behaving like a fund without fund-grade disclosure.

**Reserve pricing and cut-off grades.** Jakusconek pushed twice on whether record gold prices would tempt the company to lower cut-off grades and restate reserves at a higher price deck. Both times management refused: ""we don't want to lower the cutoff grade… we don't want to change the mining sequence"" (October 2025), with the price deck moved only for inflation. Reserves are stated near $1,450 an ounce and resources near $1,750 while gold trades at $4,445. That refusal is the most valuable answer in the entire transcript file — it means the record reserve base is *not* a gold-price artifact, and it means there is a large, unbooked option in the ground.

**The size of the capital programme.** Jakusconek asked directly whether $5 billion was the right number for the growth plan; Porter answered $5–6 billion through 2030 without hedging. Credit for the directness; note the size.

**Safety.** Pressed in both 2026 calls. The most revealing answer came from Carol-Ann Plummer-Theriault in July 2026 on the Canadian Malartic mill fatality: engineering controls had been designed in at the start of the mine, but ""over the decade plus since those controls had been put in place, there had been an erosion of the controls. They were not working properly."" That is an unusually candid admission of a control-system decay, and it cuts against the operational-excellence narrative in a way management did not attempt to soften.

## 6. Red flags and green flags

🔴 **Capital-cost escalation across every project simultaneously** (2026 calls) — Detour underground study spend ×3, Upper Beaver +50%, Hope Bay +20% inside three weeks, annual budget revised up to $2.6–$2.8 billion. This is the sector's besetting sin and it is present here, in a mild form and pre-announced.

🔴 **Three fatalities in twelve months** — Fosterville (December 2025), Canadian Malartic (April 2026), Upper Beaver (May 2026) — in a company with 23 fatalities across 70 years. Beyond the human cost, this is a regulatory, permitting and productivity risk in the exact jurisdictions the investment thesis depends on.

🔴 **A growing, unmanaged junior-equity book** — over $1 billion, still being added to, with no stated cap, no disclosed valuation cadence, and an answer-by-philosophy when challenged.

🔴 **Reported costs will always overshoot on a gold spike** — royalties are price-linked; the 2025 guidance miss was structural, not a one-off, and will repeat if gold runs.

🔴 **The ""20% to 30% over a decade"" target does not reconcile cleanly** with the ""over 4 million ounces by the early 2030s"" marker from a 3.45-million-ounce base.

🟢 **No dilution — the opposite.** Diluted shares outstanding were 502.1 million in the third quarter of 2024 and 502.9 million in the second quarter of 2026, *including* a share-funded acquisition of Rupert Resources. Every quarter shows net share repurchases. In a sector defined by serial equity issuance, this is the strongest single data point in the file.

🟢 **Buybacks executed in the lower half of the range.** The second-quarter 2026 repurchase of 2.24 million shares averaged $178.86 against a 52-week range of $130.04–$255.24 — the 39th percentile, and below today's $181.44. Management is not top-ticking its own stock.

🟢 **Deleveraging came first, buybacks second.** $1.6 billion of gross debt retired across 2024–25 *before* the $2 billion repurchase authorisation was raised. That is the correct order for a cyclical and it earned two credit-rating upgrades.

🟢 **Reserves stated at roughly a third of the spot gold price**, replaced fully net of depletion, with 47.1 million ounces of measured and indicated and 41.8 million ounces of inferred resources behind 55.4 million ounces of reserves.

🟢 **Cash-flow quality is clean.** Income quality (operating cash flow divided by net income) of 1.26 on a trailing basis; the depressed first-quarter 2026 operating cash flow is fully explained by a disclosed $1.8 billion cash-tax payment, half of it a 2025 catch-up.

🟢 **Structural cost insulation that is verifiable, not asserted.** Ontario and Quebec production runs on hydro and nuclear grid power; Nunavut diesel is pre-purchased through the barge season and hedged; the majority of production is underground and therefore less diesel-intensive. The published sensitivity — a 10% diesel move worth about $6 an ounce — is small enough to be checkable and was reaffirmed in a quarter when oil traded above $100 a barrel.

## 7. Hidden signals

**""We are only in the 3rd or 4th inning here""** (July 2026) is the first genuinely promotional flourish in five calls. It arrived in the same quarter as the company's highest-ever cash balance and its largest buyback. Watch whether the register keeps drifting.

**The Finland acquisition was justified by a discount-to-net-asset-value claim that cannot be checked.** Al-Joundi: ""we acquired it effectively by our own internal models at quite a good discount to NAV… and we got the rest of the land package for free,"" followed immediately by ""I can't get into all of the numbers."" Tumazos had just computed roughly $1,268 an ounce of acquisition plus development capital against 4.22 million ounces of resource. Management neither confirmed nor corrected the arithmetic. An unverifiable value claim on a completed deal is a small thing, but it is exactly where a sceptic should keep a marker.

**A quiet shift from surface drilling to underground conversion drilling** at Canadian Malartic (February 2026, Guy Gosselin) is a genuine cost signal buried in a geology answer: converting inferred resource to reserve from underground development is far cheaper per ounce than long holes from surface. It implies future reserve additions come at a declining unit cost — a real margin tailwind nobody on the call priced.

**The pace of reserve conversion is self-capped at about 500,000 ounces a year.** Gosselin was explicit in February 2026. That is a hard ceiling on how fast the 41.8-million-ounce inferred pile can become bankable reserve, and it bounds how quickly the growth story can compound.

**Divestment of non-core assets has been hinted at for four consecutive quarters without a single announced sale.** ""It's not a bad time to in some cases, sell those assets"" (October 2025). Nothing has been sold. Treat any sum-of-the-parts credit for divestitures as speculative.

## 8. Capital-allocation verdict (for the director)

**Trajectory: STRENGTHENING.** The balance sheet, the reserve base, the cost position and the shareholder-return rate have all improved in the same direction across five consecutive quarters, and the improvements are corroborated by the statements, not just the script. This is the highest-quality operator in the peer set on every axis except return on capital employed.

**The single most important thing to weigh before sizing.** It is not management quality and it is not the balance sheet — both are as good as this sector offers. It is that **the entire question is price, and the price has already moved.** The stock is $181.44 after rising roughly 25% in a month, against a $130.04 low set when gold bottomed near $3,353. The commodity itself sits at $4,445, some 21% below its January 2026 record of $5,589 but 33% above its own 52-week low. Meanwhile the enterprise value is 8.6 times trailing EBITDA — the *top* of the senior peer group (Kinross 5.4×, AngloGold 6.8×, Alamos 7.8×, Newmont 8.2×). The premium is earned; the question is whether it is fully paid for. The director is not being asked to judge whether Agnico is a good company. It plainly is. The director is being asked to buy the best company in the sector at the most expensive multiple in the sector, after a 25% run, in a commodity that has already had its record print.

**Economic moat: NARROW, and widening.** The moat type is scale-cost combined with an irreplaceable-asset intangible. The Abitibi platform in Quebec and Ontario hosts five of ten operating mines including Canada's two largest gold mines, and delivered over a million ounces at roughly $850 an ounce cash cost with a 73% operating margin in the first half of 2025 — a regional density no competitor can replicate because the ground is not for sale. Add tier-one jurisdiction concentration (Canada, Finland, Australia, Mexico) with no African or high-expropriation-risk exposure, hydro and nuclear grid power in the core, and a 16-year reserve life at current production. The width judgement is *narrow* rather than *wide* because the output is an undifferentiated commodity with no pricing power and the assets deplete: this is a moat around a cost position, not around a customer. The *trend* is widening — EBITDA margin is 71.8% and rising, return on invested capital is 15.7% and rising, reserves grew net of depletion, and the underground-conversion shift lowers the future cost of reserve replacement.

**Secular threat: manageable.** There is no structural force eroding the terminal value of gold production — no technological displacement, no disintermediation, no channel shift. The genuine long-term risks are ordinary mining risks: depletion (mitigated by a replacement record and 89 million ounces of resource behind reserve), permitting and social licence (elevated by three fatalities in twelve months), and Arctic logistics at Nunavut and Hope Bay. The cheapness question does not arise, because the stock is not cheap; it is a quality asset at a full price. That makes the risk a *valuation* risk, not a value-trap risk — a distinction that matters, because a full price on a widening moat corrects through time and a lower entry, while a value trap never corrects at all.

CREDIBILITY_SCORE: 4 | TRAJECTORY: STRENGTHENING | MOAT: NARROW | MOAT_TREND: WIDENING | SECULAR_THREAT: manageable
"
6,VALE,Basic Materials,73,diversified_miners,diversified_miners,diversified_miners,producer,"Iron-ore fines and pellets mined in Brazil and shipped as bulk ore to steelmakers, plus nickel and copper concentrate.","Bulk and base-metal major selling raw ore and concentrate - iron ore primary, nickel and copper secondary.","Vale mines the highest-grade iron ore in the seaborne trade at Carajas, welded to rail and port that competitors cannot rent, and this cycle it cut capital spending and paid shareholders rather than building - but its cost guidance has now been raised twice in a year.","The screened 25.0% margin and 1.5 times net debt are both corrupted by December 2025 non-cash charges - a $3.5B Canadian nickel impairment and a $2.8B deferred-tax write-off - which the mechanical calculation sweeps into trailing profit; on the company's pro forma measure the last four quarters are roughly $17B of cash profit on about $40.5B of revenue, a 42% margin. Iron ore is the commodity driving the torque number, not nickel or copper: 2026 cash cost guidance of $22.50-23.50 a tonne is still first-quartile globally but was raised on 31 July 2026 from $20.00-21.50, with all-in cost lifted to $58-62 from $52-56. A plus-or-minus 10% iron-ore move swings cash profit by plus-or-minus 31.9% - the largest downside torque of any seat here - and the beta behind it is an index regression rather than a direct iron-ore fit, so it should be read softly.","Multi-decade Carajas reserves at grades no competitor can match, shipped through owned rail and port. Iron ore prices off an index with no contracted cushion, and the nickel and copper legs are too small to offset a bulk-price move.","Corrected net debt of about 0.97 times cash profit rather than the screened 1.5 times; capital spending has been cut and distributions raised through this cycle, which is genuinely better behaviour than the sector average - set against Mariana and Brumadinho obligations that will consume cash for years.","Base fair value of $16.25 against a $14.875 price and a reconciled margin-of-safety reading of about plus 9% - the guard passes. Points come off for direction rather than level: margin is now compressing on rising revenue after two cost-guidance increases, and the adverse case at $9.50 is 36% below.",0.2504,mid(25-45%),0.319,"Turning down on rising revenue. In the March 2026 quarter gross margin was 33.0% ($3.057B on $9.261B of revenue) against 32.9% a year earlier - flat margin on revenue up 14.1%. The June 2026 quarter broke it: iron ore all-in cost rose 18% year on year to $61.60 per tonne against a realised fines price of $95.00, and full-year all-in cost guidance was lifted $6 per tonne, so margin is now compressing even as volumes and revenue grow (pro forma EBITDA still rose 19% year on year to $4.066B on higher volumes and better realisation).",0.0628,,0.45,XME,1.5,6.6,strong,False,False,False,"{""diversified_miners"": ""NEUTRAL""}","Diversified miners read neutral in the sidecar. This is the purest expression in the book of Chinese steel demand, and with no contracted book and the highest downside torque of any seat, it is deliberately not the largest position.","The phase note favours cash-generative producers over resource optionality, and Vale is the clearest example in the book of a major that stopped building and started paying. The reservation is that its payback depends on a bulk commodity whose demand driver - Chinese steel - is the one the sum-of-the-parts already discounts structurally.",,9.2,,EXCLUDE_ELIGIBILITY,global-growth-china-demand; china-steel-iron-ore,25.0,0.55,12.5,True,2 tranches / 2 wks,11.5,9.5,B,3,FIRED,$16.25 per share,"Base case, on about 4.27 billion shares, assuming a 62% iron benchmark of roughly $100 per tonne (between today's $93.70 and the $108.27 averaged in the June 2026 quarter, with the cost curve providing genuine support - management's own arithmetic says a $10 per tonne fall pushes over 50 million tonnes of competing supply to negative margins): (1) Iron ore and pellets - EBITDA of $11.0B at 5.0x = $55.0B. The $11.0B is bridged from the observed segment run rate of about $11.6B annualised at a $108 benchmark, less roughly $2.6B for an $8 per tonne price decline on 330 million tonnes, plus about $2.0B of second-half seasonal strength and the July start-up of Serra Sul +20 at mid-teens cash cost. The 5.0x sits below Rio Tinto's 7.20x and BHP's 8.64x for the Brazil discount: contested royalty and tax base, the unresolved caves decree constraining where Vale may mine, and a board a state-adjacent pension fund can reshape. (2) Base metals - EBITDA of $5.0B at 7.0x = $35.0B, reflecting copper at 382 kilotonnes and rising with all-in cost near zero, nickel guidance cut to $10,000-$11,500 per tonne, and roughly a quarter of group revenue growing about 42% year on year. Cross-checked against the 2023 Manara transaction at roughly $26 billion for the whole arm. (3) Corporate, exploration and other costs - minus $1.0B at 5.0x = minus $5.0B. Total enterprise value $85.0B, less expanded net debt of $16.677B at 2026-06-30 (which correctly includes the present value of the non-refinanceable Mariana and Brumadinho reparations, roughly a third of the total), gives $68.3B of equity, or $16.00 per share. Rounded to $16.25 to give partial credit for the Hu'u copper-gold option that management explicitly excludes from guidance and for the benchmark grade migrating from 62% to 61% iron, which widens Vale's realised premium. The implied whole-company multiple is about 5.5x pro forma EBITDA - still a discount to both true competitors, which is the point of the exercise.","Poor at $14.875, which is the whole finding. The base-case sum-of-the-parts is $16.25, so the fair-value gap is thin; the adverse case is $9.50, a fall of about a third, and the favourable case is $21.00. The asymmetry is inverted at today's price: there is roughly four times as much room below to the adverse case as there is above to fair value. The picture only becomes interesting either at a materially lower price - near $12.50, which restores a genuine margin of safety against the base case - or on confirmation that the 62% iron benchmark has stabilised above $100 per tonne with the raised $58-$62 all-in cost range holding. Note that the pipeline computes the actual ratios and expected returns from the four price levels; the statement above is a description of their shape, not a substitute for them.","BHP, RIO, FMG.AX, MT, CLF, AAL.L","Vale is the cheapest of the three diversified mining majors on the measure that matters, and the screen hides it. On the mechanical trailing calculation Vale prints 8.39 times enterprise value to EBITDA - more expensive than Rio Tinto at 7.20 and near BHP at 8.64. That number is an artefact of two non-cash charges taken in the December 2025 quarter: a $3.5 billion impairment of the Canadian nickel assets (triggered by cutting long-term nickel price assumptions) and a $2.8 billion deferred-tax write-off, which together produced a $3.8 billion reported loss while the underlying business earned $4.6-$4.8 billion of operating EBITDA. On the company's pro forma measure the last four quarters sum to roughly $17 billion, and Vale trades near 5 times - a 30% to 40% discount to peers that own comparable but not better orebodies.

The operating case rests on four verifiable things. First, cost-curve position: iron ore cash cost of $21.30 per tonne in 2025, against a curve where management's own arithmetic says a $10 per tonne price fall drives more than 50 million tonnes of competing supply to negative margins (first-quarter 2026 call). Vale is nowhere near that boundary. Second, capital discipline in a strong tape - the sector's besetting sin, and Vale is on the right side of it: long-term capital spending guided below $6 billion after a review that found more than $500 million of annual savings, a 16% dividend yield paid in 2025, $1.701 billion of dividends and interest on capital approved for the first half of 2026 (payable September 2026), $140 million of stock repurchased in the June quarter and a fresh authorisation for up to 100 million shares over an eighteen-month window opening after August 2026. Management explicitly refused to buy growth: 'M&A, yes, a lot of people are doing M&A. But we don't need to do... we still trade at a discount to peers of about 20%' (fourth-quarter 2025 call). Contrast the 2011-2014 cycle, when Vale built fertilisers, Mozambican coal and New Caledonian nickel at the top and wrote all three down.

Third, growth is arriving at a fraction of peer capital intensity, with third-party-checkable evidence: Serra Leste expansion at $20 per tonne of annual capacity; the Bacaba copper project at $5,400 per tonne, roughly half its cost a year earlier, with the internal return moving from the mid-teens to over 50%; Salobo particle flotation adding about 30 kilotonnes of copper at nearly half the capital intensity; and the second Onca Puma furnace delivered on schedule and 13% under budget - in an industry where Vale's own base-metals chief estimates average large-project capital overruns of about 40%. Serra Sul +20 commenced operations in July 2026, adding 20 million tonnes at 'mid-teens' cash cost, below the group average, which mechanically improves the cost mix from here.

Fourth, base metals is now a real second leg that the market still values as an iron ore stub. Copper production reached 382 kilotonnes in 2025 (up 10%) and 102 kilotonnes in the March 2026 quarter, the best since 2017; copper all-in cost has gone negative (minus $300 per tonne in the June quarter) and 2026 guidance was cut again to $0-$500 per tonne; nickel guidance was cut to $10,000-$11,500. Base metals is roughly a quarter of revenue and grew about 42% year on year in the June quarter. Management published stand-alone asset reports after the March 2026 base-metals investor day precisely to close this gap, and there is an external price anchor: Manara Minerals paid $2.5 billion for 10% of the base-metals arm in 2023, valuing it near $26 billion when it earned a fraction of today's EBITDA.

The conditions that must hold: the 62% iron benchmark averages $100 per tonne or better rather than the $93.70 it sits at on 2026-08-04; the Brazilian real does not strengthen further from the 5.25 embedded in guidance; and the 2026 all-in cost range of $58-$62 per tonne holds rather than being raised a second time. Two quiet options sit outside the numbers: the Hu'u copper-gold project in Indonesia (300,000-400,000 tonnes of copper and over 400,000 ounces of gold annually, first half of the cost curve, nearly fifty years of life) which management states is explicitly NOT in guidance, and the price agencies migrating the benchmark grade from 62% to 61% iron, which mechanically widens the premium on Vale's higher-grade product.","The bear case is not that Vale is a bad business. It is that the price already pays for a good one, and the operating leverage is currently pointing the wrong way.

Start with the tape, because it is doing the damage in real time. Vale realised $95.00 per tonne on iron ore fines in the June 2026 quarter, when the 62% benchmark averaged $108.27 - a realisation ratio near 88%. That benchmark closed at $93.70 on 2026-08-04, down about 4.7% over the month and 7.0% year on year. At today's price the realised figure is closer to $82 per tonne against an all-in cost guided at $58-$62. On roughly 330 million tonnes of annual sales, each $10 per tonne of price is about $3.3 billion of EBITDA. The gap between the June quarter's price environment and today's is therefore worth roughly $4 billion of annualised EBITDA - close to a quarter of the entire pro forma figure - and it has already happened. This is the symmetric side of the torque metric made concrete: the input bundle prints a 31.9% EBITDA swing per 10% commodity move (computed on the impairment-depressed base); on the honest pro forma base of about $17 billion, a 10% adverse move on the roughly 80% of revenue that is commodity-priced removes about $3.2 billion of EBITDA, or about 19%, and at the base-case blended multiple that is roughly $2.50 to $4.00 per share of value.

Second, the cost story - the loudest claim of the entire 2025 narrative - has broken. Vale delivered four consecutive quarters of year-on-year cash cost reduction through 2025 and closed the year at $21.30 per tonne. Then cash cost rose 12% year on year in the March 2026 quarter to $23.60 and 9% in the June quarter to $24.10, and on 2026-07-31 the company formally raised full-year guidance: cash cost to $22.50-$23.50 per tonne from $20.00-$21.50, and all-in cost to $58-$62 from $52-$56. Six dollars per tonne on 330 million tonnes is close to $2 billion of annualised EBITDA. Management attributes roughly 70% to the Brazilian real and diesel - which is honest, but it means the 'lowest cost curve position' claim is partly a bet on a weak local currency, and a strengthening real is precisely what accompanies a risk-on emerging-market tape.

Third, the balance sheet carries a claim that cannot be refinanced. Vale's headline leverage measure - expanded net debt of $16.677 billion at the June 2026 quarter - adds the present value of the Mariana and Brumadinho disaster reparations to financial debt, and roughly a third of it is that reparation obligation. The chief financial officer was unusually direct about why (third-quarter 2025 call): 'the obligation related to reparations is different from a regular debt because it cannot be refinanced. We need to pay as they mature,' with the heaviest payments falling across 2026 and 2027. That is a dated, senior, non-negotiable claim on exactly the free cash flow the dividend and buyback case depends on, arriving in the same window as a weaker price deck.

Fourth, the December 2025 quarter told an uncomfortable truth about asset carrying values. The $3.5 billion nickel impairment was triggered by cutting long-term nickel price assumptions - on the same Canadian asset base whose operational 'asset review' management spent all of 2025 praising. The operations improved; the orebody's worth did not. The $2.8 billion deferred-tax write-off in the same quarter is a reminder that Vale's Brazilian tax and royalty base is contested: in the March 2026 quarter an analyst raised the Federal Attorney General's office overturning an injunction on the royalty calculation base, and the answer was 'there are some things that don't depend on us.' Add the June 2026 Steelworkers agreements at Sudbury and Port Colborne carrying guaranteed wage increases of 20.5% to 25.7% over the contract life - a structural cost floor in the business that was just written down.

Fifth, governance. Previ, the pension fund of employees of state-controlled Banco do Brasil and a roughly 7% holder, moved to remove chairman Daniel Stieler; the board voted the proposal down on 2026-06-22, Stieler resigned on 2026-07-07 days before the shareholder vote, the item was pulled from the 2026-07-22 meeting, and there is reported regulatory scrutiny of his payout. Vale is nominally private and permanently exposed to a politically-connected shareholder able to reshape its board. That is a real and unpriceable reason the discount to Rio Tinto and BHP will not fully close.

Sixth, the structural demand question has no satisfying answer. Chinese steel output has plateaued, Simandou in Guinea is adding new low-cost tonnes, and scrap grows every year. Management's rebuttal - Chinese domestic ore falling from about 260 to about 160 million tonnes, Simandou 'offset by depletion in the industry' - is the answer every seaborne producer gives. It is an assertion about the next decade, not evidence.

What would confirm the bear: the 62% benchmark holding below $90 per tonne into the fourth quarter of 2026; a second raise to the all-in cost range at the October 2026 results; expanded net debt failing to fall further despite the July start-up of Serra Sul +20; or the buyback authorisation going unused, which would signal management does not see the shares as cheap either.","$22.30 per share. Assumes the chain regime turns favourable: the 62% iron benchmark averaging about $115 per tonne, the Brazilian real weakening toward 5.60 (which cuts dollar costs, since roughly 60% of Vale's cost base is local currency), Serra Sul +20 at its full 20 million tonnes at mid-teens cash cost, and copper progressing toward 450 kilotonnes with all-in cost held near zero by gold by-product credits. Parts, on about 4.27 billion shares: (1) Iron ore and pellets - EBITDA of $14.5B at 4.75x = $68.9B. The multiple stays below Rio Tinto's 7.20x and BHP's 8.64x because Brazil-domiciled bulk assets carry a permanent licensing, royalty and tax discount. (2) Base metals (copper and nickel) - EBITDA of $6.5B at 7.0x = $45.5B, anchored on copper-weighted peers and on the 2023 Manara Minerals transaction that valued this arm near $26 billion on far lower earnings. (3) Corporate and other costs - minus $1.0B at 4.75x = minus $4.8B. (4) The retained 30% of Alianca Energia, roughly $0.5B. Enterprise value $110.1B, less expanded net debt falling to about $14.5B as the reparation obligations amortise through 2027, gives $95.6B of equity, or $22.39 per share. Deliberately published at $21.00 as the working bull number - a haircut for the fact that this construction expands both earnings and the multiple at the same time, and that the highest published street target is $19.00. The Hu'u copper-gold project in Indonesia is carried at zero here, as management itself carries it.","$9.50 per share. Assumes the chain regime turns against it: the 62% benchmark sustained near $80 per tonne (versus $93.70 on 2026-08-04 and $108.27 averaged in the June quarter), only partial currency relief, all-in cost stuck at the top of the raised $58-$62 range, and nickel weak on Indonesian supply. Parts: (1) Iron ore and pellets - EBITDA of $7.6B at 5.5x = $41.8B. The EBITDA is derived from the actual segment run rate, roughly $11.6B annualised at a $108 benchmark, less about $4.6B for a $14 per tonne price fall on 330 million tonnes of sales, plus about $0.6B of relief from the weaker real that normally accompanies a commodity sell-off. The multiple EXPANDS rather than contracts, because trough earnings are conventionally capitalised more richly - compressing both at once would be double-counting. (2) Base metals - EBITDA of $3.8B at 6.5x = $24.7B, reflecting copper near $8,000 per tonne, thinner gold by-product credits and a nickel book already written down $3.5B in December 2025. (3) Corporate and other - minus $1.0B at 5.5x = minus $5.5B. Enterprise value $61.0B, less expanded net debt rising to about $18.0B as free cash flow compresses while the non-refinanceable Mariana and Brumadinho reparation payments continue through 2026-2027, gives $43.0B of equity, or $10.07 per share. Published at $9.50 to reflect the harsher variant in which the currency offers no offset (which drops the arithmetic to roughly $8.00-$8.50) - and it is worth noting the market's own adverse mark, the 52-week low of $9.67, sits in the same place. That is a fall of about 36% from $14.875.","There are two places where the market is looking the wrong way, and they point in opposite directions - which is why this ends up a wait rather than a buy.

Where the market is too pessimistic: the screen is broken, and a great deal of money is allocated off screens. On the standard trailing calculation Vale shows an EBITDA margin of 25.0%, net debt of 1.50 times EBITDA and a multiple of 8.39 times enterprise value to EBITDA - which ranks it as the most expensive and most levered of the three diversified majors, against Rio Tinto at 7.20 times and 0.58 times and BHP at 8.64 times and 0.67 times. Every one of those Vale figures is an artefact of the December 2025 quarter, when a $3.5 billion non-cash impairment of the Canadian nickel assets and a $2.8 billion deferred-tax write-off produced a $3.8 billion reported loss while the underlying business earned $4.6-$4.8 billion of operating EBITDA. On the company's pro forma measure the last four quarters total about $17 billion on roughly $40.5 billion of revenue - a 42% margin, leverage near 0.97 times, and a multiple near 4.7 times. The ranking inverts completely. A second, subtler mispricing sits underneath it: base metals is now roughly a quarter of revenue, growing about 42% year on year, with copper's all-in cost actually negative after gold by-product credits - and the market still capitalises the whole company as an iron ore stub. Manara Minerals paid $2.5 billion for 10% of that arm in 2023, implying about $26 billion, when it earned a fraction of today's roughly $5 billion of EBITDA.

Where the market is too optimistic, and this is the part that governs the verdict: the published street targets are stale in a way that matters. Consensus sits at $16.92 with a median of $16.75, a high of $19.00 and a low of $15.00. The newest individual target in our data is 26 days old - Wells Fargo at $15.00 on 2026-07-09 and Morgan Stanley at $16.50 on 2026-07-08 - which means every one of them predates the 2026-07-31 results, and therefore predates the formal raise of full-year iron ore all-in cost guidance from $52-$56 to $58-$62 per tonne. Six dollars per tonne on roughly 330 million tonnes of annual sales is close to $2 billion of annualised EBITDA that the published targets have not been marked for. The direction of travel in the breadth data already hints at it: the last quarter's five targets averaged $17.30, the last month's two averaged $15.75. And the tape has moved underneath all of them - the 62% iron benchmark closed at $93.70 on 2026-08-04 against the $108.27 it averaged in the June quarter, and Vale realises roughly 88% of the benchmark, so realised pricing at spot is nearer $82 per tonne against an all-in cost guided at $58-$62.

Net: the market is wrong about what Vale earns, and right to be cautious about what it will earn next. Our own base-case sum-of-the-parts of $16.25 lands just below consensus - not because we disagree that the business is better than the screen says, but because we mark the price deck to something closer to today's tape than the street has.","Vale is a genuinely good business at a price that has stopped being generous. That is the whole call.

Start with what is real, because the screen will tell you the opposite. Vale is a first-quartile-cost bulk producer sitting on an irreplaceable orebody - the highest-grade iron in the seaborne trade, at Carajas, welded to a railway and port network competitors cannot rent. Cash cost of $21.30 per tonne in 2025 against a cost curve where, on management's own arithmetic, a $10 per tonne price fall drives more than 50 million tonnes of competing supply to negative margins. It exceeded production guidance in all three commodities in 2025, cut long-term capital spending guidance below $6 billion, paid a 16% dividend yield, and flatly refused to buy growth while trading at a discount. It is building new capacity at a fraction of peer capital intensity - Serra Leste at $20 per tonne of annual capacity, Bacaba copper at $5,400, the second Onca Puma furnace delivered on schedule and 13% under budget - in an industry whose own executives put average large-project overruns near 40%. Capital discipline through a strong tape is this sector's besetting sin, and Vale is unambiguously on the right side of it, which is more than it could say in the 2011-2014 cycle when it built fertilisers, Mozambican coal and New Caledonian nickel at the top and wrote all three down.

And the screen is wrong. The mechanical numbers - a 25.0% margin, 1.50 times leverage, 8.39 times enterprise value to EBITDA - are corrupted by the December 2025 quarter's $3.5 billion nickel impairment and $2.8 billion deferred-tax write-off. On the company's pro forma measure the last four quarters total about $17 billion of EBITDA on roughly $40.5 billion of revenue: a 42% margin, leverage near 0.97 times, and a multiple near 4.7 times against Rio Tinto's 7.20 and BHP's 8.64. Vale is the cheapest of the three, not the dearest. That correction is worth stating loudly, because it is the single most common error made about this name.

Now the discipline. Correcting the screen does not create a margin of safety; it just tells you where you actually are. Building the value from the parts - iron ore EBITDA of about $11 billion at 5.0 times, base metals of about $5 billion at 7.0 times, corporate costs at minus $5 billion, less expanded net debt of $16.677 billion that correctly includes the non-refinanceable disaster reparations - gives roughly $16.25 per share. Against $14.875 that is a single-digit percentage of upside. The favourable case, which needs a $115 per tonne benchmark and a weaker Brazilian real, gets to $21.00. The adverse case, at a benchmark sustained near $80, gets to $9.50 - a fall of about a third. There is roughly four times as much room below to the adverse case as above to fair value.

What tips it is that the adverse case is already partly running. Vale realised $95.00 per tonne in the June quarter against a benchmark averaging $108.27; that benchmark closed at $93.70 on 2026-08-04. At an 88% realisation ratio, spot implies roughly $82 per tonne against all-in costs the company just raised to $58-$62. Each $10 per tonne is about $3.3 billion of EBITDA on 330 million tonnes. The torque metric in the input bundle prints a 31.9% EBITDA swing per 10% commodity move - inflated by the same impairment-depressed denominator - but even on the honest base a 10% adverse move removes about $3.2 billion, or roughly 19%, and about $2.50 to $4.00 per share of value. Torque is symmetric, and right now it is pointing down. Layered on top: a cost guidance range raised once already, with roughly 70% blamed on the Brazilian real and diesel, which makes 'lowest cost curve position' partly a currency bet; reparation payments concentrated in 2026-2027 that cannot be refinanced; a contested royalty and tax base; an unresolved cave-protection regulation constraining where Vale can mine; and a board that a state-adjacent pension fund reshaped in July.

The secular question deserves an honest answer rather than a comforting one. Chinese steel output has plateaued, Simandou is adding low-cost tonnes, and scrap grows annually. Management's rebuttal is coherent and is also the rebuttal every seaborne producer gives. That force compresses the price Vale earns, and therefore its long-run worth - though it does not impair its position, because Vale would be among the last producers standing, and two real offsets exist: steel decarbonisation favours high-grade ore, which is Vale's product, and the price agencies migrating the benchmark grade from 62% to 61% iron mechanically widens Vale's realised premium.

So: wait for the wash-out, not because the business is suspect but because the price is not there. Two specific things would change the answer. A price near $12.50 restores a genuine margin of safety against the $16.25 base case and would make this a straightforward buy. Alternatively, evidence at the late-October 2026 results that the 62% benchmark has stabilised above $100 per tonne, that the raised $58-$62 all-in cost range is holding rather than moving again, and that expanded net debt has pushed through $15 billion with Serra Sul +20 contributing volume - that combination would justify entering at a higher price, because it removes the two variables the whole valuation turns on. Absent either, this is a first-rate asset priced roughly for what it is, and the odds are not paying enough.

One last note on the catalyst record: the events are spent. Serra Sul +20 started in July, the second-quarter results printed on 2026-07-31, the payout and buyback were approved, and the chairman question resolved. In this lane that is neither a mark for nor against - a business does not become better or worse because its news already happened. The value case is judged on its own, and on its own it is fairly priced.",4,STABLE,"# Forensic Dossier — Vale S.A. (VALE)
**Prepared 2026-08-04 · Interrogator seat · Mining Lane A (profitable operator in a physical value chain)**

Price used throughout: **$14.875 per share, US dollars, NYSE listing (the American depositary share, which represents one Vale ordinary share)**. Source: live quote pulled 2026-08-04; day range $14.81–$15.06, 52-week range $9.67–$17.94, market value about $63.4 billion.

Transcripts reviewed: five consecutive quarterly earnings calls, 2025-04-25 (first quarter 2025) through 2026-04-29 (first quarter 2026). The most recent quarter — the second quarter of 2026, reported 2026-07-31 — is **not** in the transcript bundle, so it has been verified separately from company filings and press coverage and is flagged as such wherever it appears below. That gap matters, because the newest quarter is where the story changed.

---

## 1. NARRATIVE ARC

Vale spent the five quarters in this bundle telling one story with unusual consistency: *we are the low-cost operator, we will prove it by cutting unit costs every quarter, and we will convert that into cash returned to owners rather than into new mines.*

**Early 2025 — cost discipline as the headline.** The first-quarter 2025 call opened on the ""Vale 2030 vision"" and then went straight to the number that mattered: iron ore C1 cash cost (the mine-gate cash cost per tonne, before freight and royalties) of $21 per tonne, down 11% year on year, against full-year guidance of $20.50–$22.00. Management also flagged the sale of 70% of Aliança Energia to Global Infrastructure Partners for $1 billion in cash — an asset-light move, not an empire-building one.

**Mid-2025 — the base-metals leg gets promoted.** By the second and third quarters of 2025 the emphasis widened. Nickel production rose 44% year on year in the June quarter; copper's all-in cost fell 60% to $1,400 per tonne, largely because gold by-product credits (Vale's copper mines produce gold alongside the copper, and the gold revenue is subtracted from copper's cost) were unusually rich. Management cut copper cost guidance mid-year — an unusual direction of travel in this industry. The ""Novo Carajás"" programme was introduced as the vehicle for doubling copper output, with the Bacaba project's capital intensity of $5,400 per tonne of annual capacity held up as proof that Vale can grow cheaply.

**Late 2025 — the victory lap.** The fourth-quarter 2025 call (2026-02-13) reported that Vale exceeded production guidance in all three commodities, landed C1 at $21.30 per tonne (the midpoint of guidance), cut iron ore all-in cost by $2 per tonne to $54, and paid a **16% dividend yield** for the year. Long-term capital spending guidance was reset *below* $6 billion. The chief executive's framing was explicit: ""if we are doing 360 million tons in iron ore, C1 below $20, all-in below $50 per ton, and we are doing 700 kilotons in copper. This is certainly a very valuable portfolio.""

**2026 — the cost story reverses.** The first-quarter 2026 call was the first crack: C1 jumped 12% year on year to $23.60 per tonne, and management shifted from ""we will deliver guidance"" to ""we are working to achieve the **top end** of our original guidances."" Then, in the quarter that is *not* in this bundle — the second quarter of 2026, reported 2026-07-31 — Vale formally **raised** 2026 iron ore cost guidance: C1 to $22.50–$23.50 per tonne (from $20.00–$21.50) and all-in cost to $58–$62 per tonne (from $52–$56). Roughly 70% of the increase was attributed to the Brazilian real and diesel prices.

**Net arc:** the growth and capital-discipline half of the story has strengthened and is verifiable. The cost-leadership half — the part management leaned on hardest through 2025 — has visibly reversed in 2026, for reasons that are largely external but that nonetheless cost real money.

---

## 2. CLAIMS vs FINANCIALS (forensic)

| Management claim | Where said | What the numbers show | Verdict |
|---|---|---|---|
| ""Fourth consecutive quarter of year-on-year reduction in our C1 cash cost"" | Q2 2025 | True through 2025; C1 closed the year at $21.30/t, mid-guidance. Then reversed: $23.60/t in Q1 2026 (+12% y/y) and $24.10/t in Q2 2026 (+9% y/y, verified from the 2026-07-31 release) | **Was true, no longer is** |
| 2026 C1 of $20.00–$21.50/t | Q4 2025 call | Raised to $22.50–$23.50/t on 2026-07-31; all-in raised to $58–$62/t from $52–$56/t | **Missed and formally reset** |
| ""We remain confident in delivering the $5.9 billion CapEx guidance""; long-term capital spending below $6 billion | Q2 2025 / Q4 2025 | Trailing-twelve-month capital spending is $5.94 billion against $9.29 billion of operating cash flow — capital spending is 64% of operating cash flow, and free cash flow is positive at $3.35 billion | **Delivered** |
| ""Exceeded all production guidances"" in 2025 | Q4 2025 | Iron ore 336 Mt (+3%, highest since 2018), copper 382 kt (+10%), nickel 177 kt (+11%) | **Delivered** |
| Copper all-in cost guidance cut mid-year to $1,500–$2,000/t | Q2 2025 | Copper all-in cost went *negative* — minus $600/t in Q1 2026, minus $300/t in Q2 2026 — and 2026 guidance was cut again to $0–$500/t | **Over-delivered** |
| ""Above-average shareholder remuneration""; 16% dividend yield in 2025 | Q4 2025 | Verified. Plus $1.701 billion of dividends and interest on capital approved for the first half of 2026 (payable September 2026) and a new authorisation to buy back up to 100 million shares | **Delivered** |
| Net debt heading toward the $15 billion midpoint of the target range | Q1 2025 onward | Expanded net debt $17.4 billion (Q2 2025) → $16.677 billion (Q2 2026), down $1.1 billion in the June quarter alone. Financial net debt recomputed from the balance sheet at 2026-03-31 is $13.55 billion including leases | **On track** |

**The screen-versus-reality gap you must not miss.** Our deterministic proxy prints a trailing EBITDA margin (earnings before interest, tax, depreciation and amortisation, as a share of revenue) of **25.0%** and net debt of 1.50 times EBITDA. Both are artefacts. In the fourth quarter of 2025 Vale booked a **$3.5 billion non-cash impairment on its Canadian nickel assets** (long-term nickel price assumptions were cut) plus a **$2.8 billion write-off of deferred tax assets**, producing a $3.8 billion reported quarterly loss. The mechanical calculation sweeps that charge into trailing EBITDA. Vale's own ""pro forma"" EBITDA — the operating measure the company and the street use — was $4.4 billion, roughly $4.6–4.8 billion, $3.9 billion and $4.066 billion in the last four quarters, i.e. **about $17 billion on roughly $40.5 billion of revenue, a ~42% margin**. Leverage on that honest base is about **0.97 times**, not 1.50. Anyone screening Vale on the mechanical numbers will conclude it is a mid-margin, mid-leverage miner. It is neither.

The same distortion runs through the multiple. On the mechanical figure Vale prints 8.39 times enterprise value to EBITDA — *more expensive* than Rio Tinto at 7.20 and barely below BHP at 8.64. On pro forma EBITDA it prints roughly **5 times**. The screen inverts the ranking.

---

## 3. TONE & CONFIDENCE TRAJECTORY

**Rating: Stable, with a specific and recent softening on costs.**

- **Q1 2025 — confident, hedged on macro.** ""The current trade war only reinforces the importance of building a competitive business."" Guidance language is firm: ""we're even more confident in achieving our C1 cost guidance.""
- **Q2 2025 — most confident of the five.** ""We remain highly confident in achieving our full year guidance for both our C1 and all-in costs, implying year-over-year cost reductions despite inflationary pressures."" Cost guidance was *cut* for copper mid-year — companies do not do that unless they are sure.
- **Q3 2025 — expansive.** The tone broadened from operations to reputation: dam-safety milestones, the removal of the last emergency-level-3 dam, and an estimate that roughly $1.5 trillion of environmental, social and governance-mandated assets can now buy the shares again.
- **Q4 2025 — celebratory but disciplined.** ""2025 was simply an outstanding year."" Notably, management *declined* to chase acquisitions: ""we still trade at a discount to peers of about 20%. So for us, from a value accretion standpoint, it is certainly better to develop the endowment that we have.""
- **Q1 2026 — the first defensive quarter.** The guidance verb changes: ""we are working to achieve the top end of our original guidances."" The cost slide becomes a *sensitivity* slide — a tell that management expects to be judged against variables it does not control. ""While external variables such as exchange rates and oil prices can introduce volatility to our cost structure...""

The shift is from offensive (we will beat our cost target) to defensive (here is why the target moved). It is honest, quantified, and it happened one quarter before the formal guidance reset — which is the right order.

---

## 4. GUIDANCE CREDIBILITY

**Score: Medium-High.** The 2025 record is genuinely good; the 2026 record is a clean miss, disclosed early with a quantified cause.

**Delivered or beat:**
- 2025 C1 guidance $20.50–$22.00 → landed $21.30 (the midpoint). Verified against the Q4 2025 call.
- 2025 production guidance exceeded in all three commodities.
- 2025 capital spending guidance of $5.9 billion met; long-term guidance cut below $6 billion after a review that found more than $500 million of annual savings.
- Copper cost guidance cut twice and beaten both times (to negative all-in cost).
- Onça Puma's second furnace delivered on schedule and **13% below planned capital cost** — a specific, checkable, favourable variance in an industry where the chief executive of the base-metals arm himself estimated sector-wide capital overruns ""in the order on average of about 40%.""
- Serra Sul +20 tracked publicly through the bundle — 73% physical progress (March 2025), 80% (Q3 2025), 86% (Q1 2026), start-up ""second half of 2026"" — and **commenced operations in July 2026**, verified from the 2026-07-31 release. Guidance kept and delivered on a multi-year project.

**Missed:**
- 2026 iron ore C1 and all-in cost guidance, both formally raised on 2026-07-31, roughly one quarter into the year. All-in cost moved $6 per tonne, which on roughly 330 million tonnes of annual sales is close to **$2 billion of annualised EBITDA**. Management attributes about 70% to the Brazilian real and diesel.

**No sandbagging pattern.** Vale guides to ranges it usually lands inside, and when it beats (copper) it re-guides rather than banking the beat. The one systematic caution: the cost guidance is quoted at assumed exchange-rate and oil levels, so a ""miss"" can be entirely a currency event. That is disclosed, but it means the cost-leadership claim is partly a claim about the Brazilian real.

---

## 5. ANALYST PRESSURE POINTS

**The recurring three, and how management handles them:**

1. **""When do you step up buybacks?""** — asked by Jefferies (Q1 2025), Morgan Stanley (Q4 2025), and implicitly every quarter. The answer never changes and is admirably non-committal: returns depend on where expanded net debt sits versus the $15 billion midpoint *and* on the share price. This is not evasion; it is a stated policy, and the June-2026 authorisation of a 100-million-share buyback is the policy firing.

2. **The ""expanded net debt"" definition** — pressed by Bank of America twice (Q3 2025 and Q1 2026). This is the sharpest analyst line of attack in the bundle and it deserves attention. Vale's headline leverage measure *adds* the present value of the Mariana and Brumadinho disaster reparations to financial debt. Roughly one-third of the $16.7 billion is reparation obligations. The chief financial officer's answer is unusually candid: ""the obligation related to reparations is different from a regular debt because it cannot be refinanced. We need to pay as they mature."" He also pre-announces that the definition will likely be revisited ""not until the end of '27"" — i.e. once the payments have largely run off. **Read this as a disclosed, dated, non-refinanceable cash claim on the next two years of free cash flow, not as accounting games.**

3. **The ""caves decree""** — Brazil's regulation protecting natural caves, which constrains where Vale can mine. Asked in Q2 2025; the answer was hopeful (""it's certainly an initiative that is led by the government"") with a contingency (""even under a new caves decree scenario, we will make sure that we deliver""). This is a genuine open regulatory item with no date attached.

**Where management gave a real number under pressure and it later mattered:** in Q1 2026 an analyst pushed the commercial head on how much supply exits at lower prices. The answer — a $10 per tonne fall takes ""more than 50 million tons of iron ore production"" to negative margins — is the single most useful sentence in the bundle for pricing the downside, because it defines where the cost curve pushes back.

**What analysts worry about that management does not fully address:** the structural demand question. Vale's answer on Chinese domestic supply (falling from ~260 to ~160 million tonnes) and scrap (""very gradual"") and Simandou (""offset by depletion in the industry"") is coherent but is the answer every seaborne producer gives. It is an assertion about the next decade, not evidence.

---

## 6. RED FLAGS / GREEN FLAGS

**🔴 Red flags**

- **The cost streak broke, and the break is only one quarter old.** C1 up 12% year on year in Q1 2026, up 9% in Q2 2026, and both 2026 cost guidance ranges formally raised on 2026-07-31. The single loudest claim of the 2025 story is currently not true.
- **A $3.5 billion nickel impairment (Q4 2025) is an admission the Canadian nickel base was carried too high.** It was triggered by cutting long-term nickel price assumptions. This is the same asset base whose ""asset review"" and cost improvements management spent 2025 praising. The operations improved; the orebody's value did not.
- **A $2.8 billion deferred-tax write-off in the same quarter** — a Brazilian tax-position reversal, and a reminder that Vale's tax and royalty base is contested. In Q1 2026 an analyst raised the Federal Attorney General's office overturning an injunction on the royalty calculation base; the chief financial officer's answer was ""there are some things that don't depend on us.""
- **Governance instability, state-adjacent.** Verified outside the bundle: Previ, the pension fund of employees of state-controlled Banco do Brasil and a roughly 7% holder, moved to remove chairman Daniel Stieler. The board voted against the proposal on 2026-06-22; Stieler resigned on 2026-07-07, days before the shareholder vote; the item was pulled from the 2026-07-22 meeting and Previ backed a replacement. There is also reported regulatory scrutiny of the outgoing chairman's payout. Vale is a private company with a permanent political shareholder problem.
- **Costs are partly a currency bet.** Management's own framing — 2026 guidance assumes a Brazilian real of 5.25 and oil at $90 — means ""lowest cost curve position"" is contingent on a weak local currency.
- **Labour costs stepped up.** Two United Steelworkers agreements ratified in June 2026 (Sudbury Local 6500, Port Colborne Local 6200) carry guaranteed wage increases of 20.5%–25.7% over the contract life. Small relative to group costs, but it is a structural cost floor in the Canadian nickel business that was just impaired.

**🟢 Green flags**

- **Capital discipline through a strong tape — the sector's besetting sin, avoided.** Long-term capital spending guided *below* $6 billion after a review that found over $500 million of savings; a 16% dividend yield paid in 2025; and a flat refusal to buy growth. Q4 2025: ""M&A, yes, a lot of people are doing M&A. But we don't need to do... we still trade at a discount to peers."" Compare this with the 2011–2014 cycle, when Vale built fertilisers, Mozambican coal and New Caledonian nickel at the top and wrote all three down. This management is not repeating it.
- **Growth at a fraction of peer capital intensity, with third-party evidence.** Serra Leste expansion at **$20 per tonne** of annual capacity; Bacaba copper at **$5,400 per tonne**, roughly half what it was a year earlier, with the internal return moving ""from mid-teens to over 50%""; Salobo particle flotation adding ~30 kt of copper at ""nearly half the capital intensity."" Onça Puma's furnace came in 13% under budget. These are checkable, and the pattern is consistent.
- **""Value over volume"" is practised, not just said.** Vale withdrew 8 million tonnes from the market in Q4 2024 because prices did not justify shipping. A producer that will shrink volume to protect price is behaving like an owner.
- **Commercial strategy is adding real money.** Portfolio and premium initiatives added ""over $500 million... on an annualised basis"" (Q3 2025) and all-in premiums rose $2.60 per tonne quarter on quarter in Q1 2026, worth ""around $800 million in annualised revenue.""
- **Freight risk was pre-empted.** Q4 2025: ""our exposure to the freight spot market today is very low"" — said *before* the freight market ran, and it held.
- **Base metals is now a real second leg.** Copper 382 kt in 2025 (+10%), 102 kt in Q1 2026 (best since 2017); copper all-in cost negative; base metals is now roughly a quarter of revenue and grew ~42% year on year in Q2 2026.
- **Base-metals transparency is deliberate.** Stand-alone asset reports were published after the March 2026 base-metals investor day. Management is openly trying to close the sum-of-the-parts gap.
- **Real disaster-risk reduction.** All emergency-level-3 tailings dams eliminated by the 2025 commitment date; structures at any emergency level down 80% since 2020; the global tailings standard implemented. This is the tail risk that destroyed roughly two-thirds of Vale's market value in 2019, and it is being retired on schedule.

---

## 7. HIDDEN SIGNALS

- **The verb change on guidance.** ""We remain highly confident in achieving our full year guidance"" (Q2 2025) → ""we are working to achieve the top end of our original guidances"" (Q1 2026). One quarter later the guidance formally moved. When this management softens a verb, believe it.
- **A new voice with a different framework.** Shaun Usmar, who took over base metals in October 2024, does not talk like a miner — he talks like a capital allocator. ""We have to look at this as both miners and investors to find the best path forward""; ""the sector's ability to deliver new projects has been pretty bad... capital overruns, particularly on large projects has been in the order on average of about 40%."" He arrived, looked at Bacaba in his second week and halved its capital intensity. This is the most valuable new input in the bundle.
- **Hu'u is deliberately excluded from guidance.** The Indonesian copper-gold project — ""300,000 to 400,000 tons of copper over 400,000 ounces of gold, first half of the cost curve, give or take $5 billion or so and nearly half a century of life"" — is under strategic review and Usmar states plainly: ""We have not built that into the guidance or in the projections."" An asset of that scale sitting outside guidance is an unpriced option, not a promise.
- **A quiet structural change in the pricing benchmark.** Rogério Nogueira flagged that the price agencies are migrating the reference grade from 62% iron content to 61%, because competitors' products have degraded. Vale's products sit above both. If the benchmark falls to the peer group's grade, Vale's realised premium mechanically widens — a slow, underdiscussed positive.
- **Inventory build framed as strategy.** Q3 2025 built roughly 4 million tonnes of inventory, explained as ore in transit to twenty overseas distribution and blending centres. Plausible and consistent with the commercial strategy — but it is also the classic place a bulk producer parks unsold volume, and it is worth tracking rather than accepting.
- **A cost line that is genuinely a gold bet.** Copper's negative all-in cost depends on gold by-product credits: ""for every $100 an ounce moves in gold price, what that does for volume cost for copper is about $135 a time."" Base-metals earnings currently carry an embedded long-gold position that nobody underwrote.

---

## 8. CAPITAL-ALLOCATION VERDICT (for the director)

**Trajectory: STABLE.**

Vale is not a turnaround and not a deterioration. It is a first-quartile-cost bulk producer that spent 2025 executing well, is spending 2026 absorbing a currency-and-diesel cost shock it disclosed early, and is simultaneously building a genuine second earnings leg in copper at roughly half the industry's capital intensity. The strengthening (capital discipline, base metals, dam-risk retirement) and the weakening (unit costs, nickel carrying value, governance) are running at the same time and roughly cancel.

**The single most important thing to weigh before sizing:** the operating leverage cuts both ways and the tape is currently cutting the wrong way. Vale realised **$95.00 per tonne** on iron ore fines in the June 2026 quarter, when the 62% iron benchmark averaged **$108.27**. That benchmark sits at **$93.70 on 2026-08-04** — down about 4.7% in a month and 7.0% year on year. Vale's realisation runs roughly 88% of the benchmark, so at today's price the realised figure is closer to $82 per tonne against an all-in cost guided at $58–$62. Roughly 330 million tonnes of annual sales means each $10 per tonne of price is about $3.3 billion of EBITDA, against pro forma EBITDA of about $17 billion. **The entire question is whether $94 or $105-plus is the right iron ore assumption**, and the answer is worth roughly $6 per share. Do not size this position on the mechanical screen metrics — they are corrupted by a one-off impairment and they make the cheapest of the three diversified majors look like the most expensive.

**Economic moat: WIDE.** The moat type is **scale-cost**, and it is the durable kind — an irreplaceable orebody (Carajás, decades of reserve life at the highest iron grades in the seaborne trade) welded to Vale's own railway and port network, which competitors cannot rent. The evidence is in the cost line, not the rhetoric: C1 of $21.30 per tonne in 2025 against a global cost curve where, on management's own arithmetic, a $10 per tonne price fall drives more than 50 million tonnes of competing supply to negative margins. Vale is nowhere near that boundary. Return on capital employed of 13.8% and return on invested capital of 6.9% are respectable but not spectacular — and both are depressed by the same impairment and tax write-off that distort the margin, so they understate the operating franchise.

**Moat trend: STABLE.** Unit costs rose in 2026, which looks like erosion — but roughly 70% of the increase is the Brazilian real and diesel, not competitive position, and the copper and nickel cost curves moved the *other* way (copper all-in cost is now negative). Meanwhile Serra Sul +20, which started up in July 2026, adds 20 million tonnes at ""mid-teens"" C1 — below the group average, which mechanically improves the mix. The moat is not widening, but it is not being competed away either.

**Secular threat: MATERIAL, not terminal.** The structural risk is the seaborne iron ore price deck itself: Chinese steel output has plateaued, Simandou in Guinea is adding new low-cost tonnes, and scrap supply grows every year. Management's rebuttal — Chinese domestic ore falling from ~260 to ~160 million tonnes, Simandou ""offset by depletion in the industry"" — is coherent but is an assertion about the next decade. That force compresses the *price* Vale earns, and therefore its terminal value; it does not impair Vale's *position*, because Vale is at the bottom of the cost curve and would be among the last producers standing. Two partial offsets are real: steel decarbonisation favours high-grade ore, which is Vale's product, and the benchmark grade migrating from 62% to 61% iron mechanically widens Vale's realised premium.

**Fear-print or value trap?** Neither, cleanly. The optical cheapness on the mechanical screen is an artefact and should be discarded. The genuine discount — roughly 5 times pro forma EBITDA against Rio Tinto at 7.2 and BHP at 8.6 — is *partly* real mispricing (the impairment distortion, the base-metals leg the market still values as an iron ore stub) and *partly* a rational Brazil discount for non-refinanceable disaster reparations, a contested royalty and tax base, and a board that a state-adjacent pension fund can reshape at will. It is not a melting business. It is a good business at a price that already reflects a good deal of the good news.

CREDIBILITY_SCORE: 4 | TRAJECTORY: STABLE | MOAT: WIDE | MOAT_TREND: STABLE | SECULAR_THREAT: material
"
7,CCJ,Energy,67,uranium_fuel_cycle,uranium_fuel_cycle,uranium_fuel_cycle,producer,"Mines uranium ore, mills and converts it into uranium concentrate and uranium hexafluoride, and fabricates nuclear fuel at Canadian and United States facilities.","Vertically integrated uranium miner, converter and fuel-services provider; also holds a 49% equity stake in Westinghouse nuclear services, which dilutes the pure uranium revenue share.","Cameco owns the best assets in the nuclear fuel chain - the world's highest-grade uranium orebodies, scarce conversion licences and roughly 230 million pounds committed under long-term contracts - and it is the only seat in this book that does not ride the global-growth and China-demand axis.","The screened 24.9% margin understates the business because the 49% Westinghouse stake is equity-accounted and sits outside consolidated earnings; the company's adjusted figure was C$899M on C$1,659M of first-half 2026 revenue, or 54%, with the uranium segment alone at 38%. The direction is the problem and it is stated plainly: unit cost of sales of C$62.21 a pound in the June 2026 quarter against a C$93.13 realised price is up 36% year over year, and full-year cost guidance was raised. A plus-or-minus 10% uranium move swings cash profit by plus-or-minus 30.2%, and that minus 30.2% is the second-largest downside torque in the book - the contracted volumes are what stop it being a coin flip. The beta is an exchange-traded-fund regression, so read it softly.","Roughly 230 million pounds committed under long-term contracts - the strongest contracted position in this slate and the canonical tell of where the uranium cycle stands - against McArthur River and Cigar Lake reserves that run for decades. The conversion licences are effectively unreplicable, which is a second and separate scarcity.","Net cash, at minus 0.1 times cash profit, with interest cover of 9.6 times. It restarted idled capacity rather than building new mines into a rising price, which is the discipline this sector usually lacks and the reason a failing valuation guard does not end the seat.","The guard is the binding constraint. The reconciled margin-of-safety reading is about minus 21% and the base value of roughly $62 sits well below the $94.06 price, with the adverse case at $40, some 57% below. The seat is kept for the contract book and for being the only genuinely separate risk in the basket, at half a unit, and any fresh money waits for evidence rather than for a better price alone.",0.2486,low(<25%),0.302,"Falling margin on a falling top line: consolidated gross margin was 21.1% in the second quarter of 2026 (C$171M on C$814M) against 29.3% a year earlier (C$257M on C$877M), with revenue down about 7% year over year - the least attractive of the four possible combinations.",-0.027,,0.97,URA,-0.1,9.6,strong,False,False,False,"{""uranium_fuel_cycle"": ""NEUTRAL""}","The uranium chain reads neutral in the sidecar, and the contracted book is what a neutral chain calls for: a producer selling spot into a soft term market owns the downside torque with no cushion, and this one does not.","The growth-and-cooling-inflation quadrant favours demand-linked metals on volume, and reactor fuel is bought on utility schedules rather than on the economic cycle - which is why this seat is the diversifier of the book rather than a second bet on the same thing. Under a phase that rewards payback speed, its raised unit cost of sales is the honest mark against it.",,-20.8,,EXCLUDE_ELIGIBILITY,utility-contracting-cycle,12.5,0.5,12.5,False,2 tranches / 2 wks,66.0,40.0,C,2,SOFT_EXTENDED,"About US$62 per share (roughly C$87), against a live price of US$94.06 - the base case sits below the market.","Uranium mining US$25.6 per share (C$15.7B, about 15.7 times 2026 segment earnings of roughly C$1.0B, or eleven times a normalized C$1.4B once the contract book reprices; cross-checked against the US$21 to US$27 per pound in the ground that the development peers carry, which on 433 million pounds of reserves supports US$9 to US$12B). Fuel services and conversion US$4.3 (C$2.6B, about twelve times roughly C$220M, discounted for the capacity coming back). Westinghouse 49% stake US$25.5 (US$24B of equity value for the whole company, about 26 times a 2028 earnings estimate near US$1.1B, less the US government's 20% of the US$6.5B above the US$17.5B threshold, leaving US$22.7B, of which Cameco's share is US$11.1B). Net cash US$0.2 (C$1,113M of cash against C$1,009M of debt at 30 June 2026). Laser enrichment 49%, the Inkai joint venture 40%, idle Tier-2 mines and exploration US$3.6. Sum US$59.2, rounded up to US$62 to allow for a long-term uranium price still climbing off decade highs.","From the live price of US$94.06, the base sum-of-the-parts value is US$62, the adverse case US$40 and the favorable case US$115. The base case sits below the market, which means the reward is not upside to fair value but the tail alone - and the tail requires both a commodity squeeze and a hot nuclear-services listing to arrive together. The adverse case is a long way down and the symmetric torque makes it fast: a 10% decline in uranium removes roughly US$28 per share of value at today's multiple.","UEC, UUUU, DNN, NXE, KAP.L, PDN.AX, UROY","Cameco owns assets that cannot be rebuilt, and it is the only Western company that owns them across the whole nuclear fuel chain. McArthur River is the highest-grade uranium mine in the world and Key Lake the largest mill; Port Hope is one of a handful of licensed Western conversion plants, which is exactly why conversion prices are at historic highs; and a 49% stake in Westinghouse adds the only Western third-generation-plus reactor design with an operating reference fleet. Proven and probable reserves stood at 433 million pounds (Cameco's share) at the end of 2025, roughly twenty years of production at the guided 2026 rate of 19.5 to 21.5 million pounds. The demand side is a genuine secular tailwind rather than a cyclical one: reactor life extensions to eighty years, restarts of plants once slated for decommissioning, China approving ten new reactors a year for four straight years, the World Bank lifting its nuclear financing ban, and electricity demand from artificial-intelligence data centres. There is no substitute for uranium in a fuel bundle and no elasticity in the demand for it. The pricing engine has not yet reached the income statement. Cameco realized US$67.79 per pound in the second quarter of 2026 while spot sat near US$86.63 and the long-term indicator near US$93 - the gap is the legacy of contracts written years ago, and it closes mechanically as those roll off. Management disclosed in the second quarter of 2026 that newly layered market-related contracts carry floors in the high US$70s and ceilings near US$160, both escalating with inflation; chief operating officer Grant Isaac described a long-term price in the mid-nineties that is on its way to three digits. On roughly 32 million pounds of annual sales, moving realized price from today's US$68 to US$120 per pound against costs near C$75 would take uranium segment earnings before interest, tax, depreciation and amortisation from about C$1.0B to roughly C$3.0B. That is the operating torque, and the deterministic proxy agrees: a 10% move in the commodity swings those earnings by about 30%. Capital discipline is verified, which is genuinely rare here. Through the last down-cycle Cameco cut capital spending from C$217M in 2016 to C$55M in 2018, cut the dividend from C$158M to C$24M rather than borrow to pay it, and idled McArthur River for four years rather than sell into a weak market. It has never bought back stock at the top and it is not a serial issuer of shares - the count went from 435.2 million in early 2025 to 435.6 million in mid-2026. It ends the second quarter of 2026 with C$1,113M of cash against C$1,009M of debt and an undrawn C$1.0B credit line, so it cannot be forced to sell anything. And the largest single value item is about to be priced by the market rather than estimated: Westinghouse confidentially filed a draft registration statement for a stock-market listing on 31 July 2026. Cameco carries roughly C$2.9B of long-term investments on its balance sheet against a stake that even a conservative listing would value in the tens of billions. The conditions that must hold are specific: the long-term uranium price keeps rising rather than stalling; Cameco actually delivers its production guidance after three interruptions in twelve months; unit costs stop climbing; and the Westinghouse listing prices at a number that validates rather than deflates what the market already assumes.","The business is excellent and the price is not. On a trailing basis to 30 June 2026, Cameco generated C$3,474M of revenue (down 2.7% year over year), C$534M of free cash flow (half the C$1,075M it made in 2025), and C$0.82 of diluted earnings per share. Against a market value of about US$41.0B that is a free-cash-flow yield of roughly 0.9%, a price-to-earnings ratio above 150, and about 33 times look-through adjusted earnings before interest, tax, depreciation and amortisation of roughly C$1.75B. Return on invested capital is 3.9% and return on equity 5.1%. Those are not the returns of a business priced at these multiples, and every one of them is moving the wrong way: first-half net earnings fell 60% to C$156M, second-quarter earnings per share fell 92%, gross margin compressed about eight percentage points, and unit cost of sales rose 36% to C$62.21 per pound while full-year cost guidance was raised. Operations keep slipping. McArthur River and Key Lake were guided to 18 million pounds for 2025 and cut in August 2025 to 14 to 15 million; road conditions disrupted the same complex in spring 2026; Cigar Lake was suspended for roughly two weeks in July 2026 because of problems at a mill Cameco does not operate. Second-quarter production was 3.9 million pounds against 7.1 million pounds of sales - the gap filled from inventory and from purchases at C$91.40 per pound, within 2% of the C$93.13 realized price. Pounds bought at the selling price earn nothing, so every production miss quietly converts the contract book from a margin into a pass-through. Reserves fell from 457 million to 433 million pounds during 2025, mined and not replaced. The torque is symmetric and the downside number is large. The same proxy that gives a 30% earnings gain on a 10% uranium rally gives a 30% loss on a 10% decline: about C$530M off look-through earnings, which at the current 33 times multiple is roughly C$17B of market value, about US$28 per share, or 30% of the equity - from a 10% commodity move. A move back to US$60 per pound uranium, which is where the market traded as recently as 2024, would take the uranium business to roughly C$800M of earnings and, on a compressed eleven times multiple, to about US$14 per share of value. The price floors help but they are narrower than they sound: they attach to newly layered market-related contracts, not to the whole 230-million-pound book, and they are only a floor for five years of the roughly 28 million pounds a year of commitments. Conversion, the other bright spot, is explicitly living on borrowed scarcity - Isaac himself named the threats in the fourth quarter of 2025: Converdyn returning, Springfields under pressure to restart, and Orano heading to full capacity. When capacity returns, he said, there is less leverage. The load-bearing risk, however, is Westinghouse. Back out a fair value for the mines, conversion and net cash, and the residual implies the market is valuing Cameco's 49% at roughly two to three times the US$30B threshold that the US government partnership itself uses to trigger its warrant. Westinghouse's 2026 contribution is guided at US$370 to US$430M of Cameco's share of adjusted earnings, implying roughly US$800M for the whole company - so the implied multiple is extraordinary, resting on 91 identified reactor opportunities and at least US$80B of planned investment, neither of which is contracted backlog. And Cameco does not keep all of it: under the October 2025 agreement the US government takes 20% of distributions above US$17.5B, converting into a warrant for 20% of public value above US$17.5B if the listing values Westinghouse at US$30B or more by January 2029. Every marginal dollar above that threshold is worth eighty cents to Cameco owners, and the market does not appear to be applying that haircut. What confirms the bear case: a Westinghouse listing that prices below roughly US$30B or is pulled; a second consecutive quarterly miss in the November 2026 report; 2027 guidance in February 2027 that treats the reduced production run-rate as the new baseline; or simply a stall in the long-term uranium price, which would remove the only argument that today's earnings understate the future.","About US$115 per share (roughly C$162), assuming the commodity squeezes and the Westinghouse listing prices hot. Uranium mining US$59 - realized price rising toward the escalated US$160 ceiling, roughly US$120 per pound on 32 million pounds against costs near C$75, giving about C$3.0B of segment earnings before interest, tax, depreciation and amortisation at twelve times. Fuel services and conversion US$6 - about C$260M at fourteen times, with Springfields staying down and Port Hope keeping its scarcity premium. Westinghouse 49% stake US$44 - a US$45B equity value for the whole company (roughly 22 times a 2030 earnings run-rate of about US$2B as the AP1000 new-build pipeline converts), less the US government's 20% of the US$27.5B above the US$17.5B threshold, leaving US$39.5B, of which Cameco's share is US$19.4B. Net cash US$0.2. Laser enrichment, the Inkai joint venture, the idle Tier-2 mines and exploration US$6 - the tails re-enrichment project alone is described as an above-ground mine producing four to five million pounds a year.","About US$35 to US$44 per share (roughly C$49 to C$62), assuming the uranium chain turns against it and the listing window closes. Uranium mining US$14 - uranium back to about US$60 per pound, the five-year floors cushioning realized price to roughly C$100 into 2029 but costs stuck near C$70 and the multiple compressing to about eleven times roughly C$800M of segment earnings. Fuel services and conversion US$2 - Converdyn back online, Springfields restarted and Orano at full capacity pull conversion pricing back to about C$130M at ten times. Westinghouse 49% stake US$18 - the listing pulled or priced at about US$16B of equity value, below the US$17.5B threshold so no government deduction applies, leaving Cameco's share at US$7.8B. Net cash US$0.2. Laser enrichment, Inkai, idle Tier-2 mines and exploration US$1 - option value written down when nobody is funding new supply. The torque check confirms the shape rather than asserting it: a 10% decline in uranium alone removes about C$530M of look-through earnings, worth roughly US$28 per share at the current multiple.","Where we disagree with the market is not about nuclear and not about Cameco's quality - it is about what a 49% stake in Westinghouse is worth and who keeps the upside. The street is carrying a consensus target of US$134 with a high of US$175, and the freshest marks are moving down hard: Barclays cut to US$104 on 15 July 2026 and to US$97 on 4 August 2026, while the last-month average of three targets is US$110 against a full-year average of US$118. UBS upgraded on 27 July 2026 arguing that an 18% one-month decline reflected sentiment rather than fundamentals. Three specific street assumptions look wrong to us. First, the residual arithmetic. Value the mines at what the development peers pay per pound in the ground (US$9 to US$12B on 433 million pounds), the conversion and fuel-fabrication business at a full twelve times (about US$1.9B), and add trivial net cash, and the remaining US$27B or so of market value implies Westinghouse at roughly US$55 to US$60B for the whole company. Cameco's guided share of Westinghouse adjusted earnings before interest, tax, depreciation and amortisation for 2026 is US$370 to US$430M, implying about US$800M for the whole company. That is roughly seventy times current earnings, and about thirty times a 2030 estimate that assumes the new-build pipeline converts. The market is not valuing a nuclear-services company; it is valuing a reactor-deployment narrative. Second, and this is the cleanest error, almost nobody is deducting the government's cut. Under the October 2025 agreement the US government takes 20% of distributions above US$17.5B, converting into a warrant for 20% of public value above US$17.5B if the listing values Westinghouse at US$30B or more by January 2029. At a US$45B listing, Cameco owners receive 49% of US$39.5B, not 49% of US$45B - a US$2.7B haircut to Cameco alone, about US$6 per share, and the haircut grows with every dollar of success. Third, the street treats today's realized price as a coiled spring without pricing the cost side of the same spring. Yes, realized price of US$67.79 per pound trails a US$93 long-term indicator and will converge upward. But unit cost of sales rose 36% year over year to C$62.21 per pound in the same quarter, cost guidance was raised, and Cameco filled 45% of its second-quarter sales with purchased pounds at C$91.40 - within 2% of what it sold them for. The margin expansion the street models assumes the cost line stands still while the price line rises. It has not. What the street has right, and we do not dispute: the demand picture is genuinely secular, the balance sheet is genuinely unencumbered, and the capital discipline is genuinely verified through a full down-cycle. This is not a short thesis. It is a price objection.","Pass for now - on price, not on quality. Cameco is the best-owned asset in this chain and the file supports that without much argument. The ore bodies cannot be replicated, the conversion licences are scarce enough that pricing is at historic highs, the balance sheet is in net cash with an undrawn billion-dollar line, and the capital discipline is verified through an actual down-cycle rather than asserted: capital spending cut from C$217M in 2016 to C$55M in 2018, the dividend cut rather than debt-funded, McArthur River idled for four years, no buybacks at the top, and a share count essentially flat at 435.6 million. In a sector whose standard failure mode is dilution and promotion, this management team publicly criticises promoters and refuses to guide beyond evidence. The credibility read of four out of five is earned. Judged as this lane requires, three of the four tests come back mixed rather than clean. On cost-curve position, the honest answer is that Cameco is sliding up the curve, not down it: unit cost of sales rose 36% year over year to C$62.21 per pound and full-year cost guidance was raised, while the deterministic proxy's 24.9% margin badly understates the business because it excludes the equity-accounted Westinghouse contribution - the company's own adjusted margin is 54%. On contracting and reserve life, the answer is strong: roughly 230 million pounds under long-term contract, about 28 million pounds a year committed for five years, newly layered contracts carrying escalating floors in the high US$70s and ceilings near US$160, and 433 million pounds of proven and probable reserves for roughly twenty years of life - though those reserves fell 24 million pounds during 2025 with nothing added, and the named counterparties are utilities disclosed only in aggregate. On capital discipline, the answer is the best in the sector. The regime read for this chain is neutral, and that is right: the long-term price is at a decade high and rising while spot has softened and the equity complex has fallen about 30% from its high on flows rather than facts. What decides it is the fourth thing - the price. At US$94.06 the shares carry roughly 33 times look-through adjusted earnings before interest, tax, depreciation and amortisation, a free-cash-flow yield of about 0.9%, and a return on invested capital of 3.9%. Free cash flow halved to C$534M while capital spending rose to C$386M. Value the parts honestly - the mines at what the development peers pay per pound in the ground, conversion at a full multiple, Westinghouse at US$24B for the whole company net of the government's 20% claim above US$17.5B - and the sum is about US$62 per share. The market is at US$94. The gap is not a rounding error and it is not conservatism; it is the market paying roughly two to three times the US$30B threshold the government partnership itself uses, for a stake whose upside above that level is worth only eighty cents on the dollar to Cameco owners. The torque cuts both ways and the downside arithmetic is brutal precisely because the multiple is high: the same proxy that promises a 30% earnings gain on a 10% uranium rally delivers a 30% loss on a 10% decline, which at today's multiple is about US$28 per share - roughly 30% of the equity from a 10% commodity move. That is why the adverse case sits near US$40 while the favorable case, which needs a commodity squeeze and a hot listing to arrive together, only reaches US$115. Paying above the base case for the privilege of that skew is not an allocation, it is a wager. The thesis is real and I want to own this eventually. The trigger is specific: either the shares trade at or below US$62, which is the base sum-of-the-parts value and roughly a third below here, or the Westinghouse registration statement becomes public with audited backlog and a price range implying US$40B or more, which would validate the mark and change the arithmetic rather than the price. Until one of those happens, this is a wonderful business at the wrong number.",4,STABLE,"# Forensic dossier — Cameco Corporation (CCJ)

*Prepared 2026-08-04. Transcripts reviewed: Q4 2024 (2025-02-20), Q1 2025 (2025-05-01), Q2 2025
(2025-07-31), Q3 2025 (2025-11-05), Q4 2025 (2026-02-13), plus the Q2 2026 call (2026-07-31)
verified from published coverage. Financials are Cameco's reported figures, which are in Canadian
dollars; the shares quoted here trade in US dollars on the New York Stock Exchange. The exchange
rate used throughout is 1.408 Canadian dollars per US dollar (live, 2026-08-04).*

---

## 1. Narrative arc

The story Cameco told across these six quarters barely moved — and that consistency is itself the
most useful finding. Chief executive Tim Gitzel opened the Q4 2024 call saying market fundamentals
""are stronger than they've been for decades,"" and the Q4 2025 call closed on the same note. In an
industry where management teams routinely re-invent the pitch to match the tape, Cameco did not.

What *did* change is where the weight of the story sits. Three shifts are visible:

**From uranium to the whole fuel cycle.** In Q4 2024 the emphasis was the uranium contract book:
""commitments to deliver an average of about 28 million pounds of uranium over the next five years,""
against ""approximately 220 million pounds"" under long-term contract. By Q4 2025 that book had grown
to ""approximately 230 million pounds"" and the same 28-million-pound annual commitment — meaning the
contract portfolio grew about 5% in a year while the delivery commitment did not move at all. In the
same window the narrative expanded outward to conversion (""historic pricing""), fuel fabrication, and
laser enrichment. That is a deliberate re-framing of Cameco as a fuel-cycle company rather than a
miner, and it is fair: the conversion business genuinely is earning historic prices.

**From Westinghouse-as-investment to Westinghouse-as-the-story.** In Q4 2024, Westinghouse was
discussed as a 6%-to-10% core growth rate with new-build reactors framed as ""upside."" By Q3 2025 the
company was announcing a partnership with the US government ""backed by at least USD 80 billion in
planned investments."" By Q2 2026 (2026-07-31) Westinghouse had confidentially filed a draft
registration statement for its own stock-market listing. In eighteen months the 49% stake went from
a footnote to the load-bearing element of the equity story.

**Supply discipline hardened into an identity.** The phrase ""we will never front-run the market""
(Q2 2025) became ""we're not going to make heroic decisions with our operating assets when the market
is not yet valuing it"" (Q3 2025) and ""we are simply not prepared to satisfy that demand at today's
economics"" (Q4 2025). Read charitably, this is a producer refusing to destroy its own price. Read
sceptically, it is also a convenient framing for an operation that has repeatedly missed its own
production targets — a point I return to in section 4.

One driver was quietly dropped. In Q4 2024, chief financial officer Grant Isaac walked through a
detailed layered growth case for Westinghouse (6% core, 10% with energy systems, more with Korean
collaborations, more again with the small AP300 and eVinci designs — ""it gets silly really fast"").
By Q2 2026, with the listing filed, management said almost nothing: ""consistent with the US
Securities and Exchange Commission rules governing the process, we are extremely limited in what we
can say."" That silence is legally required, but it means the most valuable part of the company is
now the least discussed part.

---

## 2. Claims versus financials (forensic)

| Management claim | Quarter | What the numbers show | Verdict |
|---|---|---|---|
| ""2025 reflects disciplined execution""; revenue up 11% to ~C$3.5B, adjusted EBITDA up 26% to ~C$1.9B, adjusted net earnings up 115% to just under C$630M | Q4 2025 | Reported revenue of C$3,481M for 2025 confirms the 11%. Free cash flow was C$1,075M, up from C$694M. The year was genuinely strong. | **Holds** |
| The same strength continues into 2026 | Q4 2025 / Q2 2026 | It did not. Trailing-twelve-month revenue to 2026-06-30 is C$3,474M, down 2.7% year over year. Free cash flow halved, from C$1,075M in 2025 to C$534M on a trailing basis. First-half 2026 net earnings were C$156M against C$391M a year earlier, a 60% decline. Second-quarter earnings per share were C$0.058 against C$0.74 — down 92%. | **Diverges sharply** |
| ""Average realized prices continue to improve"" | Q4 2025 | True, and verified: the uranium segment realized US$67.79 per pound (C$93.13) in the second quarter of 2026, and the company raised full-year realized-price guidance to C$91–96 per pound. | **Holds** |
| Cost control is intact | implied throughout | It is not. Average unit cost of sales was C$62.21 per pound in the second quarter of 2026, up 36% year over year, and Cameco *raised* its full-year unit-cost guidance for both uranium and fuel services, citing US-dollar strength on purchased pounds and input inflation. | **Diverges** |
| Capital expenditure is ""revitalization for optimization,"" not growth — ""we haven't yet made a decision to grow"" | Q4 2024 | Capital spending went from C$212M in 2024 to C$333M in 2025 to C$386M on a trailing-twelve-month basis — up about 82% in two years while production fell. Whatever it is called, cash is leaving faster than output is arriving. | **Story is thinner than the spend** |
| Production guidance is intact | Q2 2026 | The 2026 range of 19.5–21.5 million pounds (Cameco's share) was reaffirmed after both a spring road-access disruption at Key Lake and McArthur River and a roughly two-week Cigar Lake suspension caused by problems at Orano's McClean Lake mill. But second-quarter output was 3.9 million pounds, down 15% year over year, and sales of 7.1 million pounds were filled partly with *purchased* pounds at C$91.40 each — nearly the realized price. | **Guidance held; the mix that holds it is expensive** |
| Westinghouse is compounding | throughout | Cameco's share of Westinghouse adjusted EBITDA was C$163M in the second quarter of 2026 against C$352M a year earlier — down 54%, because the prior year carried a Czech reactor construction milestone. Full-year guidance is US$370–430M. Cameco's share of Westinghouse's *net* result was a C$10M loss. | **Lumpy, and currently going the wrong way** |

The most important divergence is not in any single line but in the shape of the whole: the narrative
describes a company entering its harvest, while the financials describe a company whose cash
generation halved, whose costs rose 36%, whose output fell 15%, and whose return on invested capital
is 3.9% on a trailing basis. Both can be true — a contract book repricing upward takes years to
reach the income statement — but a director should be clear that the harvest has not arrived.

There is one claim the numbers flatter rather than contradict. The screen's deterministic proxy reads
a 24.9% trailing EBITDA margin. Cameco's own adjusted EBITDA was C$899M on C$1,659M of first-half
2026 revenue — a 54% margin, and the uranium segment alone earned C$252M on roughly C$661M of
second-quarter uranium sales (38%). The proxy understates because Cameco's 49% of Westinghouse is
accounted for as an equity investment and sits outside consolidated EBITDA entirely. Anyone reading
the screen figure alone would badly underrate the operating business.

---

## 3. Tone and confidence trajectory

**Stable — unusually so, and deliberately flat.**

- *Q4 2024:* ""the outlook for nuclear power and nuclear fuel fundamentals is more favorable than it
  has been for decades."" Confident, but paired with a very specific defence of why spot-market
  volumes are misleading: of 46 million pounds traded in spot in 2024, ""only about 15% was bought by
  utilities.""
- *Q1 2025:* Defensive tilt appears for the first time, entirely around trade policy — the US
  Section 232 investigation naming uranium as a critical mineral. Gitzel: ""we take nothing for
  granted. That was a different time and a different trade environment.""
- *Q2 2025:* Back on the front foot, and the discipline language sharpens: ""Cameco will never
  front-run the market.""
- *Q3 2025:* The most combative moment in the set, aimed at competitors rather than the market —
  Isaac on why uranium has not repriced: ""everybody who's invested in a producer who is
  undisciplined, who is over promotional and sensational needs to tell that management team to
  understand how the market works.""
- *Q4 2025:* Steadiest tone of the six. Notably, Gitzel pre-recorded his remarks and skipped the
  question-and-answer session to fly to Washington — an unusual choice that signals where the
  company thinks value now sits.
- *Q2 2026:* Confidence intact on the market (""we found ourselves back into a mid-'90s long-term
  uranium price on its way to three digits likely"") and conspicuously absent on Westinghouse, for
  regulatory reasons.

Guidance became *less* specific over the period in one respect that matters: the Westinghouse growth
architecture laid out in such detail in Q4 2024 has not been updated with comparable granularity
since, and the listing process now forbids it. Elsewhere, disclosure got sharper — the Q2 2026
disclosure of contract terms (""floors in the high 70s per pound and ceilings around $160, both
escalated"") is the most concrete pricing detail management has given in years, and it is genuinely
useful.

---

## 4. Guidance credibility

**Medium — split cleanly by function.**

*Marketing and contracting: high.* Every commitment made about the contract book was delivered.
The 220-million-pound portfolio guided in Q4 2024 became roughly 230 million pounds by Q4 2025.
The five-year commitment of about 28 million pounds a year has been restated identically five times
and reaffirmed again in the second quarter of 2026. Realized-price guidance was *raised* mid-2026,
not cut.

*Mining execution: low, and repeatedly so.* This is where the record breaks.

- In Q4 2024, McArthur River and Key Lake were guided to 18 million pounds for 2025 (on a
  100%-owned basis). In August 2025 that was cut to 14–15 million pounds. Actual 2025 output was
  15.1 million pounds — the top of a range that had already been reduced by about 17%.
- Asked directly in Q2 2025 whether wildfires were behind cautionary language on Cigar Lake and
  McArthur River, Gitzel answered ""the fires are not really the principal cause"" and listed ground
  freezing, labour and equipment commissioning instead. Three weeks later the guidance was cut.
- In July 2026 Cigar Lake was suspended for roughly two weeks because of problems at a mill Cameco
  does not operate.
- Second-quarter 2026 production was 3.9 million pounds, down 15% year over year.

*Cost guidance: recently missed.* Full-year unit-cost guidance was raised in the second quarter of
2026. Chief financial officer Heidi Shockey attributed it to currency: the change ""was really as a
result of the impact of the foreign exchange, mainly on our purchases."" That is an honest answer,
and partly a genuine pass-through — a stronger US dollar inflates the Canadian-dollar cost of
purchased pounds while also inflating Canadian-dollar revenue. But it is still a raise.

*Earnings delivery: weak in the most recent print.* Second-quarter 2026 adjusted earnings of
about US$0.13 per share came in roughly half of the US$0.26–0.28 the street expected.

No sandbagging pattern is evident. If anything the reverse: production guidance is set optimistically
in February and trimmed mid-year, which has now happened often enough to be a pattern rather than
bad luck.

---

## 5. Analyst pressure points

**Where floors and ceilings sit.** Craig Hutchison of TD Cowen pushed on this in Q1 2025 and got a
partial answer that was then cut off by a technical fault (""we're still holding out for floors that
are in the $70 escalated""). It took until the second quarter of 2026 to get the full disclosure —
floors in the high US$70s and ceilings near US$160, both escalated. This matters enormously and was
under-disclosed for five quarters.

**Whether production delays roll forward.** Lawson Winder of Bank of America asked directly in
Q3 2025 how to handicap McArthur River delays spilling into 2026. Isaac's answer never engaged the
operational question and pivoted to strategy: ""it would require a change of our strategy, which
would require more demand in the market for us to do anything different."" That is a non-answer.
Nine months later Cigar Lake was suspended and second-quarter output fell 15%.

**When utilities will actually contract.** Gordon Johnson pressed in Q3 2025 for the precursor to
serious long-term contracting. Isaac's reply blamed rival producers for selling into spot rather
than naming an observable trigger. Analysts have now been told for six straight quarters that
contracting is below replacement rate and that this is bullish. At some point the absence of
contracting stops being a coiled spring and starts being the market's verdict — no analyst has put
that to management directly.

**Westinghouse's economics.** The most valuable asset is the least examined. On the Q2 2026 call,
questions were ""primarily clarificatory regarding timing and mechanics""; no analyst challenged the
valuation. Cameco carries roughly C$2.9B of long-term investments on its balance sheet — the
Westinghouse stake, plus the Inkai joint venture and the laser-enrichment interest — against a market
that appears to be paying an order of magnitude more for the Westinghouse piece alone.

**What analysts worry about that management isn't addressing:** the widening gap between the
realized price (US$67.79 per pound) and both the spot price (about US$86.63 on 2026-08-03) and the
long-term indicator (about US$93 per pound). Cameco's own book is being delivered *below* the market
it is telling investors is tightening. That is the arithmetic of price floors and ceilings agreed
years ago, and it is the single biggest gap between the story and the cash.

---

## 6. Red flags and green flags

**Concerning**

- Free cash flow halved, from C$1,075M in 2025 to C$534M on a trailing basis to 2026-06-30, while
  capital spending rose to C$386M. The company is spending more and generating less. *(Q2 2026)*
- Unit cost of sales up 36% year over year to C$62.21 per pound, with full-year cost guidance
  raised. A producer sliding *up* the cost curve while the commodity price rises is not compounding
  an advantage. *(Q2 2026)*
- Gross margin fell to 21.1% in the second quarter of 2026 from 29.3% a year earlier, on revenue
  down about 7%. Margin compressing on a shrinking top line is the least attractive combination
  there is. *(Q2 2026)*
- Three separate operational interruptions inside twelve months (Key Lake/McArthur road access,
  Cigar Lake suspension, McArthur development delays), one of them at a mill Cameco does not
  control. *(Q3 2025 – Q2 2026)*
- Proven and probable reserves fell to 433 million pounds (Cameco's share) at the end of 2025 from
  457 million a year earlier — 25 million pounds mined, essentially nothing added. At current output
  that is roughly a twenty-year life, which is excellent, but the direction is depletion.
- Westinghouse is increasingly described in opportunity counts rather than contracted backlog: ""at
  least USD 80 billion in planned investments"" *(Q3 2025)*, ""91 identified AP1000 opportunities""
  *(Q2 2026)*. Pipelines are not orders. In this sector that distinction is where investors get hurt.
- Return on invested capital is 3.9% and return on equity 5.1% on a trailing basis. Those are not
  the returns of a business the market is valuing at roughly 33 times its look-through earnings
  before interest, tax, depreciation and amortisation.

**Positive**

- Capital discipline is verified through a full down-cycle, which is rare in mining. Capital
  spending was cut from C$217M in 2016 to C$55M in 2018 and C$58M in 2019; the dividend was cut from
  C$158M in 2016–17 to C$24M in 2019–20 rather than funded with debt; McArthur River was idled for
  four years rather than run into a weak market.
- No share buybacks at the top of the cycle, and no serial dilution: shares outstanding went from
  435.2 million in early 2025 to 435.6 million in mid-2026. The one meaningful equity raise, about
  C$963M in 2022, funded the Westinghouse purchase. This is the single most common way uranium
  investors are destroyed, and Cameco does not do it. *(Balance sheet, 2016–2026)*
- Net cash: C$1,113M of cash against C$1,009M of total debt at 2026-06-30, plus an undrawn C$1.0B
  credit line. The company cannot be forced to sell anything.
- Management is actively anti-promotional, publicly criticising rivals who are ""over promotional and
  sensational"" *(Q3 2025)*, and refuses to guide Westinghouse growth beyond evidence-based triggers
  *(Q4 2024)*.
- The contract structure disclosed in Q2 2026 — floors in the high US$70s, ceilings near US$160,
  both escalated — is genuine downside protection on newly layered volumes. A uranium price collapse
  does not immediately collapse Cameco's realized price.
- Long-term uranium pricing reached decade highs in the first half of 2026, and Cameco raised
  realized-price and revenue guidance on the strength of it.

---

## 7. Hidden signals

**""Supply discipline"" is doing two jobs.** It is a real and defensible commercial strategy — refusing
to sell uncommitted pounds into a market that has not yet paid for them. It is also, increasingly,
the frame in which operational shortfalls are presented. In Q3 2025 Isaac answered a direct question
about McArthur River delays affecting 2026 by saying ""we're not going to take any heroic actions.""
That reframes an inability into a choice. A director should watch whether 2027 guidance, due in
February 2027, treats the reduced run-rate as strategy or as the new baseline.

**The purchased-pound tell.** Cameco sold 7.1 million pounds in the second quarter of 2026 while
producing 3.9 million. The gap was filled from inventory (8.7 million pounds carried at C$58.05) and
from purchases at C$91.40 per pound — within 2% of the C$93.13 realized price. Pounds bought at the
selling price earn nothing. The more often production misses, the more the contract book becomes a
pass-through rather than a margin.

**Terminology drift on Westinghouse.** The Q4 2024 language was underwriting language: growth rates,
triggers, ""we require evidence based triggers."" By Q3 2025 it was deal language, and Isaac introduced
a new concern — ""the last thing we want to have is trapped value within this family of assets."" That
sentence, nine months before the listing was filed, was the tell. He also said plainly that the
partnership ""does not force us to leave Westinghouse in 2029"" and that ""we will just maximize the
optionality."" Cameco has been preparing to surface this value for at least a year.

**New voices, same script.** Grant Isaac moved from chief financial officer to president and chief
operating officer during 2025; Heidi Shockey moved from deputy to chief financial officer. Isaac now
answers the operational questions as well as the strategic ones, which is why operational answers
increasingly arrive in strategic language. Shockey's contributions are the most narrowly factual in
the set — her explanation of the fuel-services price uplift in Q1 2025 (""just the timing of one
particular contract that had a higher price"") is a useful corrective to the more expansive framing
around it.

**What the founder-level confidence is attached to.** Note carefully what management is confident
about: the *market*. Nuclear demand, contracting cycles, the structural deficit. They are markedly
less confident, and much vaguer, about their own mines. That asymmetry has been consistent for six
quarters and it has been right about the market and wrong about the mines.

---

## 8. Capital-allocation verdict

**Classification: STABLE.**

Cameco is not deteriorating and it is not pivoting. It is executing a strategy it has held for years,
inside a commodity cycle that has moved in its favour, with mining execution that is materially
weaker than its marketing execution.

**The single most important thing to weigh before sizing:** the market is not paying for the uranium
business. Back out a reasonable value for the mines, the conversion and fuel-fabrication business,
and the net cash, and what remains implies the market values Cameco's 49% of Westinghouse at roughly
two to three times the US$30 billion threshold that the US government partnership itself uses as the
trigger for its warrant. And Cameco does not keep all of the upside above that level: under the
October 2025 agreement, the US government is entitled to 20% of distributions above US$17.5 billion,
converting into a warrant for 20% of the listed entity's public value above US$17.5 billion if the
listing values Westinghouse at US$30 billion or more by January 2029. Every marginal dollar of
Westinghouse value above that threshold is worth only eighty cents to Cameco's owners. A director
sizing this position is underwriting a nuclear-services listing, not a uranium mine — and is doing so
before the registration statement is public and before anyone outside the company has seen
Westinghouse's audited numbers.

**Economic moat: WIDE.** The moat is the combination of a regulatory licence and an irreplaceable
scale-and-grade cost position. McArthur River is the highest-grade uranium mine in the world and
Key Lake the largest mill; those ore bodies cannot be replicated, and the permits to build anything
comparable take a decade. Port Hope is one of a handful of licensed Western conversion facilities,
which is precisely why conversion pricing is at historic levels. The 49% Westinghouse stake adds the
only Western third-generation-plus reactor design with an operating reference fleet. Isaac's Q3 2025
line — ""how grateful we are that we don't have a greenfield project that we have to try to build
right now"" — is the moat stated plainly.

**Moat trend: STABLE.** It is not widening. Unit costs rose 36% year over year, gross margin
compressed about eight percentage points, and reserves depleted by 24 million pounds without
replacement. Those are the marks of a business holding its position, not extending it. But the
erosion is cyclical and currency-driven rather than structural, and the contract floors disclosed in
the second quarter of 2026 protect the earnings base on the downside.

**Secular threat: none.** This is the rare resource business where the structural force runs
*toward* the asset. Reactor life extensions, restarts, approvals in China at ten a year, the World
Bank lifting its financing ban, and electricity demand from artificial-intelligence data centres all
enlarge the terminal market. There is no substitute for uranium in a fuel bundle and no elasticity in
the demand for it. Nothing in this file suggests a shrinking base.

**Therefore: not a value trap, and not cheap.** The cheapness question does not arise — this is an
expensive stock attached to a durable franchise. The risk is not that the terminal value melts; it is
that the price already contains it.

CREDIBILITY_SCORE: 4 | TRAJECTORY: STABLE | MOAT: WIDE | MOAT_TREND: STABLE | SECULAR_THREAT: none
"
8,SCCO,Basic Materials,65,copper_mining,copper_mining,copper_mining,producer,"Mines and produces copper cathode and concentrate, with molybdenum, zinc and silver by-products, in Peru and Mexico.","Lowest-cost-quartile major copper producer, the anchor example for this chain.","Southern Copper sits on the largest reserve base in the sector - about 51.1 million tons, more than thirty-five years of life - and earns 26.2% on invested capital, but its near-zero headline cash cost is a by-product windfall rather than a mining achievement, and the price already sits well above what the parts support.","The 62.9% screened margin and the lowest-cost-quartile band are confirmed by a June 2026 quarter cash cost of $0.05 a pound after by-product credits - but the cost before those credits rose from $2.05 a pound in the first quarter of 2025 to $2.29 in the June 2026 quarter, so the near-zero headline is a $2.24 silver and molybdenum credit rather than a cost improvement. A plus-or-minus 10% copper move swings cash profit by plus-or-minus 13.5%, and the minus 13.5% understates the true exposure, because a fall in copper would most likely arrive alongside a fall in the by-product metals now doing the work.","About 51.1 million tons of copper reserves and a life beyond thirty-five years, the longest in this book. Against that, June-quarter volumes fell across every metal - copper down 3.5%, molybdenum 11%, silver 4%, zinc 14% - while total operating costs rose $202M, or 14%.","Net debt of 0.28 times cash profit, interest cover of 21.6 times and a 26.2% return on invested capital. The reservations are the controlling shareholder's appetite for dividends and the Tia Maria and Los Chancas projects, permitted on paper and stalled in practice for years.","The guard bites hardest here. The base value of about $156 sits roughly 20% below the $195.475 price, the reconciled margin-of-safety reading is about minus 10%, and the adverse case at $100 is 49% below. A low multiple on by-product-flattered peak earnings is the classic resources value trap, so the seat is cut to the smallest in the book.",0.6288,q1_low_cost,0.135,"Expanding on rising revenue, but entirely price-driven: gross margin 62.0% in the June-2026 quarter ($2,658.5M on $4,289.0M) versus 53.1% a year earlier ($1,619.4M on $3,051.0M), with revenue up 40.6% - while copper volume fell 3.5%, molybdenum 11%, silver 4% and zinc 14%, and total operating costs rose $202M or 14%.",0.328,,0.8,HGUSD,0.28,21.6,strong,False,False,False,"{""copper_mining"": ""NEUTRAL""}","Copper reads neutral in the sidecar. A thirty-five-year reserve life is the right asset to hold through a chain with no directional call, but the seat is sized as the smallest in the book because its current earnings depend on by-product metals rather than on that reserve life.","The phase note favours copper on both of its axes, and this seat is deliberately not sized on that: the macro read moves nothing here. What the phase does change is the entry bar - in a phase that rewards payback speed, paying 20% above the reconciled value of the parts is not a payback trade, so no fresh money goes in at this price.",,-10.1,,WARN,global-growth-china-demand; copper-cost-curve,37.5,0.22,12.5,True,2 tranches / 2 wks,145.0,100.0,C,2,SOFT_EXTENDED,"About $156 per share (base case), against a live price of $195.475.","Base case assumes copper at $5.75 per pound (roughly the 200-day average of $5.81, between spot of $6.652 and the adverse $5.00), silver at $55 an ounce, molybdenum at $25 per pound, zinc at $1.45. Copper stream: 2,021 million pounds at $5.75 is $11.62 billion of revenue less a $2.35 per pound pre-credit cash cost ($4.75 billion), giving $6.87 billion of segment earnings before interest, tax, depreciation and amortisation. Molybdenum: $1.54 billion of revenue, $1.38 billion of earnings. Silver: 24 million ounces at $55 is $1.32 billion of revenue, $1.19 billion of earnings. Zinc: $0.52 billion of revenue, $0.26 billion of earnings. Sulphuric acid and other: $0.16 billion. Total $9.86 billion, which reconciles closely to the actual trailing twelve-month figure of $9.93 billion. Applied multiple 12.5 times - a premium to Freeport-McMoRan's 11.5 times, justified by a 66% margin against Freeport's, 26.2% return on invested capital against Freeport's 8.8%, leverage of 0.29 times against 0.70 times, and a reserve life beyond 35 years - but a clear discount to the 16.5 times the market is paying today. That is $123.3 billion of enterprise value. Growth overlay: Tia Maria net of remaining spend at base-case prices is about $7 billion and El Pilar about $1.5 billion; the un-approved remainder of the $20.5 billion programme is netted to zero, since its option value roughly offsets its capital drag. Total $131.8 billion, less net debt of $1.2 billion, is $130.6 billion of equity on 834.3 million shares, or about $156.5 per share. Two independent checks agree: the street consensus target is $162.33 (FMP, median $163.00, high $178.00, low $140.00) and MarketBeat reported a consensus of 'Reduce' with a $148.60 target on 30 July 2026, from fifteen firms of which seven rate it sell.","Unfavorable. From $195.475 the base-case fair value of $156 sits 20% BELOW the price - there is no upside to fair value, there is downside to it. The adverse case at $100 is 49% below. The bull case at $218 offers 12%, and it requires copper to hold above $7 per pound indefinitely. The stock has already risen 119% from its 52-week low of $89.29 and sits 12% below its 52-week high of $221.67. There is no structural floor: net debt of $1.2 billion means no net-cash backstop, there are no deal terms, and a 2.3% cash dividend yield is not a floor.","FCX, ERO, HBM, TECK, GLEN, ANTO, CS.TO","Southern Copper is the best-run asset in the copper chain, and the bull case is that the market has permanently repriced what a tier-one copper orebody is worth. Three things support it. First, cost position: the June-2026 quarter cash cost of $0.05 per pound of copper after by-product credits is the lowest in the industry, and even stripping the credits out entirely the pre-credit cost of $2.29 per pound leaves a margin above $4 per pound at the current copper price of $6.652 (COMEX spot, at its 52-week high of $6.6885 against a 200-day average of $5.81). That produced record June-quarter results: revenue $4,289M up 40.6% year on year, earnings before interest, tax, depreciation and amortisation (EBITDA) of $2,849M at a 66.4% margin, net income $1,670M up 71.6%, earnings per share $2.01 versus $1.19. Second, scarcity: the company holds the largest reserve base among listed copper producers, widely reported at roughly 51.1 million tons of contained copper with a reserve life beyond 35 years against an industry norm nearer 20 to 25 years. New tier-one copper cannot be permitted and built inside a decade, which is precisely why the incentive price for new supply has moved structurally higher. Third, funded organic growth that peers do not have: Tia Maria was 42% complete at 30 June 2026, targets first production in the second half of 2027 at 120,000 tons a year and an estimated cash cost of $1.16 per pound; El Pilar (36,000 tons) was board-approved in the June quarter; Los Chancas, Michiquillay and El Arco follow, taking the company from 917,000 tons guided for 2026 toward a stated 1.06 million tons in 2029 and 1.6 million tons by 2033-2034. All of it is wholly owned, requires no partner and no equity issuance, and is funded from cash flow plus modest debt - the $1.25 billion of ten-year notes issued on 24 June 2026 at 5.35% was oversubscribed 3.2 times. The balance sheet is the strongest in the peer group: net debt of about $1.2 billion against $9.93 billion of trailing EBITDA, or 0.29 times, with $7.33 billion of cash and short-term investments at 30 June 2026, return on invested capital of 26.2% and return on equity of 49.4%. Management is credibly non-promotional: mine plans are built at a long-term copper price of $3.30 per pound (first-quarter 2025 call), roughly half the current price, and the chief financial officer told the fourth-quarter 2025 call flatly that 'We were not forecasting copper prices. That is not our business.' The conditions this case needs are specific and testable: copper must hold near or above $6 per pound rather than reverting toward its 52-week low of $4.355; silver and molybdenum must not give back the extraordinary gains that produced the by-product credit (silver averaged $73.49 an ounce in the June quarter, molybdenum $29.44 per pound); Tia Maria must commission on schedule in the second half of 2027 without the community disruption that stalled it for a decade; and the market must keep paying a premium multiple for reserve life.","Every headline that makes this company look exceptional right now is a function of four commodity prices sitting at or near multi-year highs at the same moment, and the share price has capitalised that coincidence as if it were permanent. At $195.475 the enterprise is valued at roughly $164 billion, or 16.5 times trailing EBITDA - against 11.5 times for Freeport-McMoRan and 7.4 times for Teck Resources. The operating base underneath that premium is shrinking, not growing: copper production has fallen three years running (973,000 tons in 2024, 956,270 in 2025, 917,000 guided for 2026), Peru was down 12% in the June-2026 quarter on lower ore grades at Toquepala and Cuajone, and management has guided 2027 copper to be 'more or less the same' as 2026. There is no volume relief before Tia Maria in the second half of 2027. Meanwhile the cost of mining a pound of copper before by-product credits has risen 12% in five quarters, from $2.05 to $2.29. The near-zero headline cash cost is therefore a by-product artifact, and by-products are already turning: silver trades at $60.14 an ounce today against the $73.49 average that produced the June-quarter credit - 18% lower, and less than half its 52-week high of $121.30 - so the third-quarter credit shrinks mechanically. The torque is symmetric and large: the deterministic estimate in the input bundle puts a 10% commodity move at about 13.5% of EBITDA, roughly $1.5 billion on the current $11.4 billion annualised run rate, and copper traded at $4.355 within the past twelve months. The capital burden is rising into that: the decade programme has inflated from 'exceeds $15 billion' (first-quarter 2025 call) to 'exceeds $20.5 billion' (second-quarter 2026 call), a 37% increase in eighteen months while the 1.6 million ton target slipped from 'towards 2030' to '2033, 2034'. First-half 2026 capital spending was $865 million, up 56% year on year, against a cash dividend of $1.10 a quarter (about $3.3 billion a year). Free cash flow is squeezed from both ends exactly as the price tailwind fades - and the true trailing free cash flow is $5.08 billion, not the $5.97 billion in the screener bundle, which overstates it by roughly $884 million because the June-quarter capital-expenditure sign is flipped in the source feed. Three further risks are unpriced. The company refuses, repeatedly (first-quarter 2025 and fourth-quarter 2025 calls), to disclose what share of sales goes to the American exchange, so investors cannot size the tariff-driven premium it has been earning - and refined copper, currently exempt from the 50% Section 232 tariff, is scheduled for phase-in from 2027, which cuts the other way for a Peruvian and Mexican producer shipping into the United States. Peru is mid-transition, with President-elect Keiko Fujimori taking office on 28 July 2026 and an unresolved proposal to redistribute up to 40% of the mining canon directly to residents in producing areas, on which management explicitly declined to comment. And the free float is roughly 11% (Grupo Mexico owns about 88.9%), so the passive and quantitative flows visible in recent filings amplify moves in both directions. What confirms the bear case: a third-quarter 2026 report in late October showing the by-product credit falling while volumes stay soft, or the January 2027 guidance call confirming a third consecutive flat-to-down copper year.","Favorable sum-of-the-parts (valuing each metal stream separately, then adding the growth pipeline), assuming the structural-deficit case holds and copper settles near $7.00 per pound with silver near $70 an ounce and molybdenum near $29: Copper stream - 917,000 tons (2,021 million pounds) at $7.00 realised is $14.15 billion of revenue; at a pre-credit cash cost of $2.35 per pound that is $4.75 billion of cost, leaving $9.40 billion of segment earnings before interest, tax, depreciation and amortisation; at 13 times, $122.2 billion. Molybdenum - $1.78 billion of revenue at roughly 90% flow-through as a by-product is $1.60 billion; at 7 times, $11.2 billion. Silver - 24 million ounces at $70 is $1.68 billion of revenue and $1.51 billion of earnings; at 9 times, $13.6 billion. Zinc - $0.56 billion of revenue at about 50% margin is $0.28 billion; at 6 times, $1.7 billion. Sulphuric acid and other - $0.18 billion of earnings at 5 times, $0.9 billion. Parts subtotal $149.6 billion. Growth overlay: Tia Maria (120,000 tons a year from the second half of 2027 at a $1.16 per pound cash cost, 42% built) net of remaining spend, plus El Pilar (36,000 tons, board-approved), plus option value on Los Chancas, Michiquillay and El Arco - call it $34 billion at these prices, less the roughly $19 billion of the announced $20.5 billion decade programme still to be spent, so a net $15 billion. Enterprise value $164.6 billion, less net debt of $1.2 billion (borrowings of $7.99 billion plus $534 million of capitalised leases, minus $7.33 billion of cash and short-term investments at 30 June 2026), equity $163.4 billion on 834.3 million shares = about $196 per share on the parts alone, rising to roughly $218 per share once the pipeline is credited at a full multiple. Note this lands just below the 52-week high of $221.67 - the bull case is essentially already in the price.","Adverse sum-of-the-parts, assuming the copper cycle turns against the company: copper reverts to $5.00 per pound (still above its 52-week low of $4.355 and well above the $3.30 the company itself uses for mine planning), silver to $45 an ounce, molybdenum to $22 per pound, zinc to $1.35. Copper stream - 2,021 million pounds at $5.00 is $10.11 billion of revenue; the pre-credit cash cost rises to $2.40 per pound on fixed-cost deleverage and the declining Toquepala and Cuajone grades management has already flagged, so $4.85 billion of cost, leaving $5.26 billion of segment earnings; at 9 times (the deficit narrative is broken and the premium multiple goes with it), $47.3 billion. Molybdenum - $1.35 billion of revenue, $1.22 billion of earnings; at 5 times, $6.1 billion. Silver - 24 million ounces at $45 is $1.08 billion of revenue and $0.97 billion of earnings; at 7 times, $6.8 billion. Zinc - $0.49 billion of revenue, $0.24 billion of earnings; at 5 times, $1.2 billion. Other - $0.14 billion at 4 times, $0.6 billion. Parts subtotal $62.0 billion. Growth overlay in an adverse regime: Tia Maria still works at a $1.16 per pound cash cost and is worth roughly $4 billion, but the un-approved, un-permitted remainder of the $20.5 billion programme becomes a claim on cash rather than an asset - net the overlay to zero. Net debt rises rather than falls: at $5.00 copper the business still covers its dividend, but with capital spending running above $2 billion a year and the $1.10 quarterly cash dividend maintained, assume $2.5 billion of net debt. Equity $59.5 billion on about 838 million shares = roughly $71 per share. Applying the same arithmetic at the milder adverse case that I treat as the working downside - copper at $5.00 but the multiple holding at 11 times blended, which is what this stock actually commanded through the 2022-2023 trough given its tiny free float - total earnings of $7.83 billion times 11 is $86.1 billion of enterprise value, less $2.5 billion of net debt, or about $100 per share. The symmetric torque check: a single 10% move down in copper alone removes about 13.5% of earnings, roughly $1.5 billion at the current run rate.","The unusual feature of this name is that the sell side and our own sum-of-the-parts already agree, and the share price has simply run past both. Fifteen firms carry a consensus of 'Reduce' with a $148.60 target (MarketBeat, 30 July 2026); the FMP consensus is $162.33 with a high of $178.00, and the five newest individual targets - $166.00 on 23 July, $160.00 from Barclays on 15 July, $172.00 from Wells Fargo on 9 July, $158.00 from Morgan Stanley on 8 July, $160.00 from UBS on 30 June - all sit below the live price of $195.475. Where we disagree with the market is therefore not with the analysts but with the marginal buyer, and the specific mistake is identifiable. The market is capitalising a by-product windfall as if it were a structural mining-cost improvement. The June-2026 quarter cash cost of $0.05 per pound of copper after by-product credits is being read as evidence of an unassailable cost position; in fact the cost of mining a pound of copper before credits ROSE from $2.05 in the first quarter of 2025 to $2.29 in the second quarter of 2026, and the $2.24 per pound credit that closed the gap came from silver averaging $73.49 an ounce (up 118% year on year) and molybdenum averaging $29.44 per pound (up 43%). Silver already trades at $60.14, 18% below that quarterly average, so the credit compresses in the third quarter arithmetically. The second incorrect assumption is that record results signal operating momentum. Every product declined in volume in the June quarter - copper 3.5%, molybdenum 11%, silver 4%, zinc 14% - while costs rose 14%; the entire 41% revenue increase is price. The third is a data error worth correcting for anyone screening on cash flow: the trailing free cash flow figure of $5.97 billion in our own input bundle is overstated by roughly $884 million because the June-quarter capital-expenditure sign is flipped in the source feed. Computed from the filings, operating cash flow of $6,736.9 million less capital spending of $1,655.6 million gives $5.08 billion, a 3.1% free-cash-flow yield rather than 3.7%, of which $3.02 billion of cash dividends already consumed 59%.","This is an excellent company at a price that has moved past what the business is worth through a full cycle, and the discipline of this lane is to separate those two judgements. On the operating merits Southern Copper deserves everything said about it: the lowest cash cost in the industry even before by-product credits ($2.29 per pound against a copper price above $6), the largest reserve base among listed copper producers at roughly 51.1 million tons with a reserve life beyond 35 years, return on invested capital of 26.2%, net debt of $1.2 billion against $9.93 billion of trailing earnings, and a wholly-owned, self-funded growth pipeline that takes production from 917,000 tons toward a stated 1.6 million tons in the mid-2030s. Management is specific, numerate, delivers what it guides (2025 copper missed by 1% with the shortfall flagged in stages; molybdenum, silver and zinc all beat), builds its mine plans at a $3.30 per pound copper price - roughly half spot - and refuses on principle to forecast the copper price. Credibility is high, the moat is wide and stable, and there is no structural force impairing the terminal value of these orebodies; copper is on the winning side of electrification and data-centre build-out. What fails is the price. At $195.475 the enterprise trades at 16.5 times trailing earnings before interest, tax, depreciation and amortisation, against 11.5 times for Freeport-McMoRan and 7.4 times for Teck Resources, and those trailing earnings are themselves a peak: copper at its 52-week high, silver up 118% year on year, molybdenum up 43%, all at once. Reconciling the favorable and adverse parts valuations on a mid-cycle deck - copper at the 200-day average of $5.75-5.81, silver at $55, molybdenum at $25, valued at 12.5 times, a full turn of premium over Freeport for genuinely superior economics - gives about $156 per share, twenty percent below the market. The favorable case reaches $218 only if copper holds above $7 permanently, and that is twelve percent away. The adverse case, which needs nothing worse than copper reverting to $5.00 while the premium multiple compresses to eleven times, is roughly $100 - a level the shares traded through within the past year. Three specific things make this worse than a simple valuation call. The near-zero headline cash cost is a by-product mirage that is already unwinding: silver at $60.14 today is 18% below the average that produced the June-quarter credit. Volumes have fallen three years running with no relief before the second half of 2027. And the capital burden inflated 37% in eighteen months, from 'exceeds $15 billion' to 'exceeds $20.5 billion', while the 1.6 million ton date slipped from 'towards 2030' to '2033, 2034'. The verdict is to pass for now, and the value case is rated the same way: the business would earn a high mark, the price does not, and there is no discount here to underwrite. This is not a value trap - there is nothing melting - which is why the score is a two rather than a one. The level to watch is the mid-cycle fair value: this becomes interesting in the $130 to $145 range, where the mid-cycle earnings power is available at a peer-appropriate multiple and the reserve life and growth pipeline come free. Given how thin the free float is, that range is reachable on nothing more dramatic than copper returning to its own 200-day average.",4,STABLE,"# Southern Copper Corporation (SCCO) — Forensic Dossier

*Prepared 2026-08-04. Price used throughout: $195.475 per share on the New York Stock Exchange (US dollars), the live quote at the time of writing — up 5.1% on the day from the prior close of $185.91, which is the price the screener scan captured. Market value roughly $163.1 billion on about 834 million shares.*

Transcripts reviewed: the first-quarter 2025 call (2025-04-25), the second-quarter 2025 call (published 2026-01-22), the third-quarter 2025 call (2025-10-29), the fourth-quarter and full-year 2025 call (2026-01-28), and the second-quarter 2026 call (2026-07-22).

---

## 1. Narrative arc

The story management tells has changed shape three times across these five calls, and the direction of travel matters more than any single quarter.

**Early 2025 — a volume-growth story with a tariff sideshow.** In the first-quarter 2025 call the chief financial officer, Raul Jacob, led with production: 968,200 tons of copper planned for the year, ""2,400 tons increase when compared to our plan."" The capital programme was framed as ""exceeds $15 billion"" for the decade. The dominant uncertainty was the possible United States tariff on copper imports and the resulting gap between the two main copper exchanges — at its peak on 26 March 2025 the American COMEX price sat 17% above the London Metal Exchange price.

**Mid-to-late 2025 — the story quietly becomes a by-products story.** By the third-quarter 2025 call the headline had moved from tons of copper to cost per pound: ""a cash cost of $0.42 per pound of copper in the third quarter of this year, one of the industry's lowest."" Read carefully, that number is not a mining achievement. Copper production actually *fell* 7% that quarter. What produced the low cost was a $895 million credit from selling molybdenum, silver, zinc and sulphuric acid, which is subtracted from copper's cost line. Simultaneously, the company disclosed it had deliberately switched its flexible Buenavista concentrator away from copper and onto zinc and silver — sacrificing roughly 10,000 tons of copper a year because ""there is much more value in focusing only on zinc.""

**2026 — a price story wearing an operating story's clothes.** The second-quarter 2026 call opened with ""record-breaking results in sales, adjusted EBITDA and net income"" and a cash cost, after by-product credits, of $0.05 per pound. In the first quarter of 2026 the same figure was *negative* $0.11 — the company was effectively being paid to mine copper. The engine is price, not production: the London copper price averaged $6.04 per pound in the quarter versus $4.32 a year earlier (up 40%), silver averaged $73.49 an ounce versus $33.62 (up 118%), and molybdenum averaged $29.44 per pound versus $20.57 (up 43%). Copper output fell 3.5% year on year, with Peru down 12%.

**What was quietly dropped, and what was quietly added.** The 1.6 million ton long-term copper target survives every call, but its date has drifted — described as reachable ""as we go towards 2030"" in the third-quarter 2025 call, then as ""by 2033, 2034"" in the second-quarter 2026 call. Meanwhile the decade capital programme has inflated from ""exceeds $15 billion"" (first quarter 2025) to ""exceeds $20.5 billion"" (second quarter 2026), a 37% increase in eighteen months without a corresponding increase in the production target.

---

## 2. Claims versus financials (forensic)

| Management claim | Where said | What the numbers show | Verdict |
|---|---|---|---|
| ""One of the industry's lowest"" cash costs | Q3 2025, repeated Q2 2026 | True on the headline. But the cost *before* by-product credits rose from $2.05 per pound (Q1 2025) to $2.29 (Q2 2026), up 12% in five quarters. The improvement is entirely the by-product credit, which grew from $1.29 to $2.24 per pound on metal prices the company does not control. | Correct but mis-attributed |
| Record sales, earnings and cash flow | Q2 2026 | Confirmed. Quarterly revenue $4,289 million (up 40.6% year on year), earnings before interest, tax, depreciation and amortisation $2,849 million at a 66.4% margin, net income $1,670 million, earnings per share $2.01 versus $1.19. | Verified |
| ""Operating excellence"" as the driver | Q2 2026 | Not supported. Copper output fell 3.5%, molybdenum fell 11%, silver fell 4%, zinc fell 14% — every single product declined in volume. Costs rose $202 million, up 14%. Revenue rose 41%. The entire delta is price. | Overstated |
| Committed to ""enhancing productivity"" | Q3 2025, Q4 2025 | Copper production: 973,000 tons (2024) → 956,270 (2025) → 917,000 guided (2026). Three consecutive declining years, management-attributed to falling ore grades at Toquepala and Cuajone. | Contradicted |
| Capital programme ""exceeds $20.5 billion"" this decade | Q2 2026 | Capital spending in the first half of 2026 was $865 million, up 56% year on year, and the company issued $1.25 billion of ten-year notes at 5.35% on 24 June 2026 specifically to fund Tia Maria. Free cash flow is about to be squeezed from both ends. | Verified, and it is a burden not a boast |
| Balance sheet strength | Implicit throughout | Genuine. Net debt of roughly $1.2 billion against trailing twelve-month earnings before interest, tax, depreciation and amortisation of $9.93 billion — leverage of about 0.29 times, the lowest among large copper producers. Return on invested capital of 26.2%, return on equity 49.4%. | Verified |

**A data correction the committee needs.** The screener bundle carries a trailing twelve-month free cash flow figure of $5.97 billion. That is overstated by roughly $884 million because the capital-expenditure sign for the June 2026 quarter is flipped in the source feed. Computed correctly from the four quarterly filings, operating cash flow of $6,736.9 million less capital spending of $1,655.6 million gives **$5.08 billion** of true trailing free cash flow. At the live price that is a 3.1% free-cash-flow yield, not 3.7%, and the $3.02 billion of cash dividends paid over the same twelve months consumed 59% of it while capital spending was rising 56%.

---

## 3. Tone and confidence trajectory

**Rating: Rising in tone, but the confidence is borrowed from the price tape rather than from the mine plan.**

- *Q1 2025 — measured, defensive on macro.* ""We believe an intense commercial war between the U.S. and China will affect economic growth worldwide, consequently impacting copper demand."" Careful, hedged, willing to name a risk.
- *Q3 2025 — assertive on cost.* ""The combination of higher production volumes and better copper and by-product prices enabled us to achieve a cash cost of $0.42 per pound... one of the industry's lowest."" Notice the honesty: management itself names prices as the cause. They are not hiding it.
- *Q4 2025 — refuses to forecast.* Asked whether price momentum would be sustained: ""We were not forecasting copper prices. That is not our business. Our businesses to focus on controlling costs and producing as much copper as we can."" This is the single most credible sentence in five calls. A promoter would have answered the question.
- *Q2 2026 — celebratory.* ""Another exceptional quarter, registering record-breaking results."" The macro caveat that opened every 2025 call has disappeared entirely.

The shift is from cautious-offensive to unreservedly-offensive, and it tracks the copper price almost exactly. What has *not* changed is the specificity: this management team gives hard numbers for production, costs, credits and project timing every single quarter, and does not retreat into adjectives. That is a meaningful credibility marker in a sector where the opposite is the norm.

---

## 4. Guidance credibility

**Reliability: High.**

| Guidance given | When | Delivered | Outcome |
|---|---|---|---|
| 968,200 tons copper for 2025 | Q1 2025 | Revised to 965,300 (Q2), 960,000 (Q3), delivered 956,270 | Missed by about 1%, but revised down in public, in stages, with a named cause (ore grades) |
| 27,400 tons molybdenum 2025 | Q1 2025 | 31,200 tons | Beat by 14% |
| 23 million ounces silver 2025 | Q1 2025 | 24 million ounces | Beat |
| 170,100 tons zinc 2025 | Q1 2025 | About 176,000 tons | Beat |
| 911,400 tons copper 2026 | Q4 2025 | Raised to 917,000 | Tracking ahead |

The pattern is a small, honestly-flagged shortfall on the main product and consistent beats on by-products. That is the opposite of the sector's usual habit of guiding by-products conservatively while promising copper growth that never arrives. The screener's earnings-beat record of six out of seven quarters is consistent with what the calls show.

**The one place credibility is weak is project timing, not operating guidance.** The El Pilar project is the clearest example. An analyst pressed on it directly in the second-quarter 2026 call: bought out of the Mercator bankruptcy in 2015 for $100 million, it took eleven years to reach board approval. Management's explanation — a technical review of copper recoveries, then permit renewals — is plausible and specific, but eleven years is eleven years. The Cuajone expansion has been ""something that we're looking as a possibility"" since the third-quarter 2025 call and is still not board-approved. The 1.6 million ton target has slipped from ""towards 2030"" to ""2033, 2034.""

---

## 5. Analyst pressure points

Three questions recur and are consistently not answered.

1. **The share of sales going to the American exchange.** Asked in the first-quarter 2025 call by a Goldman Sachs analyst — what percentage of contracts are spot, what is the duration of the rest, are COMEX customers renegotiating? Answer: ""we are not commenting on this."" Asked again by UBS in the fourth-quarter 2025 call — has the COMEX percentage changed? Answer: ""We don't make comments on that, I'm so sorry."" This is the single most valuable undisclosed number in the company. Southern Copper has been earning a premium because American copper prices sit above world prices on tariff expectations; investors cannot size that premium or its durability.

2. **Hedging.** HSBC asked in the third-quarter 2025 call whether the company would lock in the extraordinary silver and molybdenum prices ahead of the capital-spending phase. Answer: ""We have not had any specific discussions on hedging."" The company hedged once before, with a zero-cost collar during the Toquepala expansion, and management called it ""a good idea."" They are choosing not to repeat it while entering a larger build with higher metal prices. That is a deliberate decision to keep the whole commodity swing.

3. **The stock dividend.** Also HSBC, third quarter 2025: the cash dividend of $0.90 ""is pretty good... I just don't see the rationale for stock dividend."" The answer was revealing — ""we couldn't, we wouldn't be able to pay the dividends that we have been paying without using a portion of the shares. $0.90 in cash is what the company can pay out."" In other words, the headline distribution is larger than the cash the business generates for it, and the gap is filled by handing out treasury shares.

What analysts are *not* pressing on, and should: the three consecutive years of falling copper output, and what happens to reported unit costs when silver and molybdenum revert.

---

## 6. Red flags and green flags

**Red flags**

- *The headline cash cost is a by-product mirage.* Q2 2026 cash cost after credits was $0.05 per pound; before credits it was $2.29 and rising. Silver contributed roughly a third of the credit at an average price of $73.49 an ounce in the quarter. Silver now trades at $60.14 — 18% below that average, and less than half its 52-week high of $121.30. The Q3 2026 credit shrinks mechanically.
- *Volumes have fallen three years running,* with no relief until Tia Maria in the second half of 2027 (Q4 2025 and Q2 2026 calls). Peru was down 12% in the June 2026 quarter.
- *The capital programme grew 37% in eighteen months* — ""exceeds $15 billion"" (Q1 2025) to ""exceeds $20.5 billion"" (Q2 2026) — while the production target moved *later*.
- *The distribution is only partly cash.* The declared second-quarter 2026 dividend was ""$1.10 per share cash dividend and 0.0120 stock dividend,"" with a combined stated value of $3.23 per share. Only $1.10 of that is cash. The stock portion is a pro-rata share hand-out from treasury: it costs the company nothing and gives shareholders nothing they did not already own, but it makes the headline yield look roughly three times larger than the cash actually paid.
- *That treasury reserve is finite.* Management disclosed about 65 million treasury shares remaining after the third-quarter 2025 payment. At roughly 10 million shares a quarter, the reserve is exhausted in about six quarters — around the end of 2027 — after which the company must either issue new shares or cut the headline payout. Share count has already risen from 792.5 million (first quarter 2025) to 829.1 million (second quarter 2026), up 4.6%.
- *Ownership concentration.* Grupo Mexico owns approximately 88.9%, leaving a free float near 11%. Minority holders have no practical governance recourse, and the small float amplifies price moves in both directions.
- *No hedging into a rising capital-spending phase* (Q3 2025 call), by explicit choice.

**Green flags**

- *Management does not forecast the copper price and says so.* ""We were not forecasting copper prices. That is not our business"" (Q4 2025). In a sector that runs on price promotion, this is a genuine credibility asset.
- *Mine plans are built at $3.30 per pound copper* (Q1 2025) — roughly half the current price. Long-term plans are not calibrated to a boom.
- *Production discipline over headline tonnage.* The decision to run the Buenavista concentrator on zinc rather than copper, sacrificing about 10,000 tons of copper because ""the value is much more profitable,"" is exactly the value-maximising behaviour that miners usually abandon when copper is in the headlines.
- *Balance sheet.* Net debt of roughly $1.2 billion against $9.93 billion of trailing earnings before interest, tax, depreciation and amortisation. Cash and short-term investments of $7.33 billion at 30 June 2026. The June 2026 bond was oversubscribed 3.2 times at 5.35%.
- *Reserve base.* Widely reported as the largest among listed copper producers at roughly 51.1 million tons of contained copper, with a reserve life in excess of 35 years against an industry norm nearer 20 to 25 — a genuinely scarce asset that cannot be replicated.
- *The growth pipeline is wholly owned and self-funded.* Tia Maria (42% complete at 30 June 2026, 120,000 tons a year, estimated cash cost $1.16 per pound), El Pilar (36,000 tons, board-approved in the June 2026 quarter after eleven years), then Los Chancas, Michiquillay and El Arco. No joint-venture partners, no equity issuance required.
- *Insider behaviour is a mild negative, not a red flag.* Zero open-market purchases against 24 sales of 17,516 shares. In an 88.9%-controlled company, management share sales carry little signal either way.

---

## 7. Hidden signals

**The vocabulary moved from tonnage to unit cost exactly as tonnage started falling.** In the first-quarter 2025 call the production number came first and cost came fifth. By the third-quarter 2025 and second-quarter 2026 calls, the cost-per-pound figure is in the opening paragraph. This is not deception — the numbers are all disclosed — but it is a tell about which metric management would prefer the market anchor on.

**""Value maximisation"" is being used to explain away declining copper.** The Buenavista zinc decision is defensible on its own terms and I credit it. But it also conveniently supplies a good reason for a copper shortfall in a year when copper output was going to disappoint anyway.

**A chief executive changed with no comment.** Oscar Gonzalez Rocha is named as chief executive on the 2025 calls; by the second-quarter 2026 call Leonardo Contreras — previously introduced only as a board member — is chief executive. No transition commentary, no strategic statement from the new voice, and the chief financial officer continues to deliver the entire call. Continuity is preserved; transparency around the change was not.

**The Peruvian political question was refused.** Asked in the second-quarter 2026 call whether the incoming administration's proposal to distribute up to 40% of the mining canon directly to residents in producing areas would help or complicate community agreements, management declined: ""we will not comment on this until we see specifically what's the proposal."" Given that community opposition delayed Tia Maria for roughly a decade, this is the risk that most deserved an answer.

---

## 8. Capital-allocation verdict (for the director)

**Trajectory: Stable.** The financial results are strengthening dramatically, but the operating base is not. Copper volumes have declined three years in a row, unit costs before by-product credits have risen 12% in five quarters, and every dollar of the earnings increase traces to metal prices the company explicitly refuses to forecast. Set against that, the balance sheet, the reserve base and the capital discipline are all genuinely improving, and the growth pipeline is real, funded and wholly owned.

**The single thing to weigh before sizing.** Every headline that makes this company look exceptional right now — record earnings, record margin, a near-zero cash cost — is a function of four commodity prices sitting at or near multi-year highs simultaneously. Copper trades at $6.652 a pound against a 200-day average of $5.81 and a 52-week low of $4.355. The deterministic torque estimate in the input bundle says a 10% move in the commodity swings earnings before interest, tax, depreciation and amortisation by about 13.5% — roughly $1.5 billion on the current run rate — and that arithmetic runs in both directions. The question is not whether this is a good company. It plainly is. The question is what fraction of today's price assumes today's prices are permanent.

**Economic moat: wide, and stable.** The moat type is scale-cost, anchored in irreplaceable orebodies: the largest reserve base among listed copper producers, a reserve life beyond 35 years, and a position in the lowest cost quartile that survives even when the by-product credits are stripped out (a pre-credit cost of $2.29 per pound against a copper price above $6 leaves an enormous margin at almost any plausible price). The returns evidence supports width rather than erosion — return on invested capital of 26.2% and return on equity of 49.4% on the trailing twelve months, both higher than the 19.9% and 36.6% recorded for the prior fiscal year, with gross margin expanding from 53.1% to 62.0% year on year in the June quarter. The one structural qualification is real but slow: ore grades are declining at Toquepala and Cuajone by management's own account, which is why three years of falling volumes and a rising pre-credit unit cost sit alongside those rising returns. The growth pipeline is designed to offset exactly that, and it is funded.

**Secular threat: none.** Copper is on the winning side of electrification, grid build-out and data-centre construction — the risk here is cyclical price, not terminal demand. There is no structural force impairing the long-run value of these orebodies. That distinction matters: this is not a cheap stock on a melting base, which would be a value trap. It is an excellent business whose share price has run ahead of any reasonable estimate of what the business is worth through a full cycle.

CREDIBILITY_SCORE: 4 | TRAJECTORY: STABLE | MOAT: WIDE | MOAT_TREND: STABLE | SECULAR_THREAT: none
"
