rank,symbol,sector,fr_score,chains,chain,commodity_family,business_model,physical_anchor,value_chain_position,fr_thesis,cost_curve,contracting_reserve,capital_discipline,valuation_guard,ebitda_margin_ttm,ebitda_margin_band,fcf_torque_10pct,gm_trajectory,rev_yoy,fcf_margin,commodity_beta_2y,beta_benchmark,ndebt_ebitda,interest_coverage,funded_solvency,growth_capex_fcf_negative,torque_leverage_quadrant,balance_sheet_stale,chain_regime,regime_fit,phase_fit,headwind_justification,sop_mos_pct,forensic_gate,numeric_gate,exposure_axes,chain_exposure_pct,size_units_effective,weight_pct,corr_flag,entry_plan,thesis_break_px,bear_fv_px,debate_verdict,debate_conviction,catalyst_status,sop_fair_value,sop_breakdown,risk_reward,true_competitors,bull_thesis,bear_thesis,sop_bull,sop_bear,consensus_delta,moderator_conclusion,interrogator_score,trajectory,interrogator_dossier
1,CEG,Utilities,88,power_for_ai; nuclear_smr,power_for_ai,,utility,"Operates the largest US fleet of nuclear power plants, generating and selling firm electricity including dedicated AI-datacenter power purchase agreements (Microsoft/Three Mile Island, Meta/Clinton)","Nuclear-levered independent power producer - sells firm baseload electricity under long-term contracts to hyperscalers, large corporates and the grid; not a uranium commodity play","Constellation owns the largest nuclear generating fleet in the United States and is now selling that firm, round-the-clock power under twenty-year contracts to named technology buyers, so the earnings base is becoming both larger and more contracted while the shares still sit below our reconciled value.","Operating cash profit margin (earnings before interest, tax, depreciation and amortisation, divided by revenue) ran 31.8% in the first quarter of 2026 on $11.12 billion of revenue against 15.9% a year earlier, and the trailing-twelve-month figure of 27.6% sits in the 88th percentile of an eight-company peer group; margin widening on revenue up about 23% over the past year is pricing power, not share bought with discounts. The one cash-flow sensitivity worth naming cuts both ways: a 10% move in natural gas shifts free cash flow by roughly 3.6%, so the same tight gas market that lifts the spark spread (the gap between what power sells for and what the fuel to make it costs) takes it back when gas softens.","The contracted book is named and dated rather than aspirational - a twenty-year agreement with Meta for more than 1,100 megawatts at Clinton, the Microsoft-linked Crane restart pulled forward to the second half of 2027, a federal government agreement, Comcast, and a 23 June 2026 Walmart agreement for roughly 176 megawatts from Dresden across two fifteen-year terms starting in 2029 and 2030; the next hard test is the regional capacity auction for the 2029/2030 delivery year, closing 15 December 2026.","No share issuance, a $5 billion buyback authority with $735 million actually spent, a stated double-digit unlevered return hurdle, and net debt at 2.58 times operating cash profit against peers at five to seven and a half times; interest is covered 8.0 times.","Reconciled value $300 a share against $268.73 - a margin of safety of about +11.6%, so the guard passes with no deduction.",0.2762,q1_low_cost,0.036,"Expanding on rising revenue: operating cash profit margin 31.8% in the first quarter of 2026 against 15.9% a year earlier on revenue up 64%; trailing twelve months 27.6%, the 88th percentile of an eight-name cohort. The feed's reported gross-margin series is corrupted by an accounting-tagging artefact around the Calpine close and must not be used.",0.2344,,0.05,NGUSD,2.58,8.0,moderate,False,False,False,"{""power_for_ai"": ""NEUTRAL"", ""nuclear_smr"": ""NEUTRAL""}","Both chains this seat rides read neutral - neither a tailwind nor a headwind - so the position rests on its own signed contracts rather than on a cycle call, and its size is set by the concentration cap rather than by any macro tilt.",,,11.6,,WARN,hyperscaler-ppa; datacenter-capex; power-price-and-capacity-auction,42.87,0.75,14.29,False,2 tranches / 2 wks,205.0,180.0,B,3,SOFT_EXTENDED,$300 per share (base case).,"Enterprise value $129.0B less net debt of $21.30B (the ex-lease figure from the 31 March 2026 balance sheet: borrowings $22.47B less cash and short-term investments $1.17B; subtracted from enterprise value) gives equity of $107.7B across 359.1 million shares outstanding, or $300 per share. The parts, on a 2027-2028 run-rate basis: (1) the nuclear fleet - the largest in the United States, with 20-year agreements covering Meta at Clinton, the Microsoft-linked Crane restart, the federal government, Comcast and now Walmart - operating cash profit of $5.8B at 15 times = $87.0B, roughly 60% of gross value; (2) the Calpine natural gas and geothermal fleet acquired on 7 January 2026, $3.0B at 10 times = $30.0B; (3) the retail and commercial-and-industrial supply platform, the largest competitive book in the country, $1.2B at 8 times = $9.6B; (4) growth and site optionality - engineered uprates of roughly 900 to 1,000 megawatts, nuclear-site land, and the Blue Energy small-modular-reactor stake taken on 16 July 2026 - carried at $2.4B, deliberately modest because the finance chief confirmed on 11 May 2026 that the uprates contribute nothing to earnings before 2030. Total gross value $129.0B. Implied cross-check: 13.2 times 2027 estimated operating cash profit of $9.79B and 12.6 times the 2028 estimate of $10.28B; 17.6 times the 2028 estimated earnings per share of $17.09. This sits deliberately about 15% below the street consensus target of $355 (median $364, high $441, low $296), because that consensus embeds additional large contracts that have now slipped four consecutive quarters and applies a 20-to-22-times multiple to a generator whose marginal megawatt is priced into an administratively capped capacity market.","Poor at today's price, and that is the whole finding. The stock is $268.73. The base-case sum-of-the-parts value is $300, the adverse case $180 and the favourable case $380. So there are about 31 points of ground between the price and fair value, against about 89 points of ground between the price and the adverse case - the downside is roughly three times the distance of the upside. The picture inverts near $230 (close to the 1 July 2026 low of $228.63), where about 70 points of upside would sit against about 50 points of downside. There is no structural downside floor to lean on: this is not a cash-rich balance sheet (net debt is $21.30B), there is no deal, tender or announced asset sale, and while the federal nuclear production tax credit provides a genuine revenue floor of roughly $40 to $44 per megawatt-hour, a revenue floor is not a per-share floor.","VST, TLN, NRG, PEG, EXC, DUK, SO, NEE","The bull case is that you are buying the single most irreplaceable generation fleet in the United States at a 35% discount to where it traded twelve months ago, at a moment when the earnings base has just become both larger and more contracted. Four things support it. First, the asset base cannot be reproduced: Constellation runs the largest nuclear fleet in the country, and the 7 January 2026 Calpine acquisition (roughly $16.4B of equity value, about $26.6B including assumed debt) added roughly 28 gigawatts of natural gas and geothermal capacity into a market where management says the replacement cost of a new combined-cycle gas plant has risen from about $2,500 to about $3,000 per kilowatt. You are buying installed, running, interconnected megawatts against a replacement cost that keeps rising and a build queue measured in years. Second, the contracted book is real, dated and named - a 20-year agreement with Meta for more than 1,100 megawatts at the Clinton plant, the Microsoft-linked restart of the Crane Clean Energy Center (the former Three Mile Island Unit 1) pulled forward to the second half of 2027, a federal government agreement, an agreement with Comcast, and on 23 June 2026 a first-of-its-kind Walmart agreement for approximately 176 megawatts from the Dresden plant including 30 megawatts of new uprate capacity across two fifteen-year terms starting in 2029 and 2030. On top of that, the PJM capacity auction for the 2028/2029 delivery year cleared at the $325 per megawatt-day ceiling on 14 July 2026 - the third consecutive auction at the top - which is contracted revenue for a large slice of the fleet, banked while the stock sat near its low. Third, the growth is guided and cross-checked: management commits to base earnings growth above 20% a year through 2029 and at least 10% on a rolling three-year basis thereafter, and independent estimates agree almost exactly ($11.73 for 2026, $13.34 for 2027, $17.09 for 2028, $19.99 for 2029). Critically, the finance chief stated on 31 March 2026 that share repurchases are excluded from that growth rate - 'there is no benefit in the 20% base EPS CAGR from capital allocation for the share repurchase. So that is all upside.' Fourth, capital allocation is genuinely disciplined for this sector: no dilution (the share count moved from 313 million to 359 million entirely through acquisition currency; the 11 million share offering priced at $281 on 1 June 2026 was a secondary sale by Calpine's former owners, from which the company received nothing while simultaneously buying stock back), a $5 billion repurchase authority, $735 million of actual repurchases across 2025-2026, a stated hurdle of double-digit unlevered returns, and net debt of $21.30B at only 2.58 times operating cash profit against peers at five to seven-and-a-half times. Underneath all of it sits a federal nuclear production tax credit that provides an effective revenue floor in the region of $40 to $44 per megawatt-hour on nuclear output. The conditions this case depends on: data-centre electricity demand keeps growing rather than digesting; the PJM large-load and co-location rules land constructively (management expects clarity by end-2026); the free-cash-flow ramp to roughly $4.2B a year actually appears; and the uprate programme - roughly 900 to 1,000 megawatts already engineered at LaSalle, Limerick and Calvert Cliffs, plus Byron and Braidwood - converts capital already spent into earnings from 2030.","The bear case is that this is a very good business at a price that already assumes the good outcome, in a group that is actively de-rating, with the specific promise the multiple was built on still unfulfilled. Price the downside with numbers, not adjectives. First, the flagship catalyst has slipped four consecutive quarters. In August 2025 the chief executive said the company was 'past the seventh inning stretch' on a large transaction; in November 2025 he repeated it while conceding 'some of the later innings can seemingly drag out'; on 31 March 2026 he said plainly 'we're not ready to announce anything today.' The stock lost about 35% of its value in the first half of 2026 and set a 52-week low of $228.63 on 1 July 2026. Nothing at that scale has been signed since. Second, the scarcity the bull case monetises now has an administrative lid on it. The PJM capacity auction cleared at the $325 per megawatt-day ceiling on 14 July 2026 - a ceiling, not a clearing price - and the price collar has been extended through the auction for the 2029/2030 delivery year that closes on 15 December 2026. A capped market plus visible political anger about consumer electricity bills is precisely the mechanism that converts a scarcity story into a regulated-return story. Management themselves described the market design problem on 11 May 2026 as one where too much revenue sat in the capacity market, 'which, as we've learned, could be punitive to residential customers.' Third - and this is the input-cost path the lane demands be priced - roughly half the combined fleet is now natural gas. For a gas generator, rising gas prices are a cost, not a revenue. If gas rises while power prices do not follow (exactly what happens if data-centre demand growth disappoints), spark spreads compress across roughly 28 gigawatts of Calpine capacity. Assume the gas fleet's operating cash profit falls from about $3.0B to about $2.4B and the multiple the market pays for merchant gas falls from 10x to 8.5x, and $9.6B of enterprise value disappears from that segment alone. Fourth, returns on capital do not yet support the price paid. Return on invested capital is 3.8% and return on capital employed 5.9%. The kind reading is that Calpine's capital landed in full while only one quarter of its earnings sits in the trailing numerator. The unkind reading is that management paid a full price for a gas fleet and then told investors on the May 2025 call that 'one can easily make the argument that Calpine was worth twice as much as what we paid for it' - a chief executive marking his own deal. Fifth, cash conversion is currently poor: $1.14B of trailing free cash flow against $3.42B of capital spending, with the finance chief confirming on 11 May 2026 that most uprates contribute no earnings before 2030 - 'the capital is out the door, but nothing is showing up as EPS accretion in '29.' Sixth, the Crane restart's binding constraint was grid readiness, not plant readiness: PJM identified transmission upgrades running to roughly December 2030 or later, and the fix that arrived on 1 June 2026 was a regulatory waiver permitting transfer of 760 megawatts of capacity interconnection rights from the retired Eddystone plant - an exception, which can be challenged. Seventh, the immediate tape: on 4 August 2026 peer NRG Energy fell about 15% on a second-quarter earnings miss, Vistra fell about 7% in sympathy, and Constellation reports its own second quarter on 6 August 2026. What confirms the bear case: a second-quarter miss or a guidance trim on 6 August; another quarter with no large contract signed; PJM or the Federal Energy Regulatory Commission landing large-load rules that shift value to consumers; or free cash flow again coming in near $1B annualised rather than tracking toward $4.2B.","$380 per share. Enterprise value $157.7B less net debt of $21.30B (borrowings $22.47B less cash $1.17B, as recomputed from the 31 March 2026 balance sheet - the debt-inclusive figure, subtracted from enterprise value, not added back) gives equity of $136.4B across 359.1 million shares outstanding. Parts, on a 2027-2028 run-rate basis: (1) the nuclear fleet, operating cash profit of $6.2B at 17 times = $105.4B, assuming two to three further gigawatts of long-term offtake signed at premium pricing and the uprate megawatts in service; (2) the Calpine gas and geothermal fleet, $3.2B at 11 times = $35.2B, reflecting scarcity value for dispatchable capacity with PJM and ERCOT tight; (3) the retail and commercial-and-industrial supply platform, $1.3B at 9 times = $11.7B; (4) growth optionality - roughly 900 to 1,000 megawatts of engineered uprates, the Crane restart under a 20-year contract, the land around the nuclear sites that management calls its most under-recognised asset, and the July 2026 Blue Energy small-modular-reactor stake - $5.4B. Cross-check: $157.7B against 2028 estimated operating cash profit of $10.28B is 15.3 times, a large but not absurd premium to Vistra at 10.5 times for a fleet that is majority nuclear with investment-grade twenty-year offtakes.","$180 per share, assuming the chain regime turns against it - data-centre capital spending digests, PJM capacity stays capped or the collar is reset downward under consumer-bill pressure, and natural gas rises as an input cost while power prices do not follow. Enterprise value $85.9B less net debt of $21.30B gives equity of $64.6B across 359.1 million shares. Parts: (1) nuclear operating cash profit falls to $4.8B as the uncontracted output re-prices toward the federal production-tax-credit floor of roughly $40 to $44 per megawatt-hour plus a thin premium rather than toward scarcity pricing - and note management said in November 2025 it intends to keep selling that output forward rather than hold it for scarcity, so the 'free option' the street values is one management plans to sell - at 12 times = $57.6B; (2) the gas and geothermal fleet at $2.4B on compressed spark spreads at 8.5 times = $20.4B; (3) retail and commercial supply at $1.05B at 7.5 times = $7.9B; (4) growth optionality written to zero - the uprate capital is already spent with no earnings before 2030 on the finance chief's own statement, and the small-modular-reactor stake is immaterial. Total $85.9B, about 10.2 times a bear-case $8.4B of operating cash profit (a 14% haircut to the 2027 consensus of $9.79B). Sanity check against the tape: this is 21% below the 1 July 2026 low of $228.63, and the fleet still earns positive cash at this level - the production tax credit truncates the tail, so a collapse below roughly $140 requires power prices to halve, not merely to soften.","Where we disagree with the market cuts both ways, and on net we are below the street. The street is wrong in three specific places. First, the consensus target of $355 (median $364, with fresh marks from UBS at $380 on 28 July, Wells Fargo at $362 on 27 July, Morgan Stanley at $366 on 22 July, and Barclays notably lower at $324 on 28 July) embeds additional very large data-centre contracts at premium pricing. Those contracts have been narrated as imminent for four consecutive quarters and have not appeared. The street is paying today for an event whose probability it has not marked down despite four misses. Second - and this is the analytically important one - the street values Constellation's uncontracted nuclear output as a free option on future scarcity pricing. Management has told investors it intends to sell that option, not hold it. Asked in November 2025 whether the company would hold back capacity to capture scarcity value later, the chief executive said 'we're not at a point where we're even entertaining the discussion of, hey, are we going to stop selling long term.' A seller of an option does not capture its full value. Third, the street is under-weighting that the scarcity has an administrative ceiling. The PJM capacity auction cleared at the $325 per megawatt-day cap on 14 July 2026 - for the third consecutive time - and the collar has been extended through the auction for the 2029/2030 delivery year closing 15 December 2026. Repeatedly clearing at a cap tells you the market would pay more and is not permitted to; it also tells you regulators are already intervening on price, in an environment where consumer electricity bills are a live political issue and management itself described the old market design as 'punitive to residential customers.' A capped scarcity is a regulated return with extra volatility. Where the street is too pessimistic: it is under-crediting the quality of the capital allocation. There is no dilution here - the share count moved from 313 million to 359 million entirely through acquisition currency, and the 11 million share sale at $281 on 1 June 2026 was a secondary by Calpine's former owners from which the company received nothing while buying stock back. The finance chief has stripped buyback accretion out of the headline growth rate. In a sector where the standard model is issuing equity into a story, that is worth a premium the market is not paying. It is not worth enough of a premium to close a 31-point gap against an 89-point one.","Wait for the wash-out. This is a genuinely excellent business at a price that is fair rather than cheap, and the arithmetic of the setup does not currently reward buying. Take the good news first, because it is substantial and the market has half-forgotten it. Constellation runs the largest nuclear fleet in the United States, an asset that cannot be reproduced at any price on any reasonable timeline, and since January 2026 it also owns roughly 28 gigawatts of natural gas and geothermal capacity from the $16.4B Calpine acquisition. Its contracted book is dated and named rather than aspirational - twenty-year agreements covering Meta at Clinton, the Microsoft-linked Crane restart pulled forward to the second half of 2027, the federal government, Comcast, and on 23 June 2026 Walmart at Dresden. The July 2026 PJM auction locked capacity revenue at the ceiling for the 2028/2029 delivery year. Operating cash profit margin is expanding on revenue that grew 64% year over year, which is the signature of pricing power rather than of buying volume with price. And the capital allocation is the cleanest in this sector: no dilution, a $5 billion repurchase authority, $735 million actually spent, a stated double-digit unlevered return hurdle, net debt at only 2.58 times operating cash profit against peers at five to seven-and-a-half times, and a finance chief who deliberately excludes buyback accretion from his headline growth rate. Now the arithmetic. Valuing the business by its parts - the nuclear fleet at 15 times, the gas and geothermal fleet at 10 times, the retail supply platform at 8 times, and a deliberately modest carry for uprates and site optionality that management has confirmed contribute nothing to earnings before 2030 - gives $300 a share against $268.73 today. The adverse case, in which data-centre spending digests, the capacity price collar holds or resets down under consumer-bill pressure, and rising natural gas compresses spark spreads across the gas fleet as an input cost, gives $180. So there are about 31 points of upside against about 89 points of downside. That is the wrong shape, and no amount of admiration for the franchise changes it. Two further cautions. Return on invested capital is 3.8% and return on capital employed 5.9% - poor absolute numbers, partly a timing artefact of Calpine's capital landing in full against one quarter of its earnings, but the chief executive telling investors his own acquisition was 'worth twice as much as what we paid for it' is not evidence, and the returns line by mid-2027 will settle whether this is a compounding franchise or an expensive one. And the scarcity at the heart of the bull case now has an administrative ceiling on it: an auction that clears at the cap three times running is telling you the market would pay more and regulators will not allow it. There is also no structural floor beneath the shares - the federal nuclear production tax credit floors revenue at roughly $40 to $44 per megawatt-hour, which truncates the tail, but a revenue floor is not a per-share floor, and with $21.30B of net debt there is no cash cushion to fall back on. The level to wait for is $230, close to the 1 July 2026 low of $228.63, where roughly 70 points of upside would sit against roughly 50 points of downside and the risk-reward inverts in the buyer's favour. The most likely path there runs through second-quarter results on 6 August 2026, two days away, into a tape that took NRG down about 15% today for exactly the two vulnerabilities Constellation shares - integration costs and interest expense. Set the alert, keep the work, do not chase.",4,STRENGTHENING,"# Constellation Energy (CEG) — a deep dive on management and the setup

Forensic review of five consecutive management calls (May 2025, August 2025, November 2025, the March 2026 business and earnings outlook, and May 2026) against the reported financials and the tape as of 4 August 2026. Price used throughout: **$268.73 (US dollars, Nasdaq listing)**, a live quote taken today; the stock is down about 35% from its 52-week high of $412.70 and sits roughly 18% above the 52-week low of $228.63 set on 1 July 2026.

---

## 1. Narrative arc

The story management told changed shape three times in fifteen months, and the change is the most useful thing in the transcripts.

**Phase one (May 2025) — proving the pricing model.** The chief executive, Joe Dominguez, spent his prepared remarks arguing that Constellation does not need a data centre physically bolted onto a power plant to get paid well for its electricity. His words: the company ""weren't sure about that at the beginning of this strategic effort,"" and had worried that fair pricing ""might only be available in behind-the-meter transactions."" By that call he declared himself ""now convinced"" that pricing works either way. This is a genuine thesis expansion — it widens the addressable customer set from the handful of sites with adjacent land to the whole regional grid.

**Phase two (August–November 2025) — the promise of a large deal.** Here the narrative narrowed onto a single un-named transaction. In August 2025 Dominguez reached for a baseball metaphor: ""we're in the late innings on one transaction. We're past the seventh inning stretch."" In November 2025 he repeated it almost verbatim — ""That remains true, and we continue to progress"" — while adding, with unusual candour, that ""some of the later innings can seemingly drag out."" Alongside this he added a genuinely new and, in my view, under-appreciated claim: the buyer had matured. ""Today, we're seeing a far more sophisticated and aggressive customer walk through our door. They have done deals.""

**Phase three (March–May 2026) — retreat to the numbers.** At the March 2026 outlook the deal did not arrive. Dominguez said it plainly: ""I recognize that the last time we spoke, I indicated that we expected to be done with an important transaction by this call, but we're not ready to announce anything today."" The narrative was rebuilt on arithmetic instead of anticipation — a stated 20% compound annual growth rate in base earnings through 2029, a commitment to at least 10% growth on a rolling three-year basis thereafter, a free-cash-flow outlook of $8.4 billion across 2026–2027 rising to $11.5–13 billion across 2028–2029, and a buyback authority lifted to $5 billion.

That is the arc: from *can we price it*, to *the big one is coming*, to *stop waiting for the big one, here is the baseline*. Growth drivers quietly dropped along the way include behind-the-meter co-location, which by August 2025 had become ""a longer-term option"" with the admission that ""what we're working on right now is all front of the meter."" Drivers quietly added include natural gas and geothermal (through the Calpine acquisition), nuclear power uprates — squeezing more megawatts out of existing reactors — and, most recently, a venture stake in small modular reactor developer Blue Energy announced on 16 July 2026.

---

## 2. Claims versus financials

| Management claim | Where said | What the numbers show | Verdict |
|---|---|---|---|
| Calpine ""was worth twice as much as what we paid for it"" | May 2025 | Deal closed 7 January 2026 at roughly $16.4 billion of equity value ($4.5 billion cash plus 50 million shares), about $26.6 billion including assumed debt. Return on invested capital for the trailing twelve months is 3.8% and return on capital employed 5.9% — low, on a capital base that just stepped up by the size of the acquisition. | **Unproven and self-serving.** One quarter of Calpine earnings sits in the numerator against a full step-up in the denominator, so the low return is partly a timing artefact. But a chief executive marking his own acquisition at twice cost, on a call, is exactly the promoter tell this sector is full of. Discount it. |
| Base earnings growing more than 20% a year through 2029 | March and May 2026 | Independent estimates put earnings per share at $11.73 for 2026, $13.34 for 2027, $17.09 for 2028 and $19.99 for 2029 — a compound rate of about 19% off the 2026 base. Company guidance for 2026 adjusted operating earnings is $11 to $12 per share, affirmed twice. | **Corroborated.** The outside estimates and the company's own path agree within a rounding error. Note the 2026 guidance midpoint of $11.50 sits *below* the consensus of roughly $11.6–11.7 — management guided down into the street, not up. That is a credibility marker in their favour. |
| ""Our nuclear plants delivered near-perfect reliability"" and margins are strong | November 2025 | Earnings before interest, tax, depreciation and amortisation (a rough proxy for operating cash profit) ran at a 27.6% margin over the trailing twelve months, which places the company in the top band of an eight-name peer cohort at the 88th percentile. First-quarter 2026 operating cash profit margin was 31.8% on $11.12 billion of revenue, against 15.9% on $6.79 billion a year earlier. | **Corroborated, with a data caveat.** Revenue grew 64% year on year while the margin roughly doubled. That is expanding margin on expanding volume — the signature of pricing power, not of buying share with price. (See the caveat in section 6 about the reported gross-margin figure.) |
| Buybacks ""continue to generate a wonderful return"" | August 2025, May 2026 | About 1.2 million shares repurchased in spring 2026 at roughly $285 per share, $335 million in total, plus $400 million of accelerated repurchases in 2025. The stock trades at $268.73 today. | **Poorly timed, honestly disclosed.** Management bought above the current price and said openly that ""at these prices, we see our stock as a compelling use of our cash."" They were wrong on the near-term mark. They were not evasive about it. |
| The nuclear site land is ""the most valuable asset that we have, that presently isn't fully recognized"" | November 2025 | Nothing in the financials carries this. It is an assertion about hidden value. | **Unverifiable.** Treat as an option with no carrying number, not as an earnings driver. |
| Free cash flow outlook of $8.4 billion over 2026–2027 | May 2026 | Trailing-twelve-month free cash flow is only $1.14 billion, against operating cash flow of $4.56 billion and capital spending of $3.42 billion. Capital spending runs at 1.24 times depreciation. | **Diverges sharply from the current print, and the divergence is explainable.** The company is mid-build: restarting a reactor, executing uprates, and completing new gas and solar plants. Capital spending above depreciation is the definition of growth spending. But the gap between $1.14 billion realised and roughly $4.2 billion a year promised is large enough that it is the single number to check on every future call. |

The narrative is *richer* than the trajectory in one specific place — the un-signed large contract — and *poorer* than the trajectory in another: management barely marketed the PJM capacity auction, which on 14 July 2026 cleared at the regulated ceiling of $325 per megawatt-day for the third consecutive time. That is real, dated, contracted revenue for the 2028/2029 delivery year across a large slice of the fleet, and it arrived while the stock was near its low.

---

## 3. Tone and confidence trajectory

**Rating: Stable, with a marked shift from anticipation to evidence.**

- May 2025 — offensive and expansive: ""we're seeing a very, very favorable environment."" Specificity about deals: low. Confidence: high.
- August 2025 — peak anticipation. ""We're past the seventh inning stretch. We've song take me out to the ballpark on that one."" Also the most quotable overreach of the whole sequence: ""clean and reliable megawatts are the most important energy commodity in the world today.""
- November 2025 — the metaphor is recycled and hedged: ""some of the later innings can seemingly drag out."" Simultaneously the market claim escalates: ""the market is hotter now than ever."" That combination — softer on the specific, louder on the general — is the classic tell that a promised event is slipping.
- March 2026 — the tone breaks. Management stops selling anticipation and starts selling arithmetic, and does so with an explicit acknowledgement of the missed promise. Guidance specificity rises sharply: a three-year growth rate, a rolling growth commitment, a two-period free-cash-flow forecast, a named buyback authority.
- May 2026 — steady and operational. ""Right now, our focus is on execution."" Two plants placed in service in the quarter with named capacities and locations.

There is no shift into defensive cost-and-macro language. There is a shift from *offensive about the future* to *offensive about the installed base*, which is a healthier place to be arguing from.

---

## 4. Guidance credibility

**Reliability score: Medium-High.**

What they delivered:
- The Crane Clean Energy Center restart (the former Three Mile Island Unit 1) was *pulled forward*, not pushed back — from 2028 to the second half of 2027, announced August 2025. Dominguez: ""people were skeptical that we would restart in 2028. They were right to be skeptical. We're going to start it in '27.""
- The Calpine acquisition closed, having been guided to close by end-2025 and completed on 7 January 2026. Approximately on time.
- The 2026 earnings guidance range of $11 to $12 per share was set in March 2026 and affirmed in May 2026.
- Two named projects entered service on schedule in the first quarter of 2026: the 105 megawatt Pastoria solar project and the 460 megawatt Pin Oak Creek gas peaking facility.
- Earnings have beaten expectations in five of the last seven quarters, roughly 71%.

What they missed:
- The large data-centre contract, promised as near-complete in August 2025 and still unannounced in May 2026. Four quarters of slippage on the single item the market cared most about.

The pattern is not sandbagging. Management sets deliverable operational dates and hits them; it sets no date at all on commercial negotiations and then narrates progress. The failure mode here is narrating a negotiation as though it were a schedule.

One structural caution for anyone reading the headline earnings line: reported accounting earnings and the adjusted figure management guides to diverge violently, because the hedge book is marked to market each quarter. First quarter 2026: $4.49 reported against $2.74 adjusted. First quarter 2025: $0.38 reported against $2.14 adjusted. The reported number is noise. Judge this company on adjusted operating earnings and on cash flow.

---

## 5. Analyst pressure points

**The deflection, repeated.** Every call, an analyst asks where the large deal stands; every call, management declines. Paul Zimbardo of Jefferies in May 2025: ""is it a fair expectation that kind of you're pretty close to a deal?"" Answer: ""I don't want to touch that."" In August 2025 the same question produced the baseball metaphor. Analysts who kept pushing were vindicated — the deal did not arrive, and the stock lost about 35% of its value in the first half of 2026.

**The question that later became bad news.** In May 2025 Angie Storozynski of Seaport asked about ""quite a dramatic pullback"" in forward power prices in Northern Illinois and whether data centres were shifting away from the state. Dominguez dismissed the state-specific reading. She was pointing at the right thing from the wrong angle: the risk was not Illinois politics, it was that forward power prices and the location of demand are both less settled than the narrative implied.

**The question analysts are asking that management is not fully answering.** In November 2025 Storozynski asked whether rival announcements were ""more equivalent to LOIs than firm take-or-pay power contracts."" Dominguez answered about customer interest, not about contract structure: ""I feel that what we have and what we're offering outcompetes just about any other opportunity in the space."" He never addressed the distinction. That distinction — a letter of intent versus a binding take-or-pay contract — is the whole game in this sector, and management chose not to draw it even when handed the chance.

**Where management gave a genuinely useful answer.** In May 2026 Nicholas Amicucci of Evercore asked how much of the uprate programme is inside the 2029 plan. Chief financial officer Shane Smith: ""None of the uprates. The capital is out the door, but nothing is showing up as EPS accretion in '29. 2030 is the earliest that they'll add to EPS."" That is the opposite of capacity inflation — spending disclosed, benefit explicitly excluded from the plan. Credit where due.

---

## 6. Red flags and green flags

**Red flags**

- *Serial slippage on the flagship commercial catalyst* (August 2025 through May 2026). Four quarters of ""late innings"" language with nothing signed at that scale. This is the sector's characteristic failure, and it happened here.
- *Refusal to distinguish binding contracts from framework agreements* (November 2025), when directly invited to.
- *Self-marking the Calpine acquisition at twice cost* (May 2025). Promoter language in an otherwise measured executive.
- *Grid readiness, not plant readiness, is the binding constraint on the Crane restart.* PJM identified transmission upgrades running to roughly December 2030 or later. This was materially mitigated on 1 June 2026 when the Federal Energy Regulatory Commission granted a waiver permitting the transfer of 760 megawatts of capacity interconnection rights from the retired Eddystone plant to Crane — but it took a regulatory exception, not an engineering fix, and that is a precedent that can be litigated.
- *Plaintiff-firm securities investigations announced 7–8 April 2026*, following the share-price decline. These are routine after a large drawdown and no complaint of substance is evidenced in the materials; note it, do not weight it heavily.
- *Free cash flow of $1.14 billion over the trailing twelve months* against a promise of roughly $4.2 billion a year. Explainable by growth spending, but unproven.
- *Data caveat, not a management flag:* the screening feed reports a gross margin of 75.8% and expanding. That figure is corrupted — the fourth-quarter 2025 filing feed carries a negative cost of revenue of $10.25 billion and a gross profit of $15.70 billion on $5.46 billion of revenue, an accounting-tagging artefact around the acquisition. Do not use the reported gross margin for this name. Use operating cash profit margin, which is clean and expanding.

**Green flags**

- *This company is not a serial diluter* — the opposite. The share count went from 313 million to 359 million entirely through the 50 million shares issued as acquisition currency for Calpine. The 11 million share offering priced at $281 on 1 June 2026 was a *secondary* sale by Calpine's former owners; Constellation received no proceeds and simultaneously bought stock back. Add a $5 billion repurchase authority and $735 million of actual repurchases across 2025–2026. For a sector where the standard playbook is issuing equity into a narrative, this is a meaningful differentiator.
- *Dated, named commercial wins did keep landing* while the flagship deal slipped: a 20-year agreement with Meta covering more than 1,100 megawatts at the Clinton plant (announced 2025); a carbon-free energy agreement with Comcast (August 2025); a federal government agreement (January 2025); and on 23 June 2026 a first-of-its-kind agreement with Walmart for approximately 176 megawatts from the Dresden plant, including 30 megawatts of new uprate capacity, across two fifteen-year terms beginning in 2029 and 2030.
- *Licence extension work is real and filed*: applications lodged 26 June 2026 to run the Ginna and Nine Mile Point Unit 1 reactors to 2049.
- *Uprate figures have been consistent and engineered*, not marketed: roughly 900 to 1,000 megawatts identified with completed engineering, concentrated at LaSalle, Limerick and Calvert Cliffs, with Byron and Braidwood in the plan.
- *Capacity revenue is now contracted, not hoped for*: the PJM auction for the 2028/2029 delivery year cleared at the $325 per megawatt-day ceiling on 14 July 2026.

---

## 7. Hidden signals

**The most important terminology shift** is from ""behind the meter"" to ""front of the meter."" In May 2025 co-location was the presumed structure. By August 2025: ""what we're working on right now is all front of the meter."" This is usually read as a negative — the premium structure did not work. I read it as a positive for durability and a negative for price: selling into the grid is a lower-friction, lower-ceiling business than selling a dedicated plant to a single hyperscaler at scarcity pricing.

**The second shift is the arrival of a new chief financial officer.** Dan Eggers led the finance commentary through November 2025; Shane Smith led it from March 2026. The change in what finance chooses to disclose is stark. Smith gave a three-year growth rate, a rolling growth commitment, a two-period free-cash-flow forecast, and — the most telling item — an explicit statement that the buyback is *excluded* from the growth target: ""there is no benefit in the 20% base EPS CAGR from capital allocation for the share repurchase. So that is all upside."" A finance chief who strips buyback accretion out of a headline growth number is not inflating the number.

**On capital allocation, the discipline language sharpened.** Smith, May 2026: ""we won't make an ill-informed investment decision because we feel the money has got to go somewhere."" Paired with a stated hurdle — growth projects at ""double-digit unlevered returns"" — and a stated willingness to buy stock instead when that hurdle is not met. That is the correct framework for a mid-build capital-intensive business, stated out loud.

**A subtle admission worth noticing.** In November 2025, asked whether the company would hold back capacity to capture scarcity pricing later, Dominguez said ""we're not at a point where we're even entertaining the discussion of, hey, are we going to stop selling long term."" Many investors value Constellation's uncontracted nuclear output as a free option on scarcity. Management has told you it intends to sell that option rather than hold it. That materially undercuts the most aggressive versions of the bull case.

---

## 8. Capital-allocation verdict

**Trajectory: Strengthening.**

The earnings base is larger, more diversified and better contracted than it was fifteen months ago. Revenue for the trailing twelve months reached $29.9 billion, up 23% year on year; operating cash profit margin runs at 27.6%, near the top of the peer cohort; net debt of $21.30 billion sits at 2.58 times operating cash profit, which is conservative against merchant-power peers running at five to seven-and-a-half times. Return on equity for the trailing twelve months is 20.1%.

**The single most important thing to weigh before sizing a position:** return on invested capital is 3.8% and return on capital employed 5.9%. Those are poor absolute returns. The kind explanation is that the Calpine capital base landed in full while only one quarter of Calpine earnings sits in the trailing numerator. The unkind explanation is that management paid a full price for a gas fleet and is telling you it was worth twice that. Which explanation is right will be visible in the returns line by mid-2027, and it is the difference between a compounding franchise and an expensive one. Do not size this position on the assumption that the kind explanation wins — size it so that either can be true.

**Economic moat: wide.** The moat type is a regulatory licence combined with scale-cost advantage. You cannot replicate the largest nuclear fleet in the United States at any price; new nuclear takes a decade and the replacement cost of even a new gas plant has risen from roughly $2,500 to roughly $3,000 per kilowatt on management's own account. Operating licences now run toward 2049 on filed applications. Federal nuclear production tax credit support, restated and strengthened in 2025 legislation, provides an effective revenue floor in the region of $40 to $44 per megawatt-hour on nuclear output — a genuine truncation of the downside, though far out of the money at today's power prices.

**Moat trend: stable, not widening.** Expanding operating margin argues for widening; a return on invested capital of 3.8% on a freshly stepped-up capital base does not permit that call yet. Revisit after two more quarters of combined-company reporting.

**Secular threat: none.** The structural force in this industry — electrification and artificial-intelligence-driven load growth — points toward this company, not away from it. The genuine risk is cyclical and political, not terminal: a digestion phase in data-centre capital spending, and a regulatory or political response to consumer electricity bills that caps the pricing the scarcity thesis depends on. The July 2026 auction clearing at an administratively set ceiling is exactly that risk made visible. A ceiling is protection for consumers and a lid on shareholders.

CREDIBILITY_SCORE: 4 | TRAJECTORY: STRENGTHENING | MOAT: WIDE | MOAT_TREND: STABLE | SECULAR_THREAT: none
"
2,VRT,Industrials,86,power_for_ai; electrification_grid,power_for_ai,,equipment_services,"Manufactures uninterruptible power supply systems, switchgear, power distribution units and liquid-cooling thermal-management equipment for data centers","Data-center power and thermal-management equipment maker - sells uninterruptible power supplies, switchgear, power distribution and liquid-cooling gear to hyperscalers and colocation operators, the equipment layer of the grid and AI-power build-out.","Vertiv makes the power and cooling hardware a data centre cannot be built without, and the June 2026 quarter showed margins widening while revenue grew fast - the honest signature of pricing power rather than share bought with discounts - though the shares already pay for a good deal of it.","Gross margin widened about 550 basis points, from 32.2% to 37.7%, between the June 2025 and June 2026 quarters while revenue in those same quarters rose 24% to $3,274 million, and adjusted operating margin rose 410 basis points to 22.6%; the trailing operating cash profit margin of 22.0% sits in the 75th percentile of an eight-company peer group. A 10% move in natural gas shifts free cash flow only about 1.4%, so fuel is close to irrelevant here - the swing factor is customer capital spending, and if that pauses the same operating leverage runs in reverse.","Backlog was last disclosed at $15.0 billion on 11 February 2026, more than double a year earlier and roughly one year of the guided 2026 revenue of about $14.0 billion, on orders up 252% and orders taken running at 2.9 times revenue billed. The company has since stopped publishing backlog every quarter, so the next figure it must file arrives with the annual report around February 2027, and the September-quarter revenue print in late October 2026 - guided to 34-36% organic growth - is the only interim proof the book is converting on schedule.","$599.9 million of stock repurchased in 2024 near the lows and nothing at all repurchased in 2025 or 2026 at three to five times the price, which is the clearest single piece of capital-discipline evidence in this book; net debt is 0.44 times operating cash profit, interest is covered 33 times, and capital spending is held to 3-4% of sales.","Reconciled value $315 a share against $273.35 - about +15.2%, so the guard passes clean; what it does not soften is the adverse case at $128.",0.2198,q1_low_cost,0.014,"Expanding on rising revenue: gross margin 32.2% to 37.7% between the June 2025 and June 2026 quarters (about 550 basis points) while revenue in those quarters grew 24%, from $2,638 million to $3,274 million.",0.2623,,0.03,NGUSD,0.44,33.1,strong,False,False,False,"{""power_for_ai"": ""NEUTRAL"", ""electrification_grid"": ""NEUTRAL""}","Both chains read neutral, so nothing in the cycle read is doing the work; this seat is a company-specific judgement on an order book the company has chosen to stop disclosing quarterly, which is why the entry is staged rather than immediate.",,,15.2,,WARN,hyperscaler-ppa; datacenter-capex; long-duration-multiple; global-growth-industrial-capex,42.87,0.5,14.29,True,2 tranches / 2 wks,165.0,128.0,B,3,FIRED,$315 a share,"Base case, built on fiscal 2027 estimated earnings before interest, tax, depreciation and amortisation of about $4.62 billion — revenue of roughly $16.9 billion (21% growth on the $14.0 billion guided for 2026) at an adjusted operating margin of about 25.5%, part-way between the 23.8% guided for 2026 and the 27% the company targets for 2030. Service, about $3.1 billion of revenue at a 33% margin, or $1.03 billion of earnings, at 30 times = $30.9 billion, or $78.60 a share. Product, about $13.8 billion of revenue at a 26% margin, or $3.59 billion of earnings, at 26 times = $93.3 billion, or $237.40 a share. Less net debt of $146 million including finance leases, about $0.40 a share. Total roughly $124 billion of equity value on about 393 million diluted shares, or $315 a share. Sense-check: that is about 36 times estimated 2027 adjusted earnings per share of roughly $8.70, and about 27 times estimated 2027 earnings before interest, tax, depreciation and amortisation — a full price justified only by the growth rate, and deliberately below the street's $357 consensus and $355 median.","Levels, not ratios. The shares trade at $273.35. The base-case sum-of-the-parts value is $315, so the upside to fair value is about $42 a share. The adverse case is $128, so the downside if the order cycle turns is about $145 a share. There is no structural floor beneath the price — no deal terms, no meaningful net cash per share, no tender to lean on. The asymmetry is therefore against the buyer at today's level: roughly three and a half times as much room below as above. At about $215 — a level this stock printed nine days ago, on 29-30 July 2026 — the same two anchors give roughly $100 of upside against roughly $87 of downside, and the arithmetic turns favourable.","ETN, HUBB, NVT, ABB, SU.PA, CARR, JCI","Vertiv is the equipment layer of the artificial-intelligence build-out, and the evidence that it holds real pricing power is now on the income statement rather than in the script. In the June 2026 quarter revenue reached $3,274 million, up 24% from a year earlier, while gross margin widened from 32.2% to 37.7% and adjusted operating margin — profit from operations before one-off items, as a share of sales — rose 410 basis points to 22.6%. A company giving away price to fill factories does the opposite. Management then raised full-year 2026 guidance for the third time in six months, to roughly $14.0 billion of sales at the midpoint, 30-32% organic growth, adjusted earnings per share of $6.65-$6.75 and adjusted free cash flow of $2.4-$2.6 billion, and guided the September quarter to 34-36% organic growth. At the May 2026 investor conference in Greenville the company reset its five-year frame upward, to 20-22% annual revenue growth and a 27% adjusted operating margin ambition for 2030, with capital spending held to 3-4% of sales and cash conversion of 95-100%.

The order book behind that is contractual rather than aspirational. Backlog last disclosed at $15.0 billion on 11 February 2026 was more than double the prior year and 57% higher than the September 2025 quarter, on orders up 252% year on year and a book-to-bill ratio — orders taken divided by revenue billed — of 2.9 times. Management defines backlog tightly: 'a binding purchase order... very often with advanced payment.' That definition is corroborated in cash, not just words: June-quarter adjusted free cash flow of $925 million, up 234%, was driven substantially by customer deposits taken against those orders. Named, dated deployments back it up — Hut 8 and Compass Data Centers, a Naval Postgraduate School installation around NVIDIA's DGX GB300 announced 23 July 2026, VisionBay.ai with Foxconn in Taiwan, Data4 in Frankfurt.

The obsolescence question that recurs every quarter has so far resolved in Vertiv's favour. Analysts have asked in turn whether in-row heat exchangers, microfluidic chip cooling, 800-volt direct-current architectures or warmer-running chips would strip Vertiv's content out of the rack. The falsifiable answer is dollars of Vertiv equipment per megawatt of data centre, and that number has gone up, from a $3.0-3.5 million range to $3.25-3.75 million as of the September 2025 quarter. Vertiv is now embedded in NVIDIA's Omniverse DSX design blueprint (1 June 2026) and in its 800-volt reference architecture — a switching cost that deepens each design cycle rather than eroding.

Capital discipline is the quiet part of the case and it is unusually good. The company repurchased $599.9 million of its own stock in fiscal 2024, when the shares traded at a small fraction of today's price, and has bought back nothing in 2025 or 2026 at three to five times that level, redirecting cash to bolt-on acquisitions that extend the thermal portfolio (Great Lakes and WeiLay in 2025, ThermoKey completed 12 June 2026, Strategic Thermal Labs announced 20 July 2026). Net debt of $146 million including leases against trailing adjusted earnings before interest, tax, depreciation and amortisation of about $2.52 billion means the balance sheet imposes no constraint at all; liquidity is $5.6 billion. Returns confirm it: return on invested capital of 20.8% and return on equity of 42.1%.

The conditions this case depends on are three. Europe must return to growth in the second half of 2026 after running down 29% organically in the March quarter, as guidance assumes. The June-quarter revenue shortfall must prove to be the timing shift management described rather than the start of a conversion problem on the new prefabricated systems. And hyperscaler capital spending must continue at the pace implied by the order book — the $15 billion backlog covers rather more than one year of sales, so a pause shows up late, not early.","The bear case does not require Vertiv to be a bad company. It requires only that the cycle turns and that the buyer, at today's price, has no early warning.

Start with what has been removed. From the 2026 reporting year Vertiv no longer discloses orders, order forecasts or backlog with quarterly results — announced in the June 2025 quarter, confirmed on the February 2026 call immediately after reporting the best order quarter in its history, and executed since. The June 2026 call gave no backlog figure and no book-to-bill ratio. The reasoning offered is that lumpy orders create 'unnecessary volatility... not beneficial to our investors.' Whatever the intent, the effect is that the single leading indicator for a business whose entire valuation rests on forward demand is now visible once a year, in the annual report. Every bullish claim about pipeline strength since February 2026 is unaudited management assertion.

Then look at what this company did the last time input costs ran ahead of a fixed-price order book. In fiscal 2022 revenue grew 13.8% while net income collapsed to $77 million and free cash flow turned to negative $264 million. Vertiv books binding purchase orders, often more than a year ahead of delivery, at prices struck today; copper, steel, transformers, switchgear components and freight are costs, so any inflation in them is a margin headwind, never a revenue tailwind. The 2025 tariff episode was a mild rerun — adjusted operating margin fell 110 basis points year on year in the June 2025 quarter, and the promise to be 'tariff neutral exiting 2025' slipped a quarter to the March 2026 quarter. The mechanism has been managed better; it has not been abolished.

The cracks in execution are new and they are in the strategically important part. June-quarter revenue of $3,274 million came in roughly 3% below what the street expected, attributed to 'multi-phase project execution and temporary supply chain dynamics' and a 'learning curve' on large interconnected projects. The converged, prefabricated products that justify the premium — OneCore and SmartRun — recognise revenue against project milestones, which is structurally lumpier and more working-capital hungry than shipping components. Organic growth in the quarter was 18%, down from 34% organic a year earlier, with five percentage points of the headline 24% coming from acquisitions and one from currency. Full-year guidance nonetheless calls for 30-32% organic, which requires a very sharp second-half reacceleration; the September-quarter guide of 34-36% organic is where that gets tested.

Europe is the clearest instance of narrative running ahead of numbers. Management called the region a 'coiled spring... uncoiling' in February 2026 while it ran down 14%, and it then ran down 29% organically in the March 2026 quarter. Guidance embeds a second-half return to growth that has not yet appeared.

Competition is not standing still. Eaton, Schneider Electric, ABB, nVent, Johnson Controls and Carrier all attack parts of this stack, and liquid cooling in particular has attracted a crowd. The hyperscaler customers are among the most sophisticated procurement organisations on earth, they are vertically integrating where they can, and customer concentration in a business where single orders now move a quarter cuts both ways.

What confirms the bear case: a September or December quarter where organic growth undershoots the 34-36% guide; any sequential decline in gross margin on rising revenue, which would say price is being conceded; the fiscal 2026 annual report showing backlog below $15 billion; a hyperscaler publicly pausing or re-phasing a build; or free cash flow deteriorating as customer deposits unwind into deliveries without being replaced by new ones. Priced adversely, this is not a small drawdown. The shares traded at $118.70 within the past twelve months and fell about 25% in four weeks into the July 2026 report on a 3% revenue miss — the market has already demonstrated how fast it will re-rate this name when conversion is questioned.","Favorable sum-of-the-parts (valuing each business line separately), built on fiscal 2027 estimated earnings before interest, tax, depreciation and amortisation, using the reported segment split of roughly 82% product and 18% service. Assumes revenue reaches about $17.4 billion in 2027 (the upper end of the company's 20-22% five-year growth frame plus completed acquisitions) at an adjusted operating margin of about 26%, giving roughly $4.83 billion of adjusted earnings before interest, tax, depreciation and amortisation.

Parts: (1) Service, about $3.2 billion of revenue at a 33% margin, or roughly $1.06 billion of earnings, valued at 28-34 times — a recurring, contracted maintenance and monitoring annuity attached to an installed base, which deserves a premium to the equipment multiple — take 34 times, giving about $36.0 billion, or $91.60 a share. (2) Product, about $14.2 billion of revenue at a 26.5% margin, or roughly $3.77 billion of earnings, valued at 30 times, giving about $113.1 billion, or $287.80 a share; 30 times is above where Eaton trades on trailing earnings (31.9 times) only in the sense that it is applied to a year further out, and is justified by 20%-plus organic growth against Eaton's high single digits. (3) Overlay: net debt of $146 million including finance leases, subtracted, worth about $0.40 a share.

Total: about $378 a share on roughly 393 million diluted shares. This is close to the twelve-month high of $379.94 and near the top of the published street range, and it requires both the 2027 revenue and the 2027 margin to land at the favourable end.","Adverse sum-of-the-parts, assuming the chain regime turns against Vertiv: hyperscaler capital spending enters a digestion phase, order intake stalls so the backlog converts without being replaced, the new capacity added through 2026 runs under-absorbed, and copper, steel and component inflation plus tariffs push against a fixed-price order book — the exact combination that took Vertiv's free cash flow to negative $264 million in fiscal 2022.

Parts: (1) Service, about $2.7 billion of revenue at a 30% margin, or roughly $0.81 billion of earnings, valued at 20 times — service holds up best because it is attached to equipment already installed — giving about $16.2 billion, or $41.20 a share. (2) Product, about $11.8 billion of revenue (roughly flat with 2026, so no growth at all) at a compressed 20.2% margin, or roughly $2.39 billion of earnings, valued at 14 times, giving about $33.5 billion, or $85.20 a share; 14 times is below where Hubbell trades today (21.4 times) because a stalled Vertiv would be re-rated as a cyclical equipment maker that has just lost its growth premium, not as a secular compounder. (3) Overlay: net debt of $146 million subtracted, about $0.40 a share. There is no structural floor to add — the dividend of $0.0625 a quarter and the small net cash position are immaterial at this size, and the unsolicited $410 mini-tender the company told shareholders to reject on 15 May 2026 is conditioned on the shares trading above $410 and is therefore not a floor of any kind.

Total: about $128 a share. That is a severe number, but it sits just above the $118.70 low printed within the past twelve months, so it is a level this market has already visited rather than a theoretical construct.","Where we disagree with the market is not about the business — it is about what the market is currently choosing to look at.

The street's error in July was arithmetic on the wrong line. Analysts sold a 3% revenue shortfall in the June quarter ($3,274 million against expectations near $3,375 million) while adjusted operating margin expanded 410 basis points, adjusted earnings per share grew 60%, adjusted free cash flow tripled to $925 million and full-year guidance went up across every line. Several published notes in the days after made exactly that point. On this narrow question the sellers were wrong and the stock has already taken back most of the ground — from about $222 on 30 July to $273.35 on 4 August, a gain of roughly 23% in four sessions.

Our disagreement is with the reflex that followed. The bullish restatement now settles on two figures that are no longer current: a $15 billion backlog and a book-to-bill ratio of 2.9 times. Both are true as of 11 February 2026 and neither has been refreshed since, because Vertiv discontinued quarterly orders and backlog disclosure from the 2026 reporting year. Notes written in the last week still quote them as though they describe today. They do not; they describe a quarter that closed more than seven months ago. The market is extrapolating a demand signal it can no longer observe.

The second street assumption we would challenge is that the mix of growth does not matter. Headline growth of 24% in the June quarter contained 18% organic, five points from acquisitions and one from currency, against 34% organic in the same quarter a year earlier. Full-year guidance still calls for 30-32% organic, and the September quarter is guided to 34-36% organic. That is a very steep second-half reacceleration to underwrite from a base that just decelerated, and it depends in part on Europe reversing from down 29% organically in the March quarter to growth — a turn management has been describing as imminent since February while the number went the other way.

Where we agree with the bulls, and against the bears, is on obsolescence. The recurring worry that in-row heat exchangers, microfluidics, 800-volt direct current or warmer-running chips will strip Vertiv's content out of the rack is testable, and the test has come back the other way: dollars of Vertiv content per megawatt has been guided up, not down, and the company sits inside NVIDIA's reference architecture and design blueprint. The risk here is cyclical, not structural, and much of the bearish commentary confuses the two.","This is a good business at a price that leaves the buyer holding the wrong end of the asymmetry, so the answer is to wait for the wash-out rather than buy now — and to name the level rather than wave at one.

What is genuinely strong. The pricing-power test passes cleanly: gross margin widened about 550 basis points, from 32.2% to 37.7%, over the year to the June 2026 quarter while revenue grew 24%. Expanding margin on rising volume in a supply-constrained niche is the honest signature of pricing power; the opposite pattern would have told us volume was being bought with price. Adjusted operating margin rose 410 basis points to 22.6% and management raised full-year guidance for the third time in six months. The forensic record supports taking that at face value — seven earnings beats in seven quarters, free cash flow guided to $1.4 billion for 2025 and delivered at $1.89 billion, and, most tellingly, $599.9 million of stock repurchased in 2024 near the lows and nothing repurchased in 2025 or 2026 at three to five times the price. Buying low and declining to buy high is the reverse of what most management teams do with a hot share price, and it is the single best piece of evidence on capital discipline in the file. The balance sheet imposes no constraint at all: $146 million of net debt including leases against about $2.52 billion of trailing earnings before interest, tax, depreciation and amortisation, with $5.6 billion of liquidity. Returns are rising, not falling — 20.8% on invested capital, 42.1% on equity — which is why we read the moat as narrow but widening rather than wide or eroding. And the terminal-value question is benign: artificial intelligence is this company's demand driver, not its displacer.

What holds us back, in order. First, the price. Our base-case sum-of-the-parts value is $315 a share against $273.35 today — about 15% of upside, and that already assumes 2027 revenue of roughly $16.9 billion at a 25.5% adjusted operating margin, which is not a conservative set of inputs. We are deliberately below the street's $357 consensus. Against that modest upside sits an adverse case at $128, built on the order book converting without being replaced and margin compressing under input costs and under-absorbed new capacity. That number is not theoretical: this stock printed $118.70 within the past twelve months, and fiscal 2022 shows what this business looks like when input costs run ahead of a fixed-price order book — revenue up 13.8%, net income $77 million, free cash flow negative $264 million. Roughly $42 of upside against roughly $145 of downside is not a shape we pay up for.

Second, the instrument panel has been removed. From the 2026 reporting year Vertiv no longer publishes orders or backlog quarterly. The $15 billion backlog and 2.9 times book-to-bill that the bullish commentary still quotes were last disclosed on 11 February 2026 and describe a quarter that closed more than seven months ago. Management pre-announced the change before the blowout, which is mitigating, and the stated rationale about lumpiness is coherent. The effect is not mitigated at all: the leading indicator that would tell us when this cycle turns is now visible once a year. That is a real reason to demand a wider margin of safety, not a smaller one.

Third, two live operating claims are unproven. Europe must swing from down 29% organically in the March quarter to growth in the second half of 2026, a turn management has been calling imminent since February while the number deteriorated. And the September quarter must deliver 34-36% organic growth immediately after a quarter that slipped 3% on what was described as a learning curve on large interconnected projects — the first time the converged, prefabricated strategy that justifies the premium has cost the company a number.

On timing: the forced selling already happened. The shares fell about 25% over four weeks into 29 July and have taken back roughly 23% in the four sessions since, closing at $273.35 today. Buying here is chasing the recovery, not the wash-out. The level we want is about $215 — printed nine days ago, on 29-30 July 2026 — where the same base case offers roughly $100 of upside against roughly $87 of downside and the arithmetic inverts. Failing that, a September-quarter print that clears 34-36% organic growth with Europe positive would let us raise the base case and justify paying closer to today's price on better information.

The value score sits at the same level as the execution call, and for once that is not a default: the discount to our own fair value is thin at 15%, and while the forensic quality is high and the moat is widening rather than melting, neither of those creates value at a price that has already been paid. Both scores are held at neutral. The catalyst position — that the investor conference and the June-quarter print have both already fired — carries no weight either way in this lane; dated-event asymmetry is another book's business, and a spent event on a clean franchise is neither a credit nor a penalty here.",4,STRENGTHENING,"# Vertiv Holdings Co (VRT) — a deep dive on management and the setup

Forensic review of six consecutive earnings calls (first quarter 2025 through first quarter 2026) plus
the second-quarter 2026 report published 29 July 2026, cross-checked against the reported financials.
Price used throughout: $273.35 (New York Stock Exchange, US dollars, 4 August 2026).

Vertiv makes the physical guts of a data centre — uninterruptible power supplies, switchgear, power
distribution and, increasingly, liquid cooling. It sells to hyperscalers (the very large cloud
operators), colocation landlords and enterprises. It is an equipment and services company, not a
commodity producer: copper, steel and freight are costs to Vertiv, never revenues.

---

## 1. NARRATIVE ARC

The story has not shifted so much as **thickened**, in three distinct steps.

**Step one — ""we are riding a secular wave"" (first half of 2025).** The opening frame was market
growth plus share gain. Executive Chairman Dave Cote in the first quarter of 2025: ""the digital
revolution is happening. It still has a long way to go."" Chief Executive Gio Albertazzi anchored
everything to a five-year model presented at a November 2024 investor day: 15-17% growth for the
cloud and colocation segment, 12-14% for Vertiv. The proof points offered were backlog ($7.9 billion,
first quarter 2025) and a book-to-bill ratio of 1.4 times — book-to-bill compares orders taken to
revenue billed, so anything above 1.0 means the order book is growing faster than sales.

**Step two — ""we are the connective tissue"" (second half of 2025).** In the second quarter of 2025
management introduced a genuinely new idea: that the ""grey space"" (power and cooling) and the ""white
space"" (the racks and servers) are merging as rack densities climb into the hundreds of kilowatts.
This was not marketing filler; it became the strategic basis for the converged, prefabricated products
launched later. Services were elevated from a footnote to what Albertazzi called ""one of Vertiv's
superpowers"" in the third quarter of 2025.

**Step three — ""we sell the whole data centre"" (2026).** By the fourth quarter of 2025 the company had
named products behind the idea: OneCore, a complete data-centre building block sold in 12.5-megawatt
increments, and SmartRun, a prefabricated white-space system. Named deployments followed with Hut 8
and Compass Data Centers. By the first quarter of 2026 the language moved to capacity: new plants,
a doubling of chiller capacity in Italy by end-2026, a new Malaysian factory opened 1 July 2026, and
capital spending stepping from the historical 2-3% of sales to 3-4%.

**What was quietly dropped.** Two things. First, the 12-14% Vertiv growth model from November 2024 has
been overtaken and replaced — at the May 2026 investor conference the company reset to a 20-22%
five-year revenue growth rate and a 27% adjusted operating margin ambition for 2030. That is an upgrade,
not a retreat, but it means the original five-year model no longer serves as a check on the story.
Second, and far more consequential, **the orders and backlog disclosure was withdrawn.** Flagged in
the second quarter of 2025, confirmed in the fourth quarter of 2025 (""we believe that currently, the
best approach is to no longer report actual orders, orders forecast or backlog with quarterly
earnings""), and executed from the first quarter of 2026 onward. The second-quarter 2026 call gave no
backlog figure and no book-to-bill ratio.

---

## 2. CLAIMS vs FINANCIALS (forensic)

| Management claim | Where and when | What the numbers say | Verdict |
|---|---|---|---|
| ""We are very pleased to raise our sales growth guidance to 18%"" | Q1 2025 call | Fiscal 2025 revenue landed at $10.23 billion, up 27.7% from $8.01 billion | **Beaten by roughly ten percentage points** |
| Fiscal 2025 adjusted earnings per share of $3.55 | Q1 2025 call | Adjusted quarterly figures for 2025 sum to $4.19 ($0.64 + $0.95 + $1.24 + $1.36) | **Beaten by 18%** |
| Fiscal 2025 adjusted free cash flow of $1.4 billion | Q2 2025 call | ""Circa $1.9 billion... conversion of 115%"" (Q4 2025 call). Reported free cash flow $1.89 billion | **Beaten by 36%** |
| ""We believe tariffs will be materially offset exiting 2025"" | Q2 2025 call | Revised in Q3 2025 to ""as we exit Q1 2026"" | **Date slipped one quarter, then delivered** |
| Margin recovery once tariff costs are absorbed | Q2-Q3 2025 | Gross margin 32.2% (Q2 2025) → 37.7% (Q2 2026). Adjusted operating margin 18.5% → 22.6%, up 410 basis points | **Delivered, convincingly** |
| ""EMEA... the coiled spring is uncoiling"" | Q4 2025 call | Europe, Middle East and Africa organic sales: −4% (Q3 2025), −14% (Q4 2025), −29% (Q1 2026) | **Narrative running well ahead of the numbers** |
| Backlog ""$15 billion, more than double last year's"", book-to-bill 2.9 times | Q4 2025 call | Never independently re-stated since; quarterly disclosure discontinued | **Unverifiable going forward** |
| ""Everything backlog at Vertiv is a binding purchase order... very often with advanced payment"" | Q4 2025 call | Corroborated: second-quarter 2026 adjusted free cash flow of $925 million, up 234%, driven by customer deposits and advance payments | **Corroborated by cash** |

**Where the story is richer than the trajectory justifies.** Europe. Management has described the
region as improving for three consecutive calls while it deteriorated from −4% to −29%. The promise
of a return to growth in the second half of 2026 is now embedded in guidance and is the single
unverified operating claim in the file.

**Where the story is poorer than the trajectory justifies.** Cash generation. Management understated
it repeatedly — guiding $1.4 billion in free cash flow for 2025 and delivering $1.89 billion; guiding
$6.02 in adjusted earnings per share for 2026 in February, raising to $6.35 in April, then to $6.70
in July. Three raises in six months is not a company straining to hit its numbers.

**The one genuine operating stumble.** Second-quarter 2026 revenue of $3,274 million grew 24% but
landed roughly 3% below what the street expected. Management attributed it to ""minor timing shifts...
primarily driven by multi-phase project execution and temporary supply chain dynamics"" — a ""learning
curve"" on large interconnected projects. The stock fell about 25% over four weeks into that print.
This is the first evidence that the converged, prefabricated strategy carries execution and revenue-
timing risk that the older component business did not: milestone-based revenue recognition on
multi-phase projects is lumpier by construction.

---

## 3. TONE & CONFIDENCE TRAJECTORY

**Rising, and increasingly specific.**

- *First quarter 2025* — confident but hedged on tariffs: ""rather than speculate, we'll continue to
  focus on what we can't control"" (a transcription slip for ""can control""). Guidance ranges were
  *widened* to absorb tariff uncertainty.
- *Second quarter 2025* — the most defensive call in the set. Albertazzi conceded ""some executional
  challenges in EMEA"" and margin down 110 basis points year on year. Language turned to mitigation
  and cost.
- *Third quarter 2025* — the pivot back to offence. Cote: ""this is a very strong quarter by any
  measure... I wonder what would have happened if we hadn't blown the doors off of every single
  metric."" Note the irritation at the share-price reaction; the stock fell on a beat.
- *Fourth quarter 2025* — peak confidence, with the numbers to match: orders up 252% year on year,
  backlog doubling to $15 billion.
- *First quarter 2026* — Cote: ""what we're seeing in customer conversations is different than 6
  months ago. The urgency has increased.""
- *Second quarter 2026* — confidence maintained through a revenue miss; guidance raised across every
  line rather than trimmed.

There is no shift from offensive to defensive language. If anything the reverse: the defensive
vocabulary clustered in the middle of 2025, when tariffs and European execution were biting, and has
since been replaced by capacity, investment and content-per-megawatt.

**One tonal caution.** The rhetoric is consistently superlative — ""the future has never been
brighter"", ""I'm more excited today than I've ever been"", ""insatiable, dare I say, demand"". In a sector
where promoters live, this register is a standing flag. What defends Vertiv here is that the numbers
have so far exceeded the rhetoric rather than trailed it.

---

## 4. GUIDANCE CREDIBILITY

**Score: High.**

The pattern is unambiguous and one-directional: guide conservatively, raise repeatedly, deliver above
the raised number. Fiscal 2025 sales guidance went from 18% growth (April) to 24% (July) and landed at
27.7%. Fiscal 2026 adjusted earnings per share guidance went $6.02 (February) → $6.35 (April) →
$6.65-$6.75 (July). Free cash flow guidance for 2025 went to $1.4 billion and delivered $1.89 billion.
The screener records seven earnings beats out of seven quarters.

This is sandbagging, and it should be read as such — the *level* of guidance carries little
information, the *direction of revision* carries most of it. The single blemish is the tariff-neutrality
date, promised for the end of 2025 and re-promised for the end of the first quarter of 2026. They
missed the first date and hit the second.

The offsetting concern is not accuracy but **verifiability**. With orders and backlog withdrawn from
quarterly disclosure, the leading indicator that would confirm or contradict the guidance a year ahead
is now visible only once a year, in the annual report. An investor is being asked to take the
company's word on the one number that matters most.

---

## 5. ANALYST PRESSURE POINTS

**The recurring question is technological obsolescence, and it is asked every single quarter in a new
costume.** Amit Mehrotra of UBS put it plainly in the third quarter of 2025: ""every three or four
months, there's some announcement or some innovation that gets everybody to question the entire thesis
around Vertiv's position."" The specific threats raised across the calls: Amazon Web Services designing
its own in-row heat exchangers; Microsoft microfluidics cooling chips directly; 800-volt direct current
architectures eliminating power supply units; NVIDIA's Rubin-generation racks running warm enough to
skip chillers; competitors' stainless-steel chillers displacing coolant distribution units.

Management's answers have been substantive rather than evasive, and — importantly — checkable.
Albertazzi argued that microfluidics is still direct-to-chip liquid cooling and ""preserves everything,
thermal chain... intact""; that 800-volt direct current plays to decades of Vertiv direct-current
experience; that warmer chips reduce chiller count but not the need for heat rejection, which is why
the company catalogued a ""Trim Cooler"". The falsifiable claim attached to these answers is content per
megawatt, and it has gone **up**, not down: from a $3.0-3.5 million range to $3.25-3.75 million as of
the third quarter of 2025, and Vertiv is now embedded in NVIDIA's Omniverse DSX reference blueprint
(announced 1 June 2026).

**Genuinely deflected.** Two topics. First, backlog margin — Chris Snyder of Morgan Stanley asked
directly in the second quarter of 2025 whether the margin embedded in backlog supports a fourth-quarter
recovery, and got ""we do not go in those level of details."" Second, orders guidance — Mehrotra pressed
on trailing-twelve-month orders in the second quarter of 2025 and was told ""I would be guiding orders,
and that's not what we do.""

**What analysts worried about that turned into bad news.** The margin pressure Snyder probed in the
second quarter of 2025 was real and lasted three quarters. The European weakness analysts pushed on
from the first quarter of 2025 got worse for a full year. Both were flagged by the sell side before
management conceded them.

**What analysts are not pressing hard enough on.** The working-capital shape of the new converged
business. Nigel Coe of Wolfe Research got closest in the first quarter of 2026, asking whether the
surge in customer deposits is a readable proxy for backlog growth; Chief Financial Officer Craig
Chamberlin's answer was ""it is a way to look at backlog, but it's not entirely our read through.""
Advance payments flatter free cash flow while orders are being taken and reverse when they are
delivered. Second-quarter 2026 free cash flow of $925 million, up 234%, is partly a deposit-timing
figure, not a steady-state one.

---

## 6. RED FLAGS / GREEN FLAGS

🔴 **Orders and backlog disclosure withdrawn at the exact peak.** Announced in the second quarter of
2025, confirmed in the fourth quarter of 2025 immediately after reporting orders up 252% and a
book-to-bill of 2.9 times, effective from 2026. The stated reason — lumpiness causing ""unnecessary
volatility... not beneficial to our investors"" — is coherent, and the fact that it was pre-announced
before the blowout quarter is genuinely mitigating. The effect is not. The primary leading indicator
for this company is now dark between annual reports.

🔴 **Europe: three calls of improvement language against a worsening number.** ""The coiled spring is
uncoiling"" (fourth quarter 2025) was said while the region ran −14%, and it then ran −29% in the first
quarter of 2026.

🔴 **No insider buying on the open market.** Zero open-market purchases against 38 disposals totalling
about 271,000 shares. Recent Form 4 filings (25 June 2026) are dividend-equivalent accruals of a few
shares each; the 4 May 2026 disposals at $330.97 were tax withholding on vesting rather than
discretionary sales. So the disposals are less damning than the raw count suggests — but the absence
of buying at any point in a 130% share-price round trip is still an absence.

🔴 **The 2022 precedent is in this company's own accounts.** Revenue grew 13.8% in fiscal 2022 while
net income collapsed to $77 million and free cash flow went to **negative $264 million**. That was
input-cost and freight inflation running through a fixed-price order book. The mechanism that broke
Vertiv four years ago has not been legislated away; it has been managed better.

🔴 **Execution stumble on the new converged products.** The second-quarter 2026 revenue shortfall was
attributed to a ""learning curve"" on large interconnected projects — the first time the strategy that
justifies the premium has cost the company a number.

🟢 **Gross margin expanding while revenue accelerates.** From 32.2% in the second quarter of 2025 to
37.7% in the second quarter of 2026, on revenue up 24%. In a supply-constrained niche this is the
cleanest available evidence of pricing power. The opposite pattern — margin falling as revenue grows —
would have signalled that volume was being bought with price.

🟢 **Buybacks at the bottom, none at the top.** The company repurchased $599.9 million of stock in
fiscal 2024, when the shares traded at a fraction of today's price, and has repurchased **nothing** in
2025 or 2026 at three to five times that level. Cash has gone instead to bolt-on acquisitions
($1.18 billion in 2025: Great Lakes, WeiLay; then ThermoKey completed 12 June 2026 and Strategic
Thermal Labs announced 20 July 2026) and a token dividend of $0.0625 a quarter. This is the reverse of
the usual pattern and it is the strongest single piece of evidence on capital discipline.

🟢 **Balance sheet effectively unlevered.** Net debt of $146 million including finance leases at 30
June 2026 against trailing twelve-month adjusted earnings before interest, tax, depreciation and
amortisation of about $2.52 billion — roughly 0.06 times. Excluding leases the company is in a small
net cash position, which is how the second-quarter release describes it. Liquidity $5.6 billion.

🟢 **Named, dated, checkable deployments rather than memoranda of understanding.** Hut 8 and Compass
Data Centers (fourth quarter 2025), the Naval Postgraduate School NVIDIA DGX GB300 installation
(23 July 2026), VisionBay.ai/Foxconn in Taiwan and Data4 in Frankfurt (second quarter 2026 call).
Backlog is defined tightly: ""a binding purchase order... very often with advanced payment.""

🟢 **Capacity is being added against demand, with disclosed sites and dates.** Johor, Malaysia opened
1 July 2026; Tognana, Italy chiller capacity to double by end-2026 with a testing laboratory in early
2027. Management is explicit that it runs 20-25% deliberate slack in factory loading.

---

## 7. HIDDEN SIGNALS

**Terminology.** The vocabulary moved from components (""thermal"", ""power"") to systems (""connective
tissue"", ""converged"", ""prefabricated"", ""time to token"") and finally to the customer's own unit of
account — dollars of Vertiv content per megawatt of data centre. That last shift matters because it
converts an obsolescence debate into an arithmetic one, and the arithmetic has moved in Vertiv's
favour.

**How competition is discussed.** In the third quarter of 2025 Albertazzi made a striking observation:
comparing liquid cooling today with eighteen months earlier, he saw ""a better delineation of the
competitive landscape... more consolidated, more rational players not bad."" A market leader welcoming
consolidation among its rivals is describing an industry where price competition is easing — which is
exactly what the gross-margin line then did.

**Capital allocation language hardened.** In the second quarter of 2025 acquisitions were ""an important
element"". By the first quarter of 2026 Albertazzi said the company has ""no reticence in cutting bigger
checks when that's needed"". Deal sizes are not being disclosed (""we didn't give any of the sizes, but
if they were materially impactful to us, we would have""), which is defensible for bolt-ons but removes
a check on the return being earned on $1.18 billion of 2025 acquisition spend.

**New voices.** Chief Financial Officer David Fallon retired, announced on the third-quarter 2025 call
with Craig Chamberlin succeeding him from the fourth quarter of 2025. A new Chief Procurement Officer,
Frieda He, joined 5 May 2026 with a mandate on supply-chain resilience and cost. Chamberlin is
noticeably more forthcoming on the mechanics — his answers on incremental margins, customer deposits
and product mix are more concrete than his predecessor's, and he volunteered the constraint that
incremental margins are being guided at the low end of the 30-35% range because of the investment ramp.
That is a chief financial officer describing a cost, not selling a story.

**One arithmetic tell.** The second-quarter 2026 revenue of $3,274 million included five percentage
points of growth from acquisitions and one from currency. Organic growth was 18%, against 34% organic
in the same quarter a year earlier. Headline growth of 24% is being increasingly assisted by
acquisitions. Full-year guidance still calls for 31% organic, which requires a sharp reacceleration in
the second half — the third-quarter guide of 34-36% organic is where that gets tested.

---

## 8. CAPITAL-ALLOCATION VERDICT

**Trajectory: STRENGTHENING.**

Returns are rising, not falling: return on invested capital of 20.8% and return on equity of 42.1% on
a trailing twelve-month basis, with gross margin up about 550 basis points and adjusted operating
margin up 410 basis points year on year. Growth capital spending is stepping up from 2-3% to 3-4% of
sales into visible, dated capacity additions, funded entirely from a free cash flow line running at
$2.4-2.6 billion for 2026 with essentially no net debt. Buybacks were executed at the low and stopped
at the high.

**The single most important thing to weigh before sizing.** Not whether the franchise is good — it
demonstrably is — but that **the one number that would tell you when this cycle turns is no longer
published quarterly.** Vertiv's entire forward visibility rests on a backlog last disclosed at $15
billion on 11 February 2026 and on management's unaudited assurance since. The company is priced for
the order book to keep compounding, and the buyer has surrendered the instrument that would give early
warning if it does not. Size for a business whose demand signal you can only inspect once a year.

**Economic moat: NARROW, and WIDENING.** The moat type is switching costs layered over scale and
intangible engineering assets. The switching costs are real and getting deeper: an installed base
served by a global field-service organisation, early involvement in customer project design (""early
involvement in project technology and in project planning further drives our above-market growth"",
third quarter 2025), and now inclusion in NVIDIA's reference architecture for both 800-volt direct
current power and the Omniverse DSX design blueprint. Scale shows up as the ability to deliver
gigawatt-class programmes on a schedule, which is the binding constraint for every hyperscaler.

It is narrow rather than wide because the competitive set is formidable and well funded — Eaton,
Schneider Electric, ABB, nVent, Johnson Controls and Carrier all attack parts of this stack, and the
liquid-cooling entrants are numerous. It is widening rather than eroding because the evidence points
that way: returns rising, gross margin expanding on accelerating revenue, content per megawatt guided
up rather than down, and the leader's own read that the field is consolidating toward ""more rational
players.""

**Secular threat: manageable.** The structural forces that impair terminal value elsewhere do not
point at this business. Artificial intelligence is Vertiv's demand driver, not its displacer; there is
no channel shift, no reimbursement compression, no disintermediation path. The genuine risk here is
**cyclical, not secular** — a hyperscaler capital-spending digestion phase that empties the order book
for a year or two. That distinction is the whole investment question: the terminal value looks intact,
the near-term earnings base does not look safe. Consequently the shares are neither a fear-print
mispricing nor a value trap; at 41.9 times trailing enterprise value to earnings before interest, tax,
depreciation and amortisation they are a high-quality franchise carrying a full price and a genuine
cyclical drawdown risk.

CREDIBILITY_SCORE: 4 | TRAJECTORY: STRENGTHENING | MOAT: NARROW | MOAT_TREND: WIDENING | SECULAR_THREAT: manageable
"
3,TEL,Technology,83,electrification_grid,electrification_grid,,equipment_services,"Manufactures electrical and electronic connectors, power-distribution components and sensors used in grid, data-center and electric-vehicle power systems","Power-management and connectivity component maker - sells connectors, power-distribution components and sensors into grid power distribution, the data-center build-out and vehicle electrification; the data provider's 'Semiconductors' classification is a filing quirk, not the real business","TE Connectivity has quietly become the second-largest supplier of the connectors and power hardware that data centres and modernised electricity grids cannot be built without, while still being priced largely as a car-parts business.","Gross margin was 35.6% in the June 2026 quarter against 35.3% a year earlier on revenue up 14%, so the year-on-year direction is right, but it has slipped from 37.2% in the December 2025 quarter because copper is passed through to customers at no margin. The cleaner line is operating margin, which widened 90 basis points to 22.0%, with the industrial business at 22.8%. Copper here is an input cost and therefore a margin headwind - never a revenue tailwind - and it has already cost about 1.6 points of gross margin over two quarters.","Orders have risen for five consecutive quarters, from $4.5 billion in the June 2025 quarter to a record $5.7 billion in the June 2026 quarter, up 27%, with orders taken at 1.1 times revenue billed and a record backlog management explicitly describes as giving visibility into fiscal 2027; data-network orders are up more than 70% year to date. The dated test is the fourth-quarter and full-year report due in late October 2026, which carries the fiscal-2027 outlook.","Free cash flow of $3.64 billion over the last twelve months, a 19% margin; net debt is below one times operating cash profit at 0.97 and interest is covered 30 times.","Reconciled value $244 a share against $215.87 - about +13.0%, so the guard passes clean.",,,,"Expanding year on year but compressing over the last two quarters: 35.6% in the June 2026 quarter against 35.3% a year earlier on revenue up 14%, down from 37.2% in December 2025 as zero-margin copper pass-through entered the mix; operating margin expanded 90 basis points year on year to 22.0%.",0.1549,0.19,1.07,GRID,0.97,30.0,strong,False,False,False,"{""electrification_grid"": ""NEUTRAL""}","The grid chain reads neutral, which suits a name whose order book already covers the next fiscal year: we are underwriting a backlog that exists, not an acceleration that has to arrive.",,,13.0,,EXCLUDE_ELIGIBILITY,global-growth-industrial-capex; datacenter-capex; auto-production-cycle; copper-input-cost,42.87,0.75,14.29,False,2 tranches / 2 wks,165.0,135.0,B,3,SOFT_EXTENDED,$244 per share,"Base case, valuing the two segments on the fiscal-2027 earnings the current backlog and guidance support, roughly eighteen months out:

- Industrial Solutions (artificial-intelligence interconnect, grid and energy, aerospace and defence, factory automation, medical): revenue of about $11.8 billion at a 23.5% adjusted operating margin gives roughly $2.77 billion of operating profit, or about $3.17 billion of operating cash earnings after depreciation. Valued at 17 times - a deliberate discount to Hubbell at 21 times and Amphenol at 24 times, because only about half of this segment is artificial-intelligence-driven - that is $53.9 billion, or about $186 per share.
- Transportation Solutions (automotive connectors and sensors, commercial vehicle): revenue of about $10.6 billion at a 21% margin gives roughly $2.23 billion of operating profit, or about $2.63 billion of operating cash earnings. Valued at 8.5 times, a premium to a typical vehicle supplier at 6 to 8 times because this business held above 20% margins through a declining Western auto market, that is $22.4 billion, or about $77 per share.
- Less pro-forma net debt of about $5.5 billion (the reported $4.39 billion at 26 June 2026 plus the $1.4 billion Astrodyne TDI purchase, partly offset by retained cash flow): minus $19 per share.

Total about $244 per share on roughly 290 million diluted shares. Cross-checked against earnings, this implies about 18.4 times a fiscal-2027 adjusted figure near $13.30 per share - demanding but not heroic for a business compounding earnings above 20% with a record backlog, and still a wide discount to how the market prices its closest comparable companies today.","At $215.87 the reward is thin and the risk is not. Our adverse case sits at $135 per share and our base-case fair value at $244, with the favourable case at $286. In other words, the shares are close enough to fair value that most of the identified upside is already in the price, while the adverse case - a pause in data-center spending, an auto downturn and record copper compressing the pass-through, all of which would arrive together - remains a long way below. The asymmetry only becomes attractive in the region of $190, which is both the 52-week low and roughly where the shares traded on 23 July 2026 immediately after the Astrodyne-driven sell-off; at that level the same $135 downside and $244 fair value produce a balanced trade, and below about $180 it turns clearly favourable. There is no structural floor to lean on: the company carries net debt of $4.39 billion rather than net cash, there are no deal terms, and tangible asset value of roughly $3.9 billion is immaterial against a $62.6 billion market capitalisation.","APH, LFUS, BDC, ROG, HUBB, ETN","TE Connectivity is a component manufacturer that has quietly become the second-largest supplier of the connectors and power hardware that artificial-intelligence data centers and modernised electricity grids cannot be built without - and it is priced as though it were still mainly a car-parts company. That gap is the whole case.

Start with the demand evidence, which is unusually hard for a technology story. Orders - the leading indicator, since they are placed before revenue is recognised - have risen for five consecutive quarters, from $4.5 billion in the June-2025 quarter to a record $5.7 billion in the June-2026 quarter, up 27% year over year, with double-digit growth in every single business and every region. The book-to-bill ratio (orders divided by sales) is 1.1 both in the quarter and year-to-date, meaning the company is taking in more work than it is shipping, and management states plainly that this has produced a record backlog giving visibility into fiscal 2027. Digital Data Networks orders are up over 70% year-to-date. This is not a projection; it is signed demand already on the books.

The artificial-intelligence business has beaten its own public target early. Revenue from these applications went from $300 million in fiscal 2024 to over $900 million in fiscal 2025, and by the June-2026 quarter the company had reached the $3 billion annual run rate it laid out at its November-2025 investor day - ahead of schedule. Terrence Curtin, the chief executive, in July 2026: 'the $3 billion we laid out, we're ahead of, and that has continued to shift left.' Importantly, about one-third of that revenue is power connectivity rather than data connectivity, and power content rises as rack architectures move toward 800 volts.

The second engine is the electricity grid. The energy business grew 33% organically in the June-2026 quarter on utilities replacing ageing infrastructure and on the power build-out feeding data centers. The $2.3 billion Richards Manufacturing purchase completed in fiscal 2025 bought a leading position in North American underground distribution equipment, and management says it is running ahead of the original plan.

Profitability is improving while all this happens, which is the real test. Adjusted operating margin rose from 20.0% to 22.0% year over year. Industrial Solutions margins expanded by roughly 400, 300 and 500 basis points in three of the last four quarters to reach 22.8%. Heath Mitts, the chief financial officer, has promised 'roughly 30% flow-through' - meaning thirty cents of every incremental sales dollar reaches operating profit - on every single call, has been challenged on it by analysts repeatedly, and delivered about 36% in the June-2026 quarter.

The moat claim is specific rather than generic. Connectors are designed into a customer's architecture years before volume, so displacing an incumbent means requalifying the platform. Curtin on 800-volt data centers, July 2026: 'I don't see new entrants coming in because this is a simultaneous equation of trade-offs and constraints between the data and the power equation when you're at the rack.' Corroborating evidence from outside the company: reports of coordinated connector price increases of 5% to 15% from TE Connectivity, Amphenol and Molex effective July 2026 - that is a concentrated market exercising pricing power, not a commodity market.

Management has earned trust the hard way. It guided and beat both sales and adjusted earnings per share in four consecutive quarters (guided $4.55B/$2.27 and delivered $4.75B/$2.44; guided $4.5B/$2.53 and delivered $4.67B/$2.72; guided $4.7B/$2.65 and delivered $4.74B/$2.73; guided $5.0B/$2.83 and delivered $5.16B/$2.94). Cash conversion has run above 100%, free cash flow was over $3 billion in fiscal 2025, roughly all of it is returned to shareholders, the dividend was raised 10% in March 2026, and diluted share count has fallen from 305 million to 293 million in seven quarters. Net debt is $4.39 billion against roughly $4.85 billion of trailing operating cash earnings - under one times.

The re-rating mechanism is the mix. In the June-2026 quarter Industrial Solutions and Transportation Solutions each printed exactly $2.58 billion of sales - the first time they have been equal. Industrial grew 21.9%, Transportation 6.7%. The market has valued this company at a wide discount to Amphenol and Hubbell because more than half of it was automotive; from here, more than half of it is not. If the multiple simply migrates part-way toward the peer group as that becomes undeniable, the shares work without a single new assumption about demand.

Conditions that must hold: hyperscaler capital spending does not pause through fiscal 2027; copper cost increases continue to be passed through within a quarter or two; global auto production holds near the guided 88 million units; and the $1.4 billion Astrodyne TDI purchase integrates as cleanly as Richards did.","The bear case is not that this is a bad company - it plainly is not - but that you are being asked to pay a full price for peak conditions in a business whose two growth engines share one customer, at a moment when its main raw material is at an all-time high.

First, the concentration is worse than the segment chart suggests. Digital Data Networks and the energy business are both now explicitly levered to the same demand: data-center construction. Management said so in July 2026 - 'Our AI opportunity extends beyond the rack. Data center build-outs are driving significant investment across the power infrastructure.' Curtin has been equally clear about who the buyer is: 'the bigger driver of growth for us is the hyperscalers that have their custom TPUs and GPUs.' Combined, these two businesses generated well over $1 billion of the quarter's $2.58 billion of Industrial revenue and essentially all of the growth. A digestion pause by a handful of buyers - not a collapse, just a pause - removes the entire growth story at once. Order books do not protect you here: orders can be rescheduled, and a record backlog built during a capital-spending boom is exactly the backlog that gets pushed out.

Second, copper. TE Connectivity is a connector maker; copper is a cost, not a revenue tailwind, and it hit roughly $14,000 per tonne on the London Metal Exchange on 4 August 2026 - a record. Management admits feeling it (January 2026: 'as the spot market goes up, we feel that... yes, we're feeling it right now') and passes it through, but pass-through revenue carries no profit. The proof is already in the accounts: gross margin has fallen from 37.2% in the December-2025 quarter to 36.8% and then 35.6% - about 1.6 percentage points of compression in two quarters while revenue grew. If copper stays here and the pass-through lags by even one quarter in a slowing order environment, the 30%-plus flow-through promise breaks, and that promise is load-bearing for the entire earnings model.

Third, the optical displacement risk is real and now conceded. Pressed for three consecutive quarters, Curtin finally said it plainly in July 2026: 'we are not a major player in scale-out. When you think about scale-out, which is almost all optical today, we have a limited position there.' Roughly two-thirds of the artificial-intelligence revenue is data connectivity - copper. The RAM Photonics purchase in April 2026 is a foothold, not a position. If scale-up networking inside the rack follows scale-out toward optical faster than management expects, the fastest-growing part of this company is displaced by a technology it does not lead. TE Connectivity is also the acknowledged number two: an analyst put a competitor at roughly three times its artificial-intelligence revenue in October 2025 and management did not dispute the figure.

Fourth, capital allocation is leaking value at the margin. The company has committed close to $4 billion to acquisitions in two years - $2.3 billion for Richards Manufacturing (about 5.8 times its roughly $400 million of sales) and $1.4 billion for Astrodyne TDI announced 22 July 2026 (about 5.6 times its 'more than $250 million' of sales). On the mid-30% cash margins management guided to for Richards, both were struck at roughly 16 to 17 times operating cash earnings - while TE Connectivity's own shares trade at about 14 times. Buying other companies for more than the market charges for your own is only accretive if synergies are quantified, and on five calls they never were. The market registered its objection: the shares fell 6.9% on 22 July 2026, the day of a beat on both lines with record orders, and the decline was attributed to the Astrodyne announcement rather than the results.

Fifth, the automotive half is not a source of support. Global auto production is guided at roughly 88 million units, 'down slightly,' with Western regions declining every quarter for over a year and growth carried entirely by Asia. Transportation Solutions grew 6.7% in the June-2026 quarter against Industrial's 21.9%. In a genuine recession this half of the company shrinks, and it is still half.

Sixth, the multiple is not a floor. The peer group - Amphenol at roughly 24 times enterprise value to operating cash earnings, Hubbell at 21 times, Eaton at 32 times - is at cycle-peak valuations on the same artificial-intelligence enthusiasm. A capital-spending scare de-rates the whole complex together, and TE Connectivity's discount does not exempt it. There is no structural floor under the shares: this is a company with net debt, not net cash, no deal terms, and no asset backing that supports a liquidation value anywhere near the market price. Tangible asset value is roughly $3.9 billion against a $62.6 billion market capitalisation.

What priced downside looks like: fiscal-2027 Industrial revenue of about $9.8 billion (a mid-single-digit decline as artificial-intelligence orders digest) at a 19.5% operating margin, and Transportation revenue of about $9.3 billion (down about 10% on an auto recession) at a 17.5% margin, gives roughly $3.4 billion of combined operating profit and about $8.95 of adjusted earnings per share. At 14 to 16 times - the multiple this company carried in the 2022-2023 industrial de-rating - that is $125 to $143 per share, or a fall of roughly 35% to 42% from $215.87. Confirmation would be a single quarter of book-to-bill below 1.0 in Industrial, or gross margin printing below 35% while copper is flat.","$286 per share. Valuing each segment on the fiscal-2027 earnings the record backlog supports, and on multiples closer to what the market already pays comparable businesses.

- Industrial Solutions: revenue of about $12.0 billion (from a $10.3 billion run rate, growing on Digital Data Networks orders up over 70% year-to-date, energy up 33% organically, plus roughly $250 million from Astrodyne TDI), at a 24% adjusted operating margin as volume leverage continues, giving about $2.88 billion of operating profit and roughly $3.17 billion of operating cash earnings after adding back depreciation. At 20 times - still a discount to Amphenol's 24 times - that is $63.4 billion, or about $219 per share.
- Transportation Solutions: revenue of about $10.6 billion at a 21% margin, giving roughly $2.63 billion of operating cash earnings. At 9.5 times, reflecting best-in-class margins for a vehicle supplier and content growth of 4 to 6 points above market, that is $25.0 billion, or about $86 per share.
- Less pro-forma net debt of about $5.5 billion after the Astrodyne purchase closes: minus $19 per share.

Total about $286 per share. This requires no new demand assumption beyond the backlog already signed - only that the market stops valuing the company on its shrinking automotive half.","$124 per share, assuming the chain regime turns against it: an artificial-intelligence capital-spending digestion, an auto recession, record copper compressing the pass-through, and a de-rating of the whole connector complex together.

- Industrial Solutions: revenue of about $9.8 billion (down mid-single digits as Digital Data Networks orders are rescheduled off a peak and energy slows), at a 19.5% operating margin as copper pass-through and under-absorbed new capacity bite, giving about $1.91 billion of operating profit and roughly $2.31 billion of operating cash earnings. At 12 times - where the group traded in the 2022-2023 industrial de-rating - that is $27.7 billion, or about $96 per share.
- Transportation Solutions: revenue of about $9.3 billion (global auto production down roughly 10% toward 80 million units), at a 17.5% margin, giving roughly $2.03 billion of operating cash earnings. At 7 times, a standard trough multiple for a vehicle supplier, that is $14.2 billion, or about $49 per share.
- Less net debt of about $6.0 billion, higher than today because the $1.4 billion Astrodyne purchase closes into a weaker cash-flow year: minus $21 per share.

Total about $124 per share. The company remains solidly solvent throughout - net debt would still be under 1.4 times operating cash earnings and free cash flow stays positive - so this is a de-rating, not an impairment, and continued buybacks at depressed prices provide a modest cushion above the arithmetic.","Where we disagree with the market is about what kind of company this is, not about how it is trading. Wall Street still prices TE Connectivity as an automotive supplier with an interesting side business. That classification expired in the June-2026 quarter, when Industrial Solutions and Transportation Solutions each printed exactly $2.58 billion of sales for the first time, with Industrial growing 21.9% against Transportation's 6.7%. From here the faster-growing, higher-margin half is the larger half, and it compounds the gap every quarter. The market has not repriced that: the shares change hands at roughly 14 times enterprise value to operating cash earnings against Hubbell at 21 times and Amphenol at 24 times, and they sit below their 200-day average price of about $220 even though adjusted earnings per share grew 22% in the latest quarter.

The second thing the street has wrong is what the 22 July 2026 sell-off meant. The shares fell 6.9% on a day the company beat on both sales and earnings, raised its outlook, reported record orders up 27% and reported a record backlog - and the decline was attributed to the simultaneous announcement of the $1.4 billion Astrodyne TDI acquisition. Investors reacted to the cheque, not to the business. We think the objection is legitimate in direction but overstated in size: Astrodyne is about 5.6 times its 'more than $250 million' of annual sales, essentially the same price paid for Richards Manufacturing in fiscal 2025, and Richards is running ahead of plan with the energy business growing 33% organically. Paying roughly 16 to 17 times for assets while your own shares trade at 14 times is a genuine value leak, but it applies to about $1.4 billion against a $62.6 billion market capitalisation.

The third disagreement is with the sell side's own arithmetic. The published price targets are stale and internally inconsistent: the consensus is $253 and the twelve-month average is $261, but the two freshest targets published on 23 July 2026 - immediately after the print - were $241 and $225, both set when the shares were near $198. Analysts cut their targets the day after a beat-and-raise with record orders. That is a group anchoring to the acquisition headline rather than to the order book.

Where we do not disagree with the market, and where we part company with the bull case: the price. Our reconstructed fair value of $244 is only about 13% above the current $215.87. The consensus target of $253 is not obviously wrong - it is roughly where our own work lands. This is a case of the market misunderstanding the character of the business while pricing the shares approximately correctly, which is an unsatisfying but honest conclusion.","This is an excellent business at an approximately fair price, and the discipline of this committee is to say so rather than to talk itself into the trade.

What the evidence establishes beyond argument: TE Connectivity is compounding revenue at about 15% with adjusted earnings per share up 22% in the June-2026 quarter, orders up 27% to a record $5.7 billion, a book-to-bill of 1.1 and a record backlog, operating margins expanding 90 basis points year over year to 22.0%, free cash flow of $3.64 billion over the last twelve months, net debt under one times operating cash earnings, and a management team that has guided and beaten both sales and earnings four quarters running while holding its chief financial officer's 'roughly 30% flow-through' promise under repeated analyst challenge. The forensic file is clean. The moat is wide and widening, evidenced by rising returns on capital and coordinated industry pricing rather than by assertion.

What the evidence also establishes: at $215.87 the shares are only about 13% below our reconstructed fair value of $244, while a coherent adverse case - a pause in data-center spending, an auto downturn toward 80 million units, and record copper at roughly $14,000 per tonne compressing a pass-through that has already cost 1.6 points of gross margin in two quarters - carries the shares to about $135. Those three risks are not independent; they arrive together. Accepting nearly 40% of downside for 13% of upside is not a decision this committee should make, however good the company is.

So the correct call is to wait, with a named level rather than a vague hope for weakness. The shares traded near $198 on 23 July 2026, the day after a beat-and-raise, because the market objected to a $1.4 billion acquisition; the 52-week low is $190. In the $185 to $195 region the same fair value and the same adverse case produce a balanced trade, and below roughly $180 the asymmetry turns clearly favourable. The alternative trigger is informational rather than price-based: if the fourth-quarter report in late October delivers a fiscal-2027 outlook at double-digit sales growth with adjusted earnings guided near $13 per share while gross margin stabilises above 35%, the peak-earnings objection is answered and paying up becomes defensible.

Two points of nuance worth carrying forward. First, the value case and the timing case genuinely diverge here, and we have scored them separately. On the business and the forensics alone this is close to the best-quality name in the electrification chain and it trades at a 30% to 40% discount to its closest comparable companies - that deserves a high value score. On entry timing, at a price this close to fair value with correlated risks live, it does not deserve a high conviction score. Second, do not be seduced by the relative-value argument in isolation: Amphenol at 24 times and Eaton at 32 times operating cash earnings are themselves priced for continued acceleration in artificial-intelligence capital spending. If that assumption breaks, the peer multiples fall toward TE Connectivity rather than the reverse, and the discount that looks like a margin of safety today would simply have been an accurate assessment of a more cyclical mix.

One last piece of honesty about the character of this position. Buying TE Connectivity is, to a greater degree than the two-segment reporting suggests, an underwriting of hyperscaler capital spending - Digital Data Networks and the energy business now share that single demand driver, and management said as much in July 2026. The automotive half is a stabiliser, not a diversifier, and it grew only 6.7%. Size accordingly if and when the price comes to you.",5,STRENGTHENING,"# TE Connectivity plc (TEL) — Forensic Interrogation

**Prepared 2026-08-04.** Transcripts reviewed: fiscal Q3 2025 (2025-07-23), Q4 2025 (2025-10-29), Q1 2026 (2026-01-21), Q2 2026 (2026-04-22), Q3 2026 (2026-07-22). Share price used throughout: **$215.87 (US dollars, NYSE, 2026-08-04)**.

---

## 1. Narrative arc

Five quarters ago TE Connectivity told a story about a portfolio that had been *repositioned*. Today it tells a story about a company sitting in front of a spending wave. That is a real escalation, and — unusually — the numbers escalated with it rather than behind it.

The July-2025 framing was defensive-adjacent: management kept reminding listeners that its wins came from ""the strategic positioning of our portfolio and the investments that we've made,"" and it spent as much time on regional auto softness as on growth. Artificial-intelligence revenue was a proof point, not a pillar: ""AI revenues last year was $300 million. We now expect our revenue from artificial intelligence applications to be above $800 million in this fiscal 2025 year.""

By October 2025 the pillar had arrived. The company reported over $900 million of AI revenue, ""tripling our AI sales versus the prior year,"" and Industrial Solutions grew 34% in the quarter. By January 2026, after a November Investor Day, the language changed again — management started describing a *model* rather than a set of wins: co-creation engineering with customers, a localized supply chain, and a through-cycle growth target of ""6 to 8 points of annual average growth"" that they immediately said they would exceed.

The July-2026 call is the widest claim yet: ""We are at the intersection of the largest technology and infrastructure investment cycle that's taking place around the world."" Note the word *cycle*. In the same paragraph management credits ""both secular growth trends as well as positive cyclical market inflections."" That is a quiet piece of honesty — they are telling you part of this is a cycle, and cycles turn.

**What was added.** Energy was re-framed from a grid-hardening niche into a second AI business: ""Our AI opportunity extends beyond the rack. Data center build-outs are driving significant investment across the power infrastructure."" Defense went from a routine line item to a named inflection (""defense is growing faster than commercial air right now, which is a little bit different than you would've thought about TE maybe 10 years ago""). Optical connectivity entered the story in April 2026 via the RAM Photonics acquisition.

**What was quietly de-emphasized.** Electric-vehicle content, which used to be the transportation headline, has been folded into a broader ""content growth"" story balanced across data connectivity, e-mobility and electronification. That is not evasion — it is a defensible response to slower Western EV adoption — but a reader who bought TE Connectivity in 2023 for electric-vehicle content should notice that the driver has been substituted, not delivered.

---

## 2. Claims versus the financials

| Management claim | Where and when | What the numbers show | Verdict |
|---|---|---|---|
| Double-digit sales and earnings growth will continue | Every call, Q3 FY25 onward | Revenue grew from $4.53B (June-2025 quarter) to $5.16B (June-2026 quarter), +14%. Fiscal-2026 guidance is ~15% sales growth to roughly $19.9B and over 20% adjusted earnings growth. | **Matches** |
| Margins are expanding | Q3 FY25 onward | Adjusted operating margin 20.0% (June-2025 quarter) to 22.0% (June-2026 quarter), +90 basis points year over year in the latest quarter. Industrial Solutions is at 22.8%, Transportation at 21.0%. | **Matches** |
| ""Roughly 30% incremental flow-through"" | Heath Mitts, every call without exception | The June-2026 quarter ran at about 36% incrementals — above the promise, on the analyst's own arithmetic, and management did not dispute it. | **Better than claimed** |
| Cash conversion over 100% | Q3 FY25, Q4 FY25 | Trailing-twelve-month free cash flow $3.64B on $19.15B of revenue — a 19% free-cash-flow margin. Fiscal-2025 free cash flow exceeded $3B; fiscal-2026 year-to-date is $2.2B with $883M in the June quarter. | **Matches** |
| Order momentum supports future growth | Q4 FY25 onward | Orders rose $4.5B → $4.7B → $5.1B → $5.3B → $5.7B across five consecutive quarters. Book-to-bill (orders divided by sales) is 1.1 both in the quarter and year-to-date. | **Matches** |
| AI revenue reaching $3B | Investor Day, November 2025 | Reached on an annualized run-rate basis by the June-2026 quarter, ahead of schedule: ""the $3 billion we laid out, we're ahead of, and that has continued to shift left."" Digital Data Networks orders are up over 70% year-to-date. | **Better than claimed** |
| Balance sheet strength funds the strategy | Q3 FY25 | Net debt $4.39B against roughly $4.85B of trailing EBITDA (earnings before interest, tax, depreciation and amortization) — under 1.0 times. Genuinely conservative. | **Matches** |

**Where the story is richer than the trajectory justifies.** One place only, and it is at the gross-profit line. Gross margin was 37.2% in the December-2025 quarter, 36.8% in March-2026, and 35.6% in June-2026 — down about 1.6 percentage points in two quarters while revenue grew. Management's own explanation from the October-2025 call covers it: ""in certain pieces of the business that are passing on a little bit more tariff pricing, that tariff pricing and the revenue that comes from that does not include any margin behind it."" The same mechanic now applies to copper, which reached roughly $14,000 per tonne on the London Metal Exchange on 4 August 2026, an all-time high. Pass-through revenue with no profit attached mathematically dilutes the gross margin percentage. The operating margin still expanded, so this is dilution, not deterioration — but anyone reading ""expanding margins"" as ""expanding gross margins"" is reading it wrong right now.

**The one number that contradicts a house metric.** Our deterministic screen labels the gross-margin trajectory as *expanding*, with a three-year gain of about 3 percentage points. Against the company's own reported figures that is correct on a multi-year view (roughly 34.0% in the September-2024 quarter to 35.6% in the June-2026 quarter) and correct year over year (35.3% to 35.6%), but it **disagrees with the last two quarters**, which compressed. Both facts are true and both belong in the file.

---

## 3. Tone and confidence trajectory

**Rising, steeply, and with more specificity rather than less.**

- **July 2025** — confident but hedged with regional caveats: ""The global auto market remains uneven by region."" Guidance was given to the quarter only.
- **October 2025** — the first unqualified superlative: ""quarterly and full year records for sales, earnings and free cash flow in what continues to be an uneven macro environment."" Still paired with the macro hedge.
- **January 2026** — the tone becomes structural. Management commits to a numeric through-cycle target and then immediately exceeds it: ""we outlined a long-term through-cycle target of 6 to 8 points of annual average growth. With the momentum that we're seeing, we expect to deliver growth in fiscal 2026 that is ahead of this target.""
- **April 2026** — a hard forward number, volunteered: ""Last year, we delivered $1.4 billion of growth as a company. And this year, we expect to deliver well over $2 billion of growth.""
- **July 2026** — that number was raised again to ""more than $2.5 billion of incremental revenue,"" and the macro hedge is gone entirely from the opening remarks.

The movement is decisively from defensive to offensive. In 2025 the recurring words were *localization*, *resilience*, *uneven*. In 2026 they are *momentum*, *record*, *backlog*, *inflection*. Critically, the confidence is attached to falsifiable numbers — order levels, backlog, a dollar figure for incremental revenue — not to adjectives. That is the kind of confidence that can be checked, and so far it has checked out.

---

## 4. Guidance credibility

**Four for four, on both lines, with a consistent and deliberate sandbag.**

| Guided on | For the quarter | Sales guided | Sales delivered | Adjusted EPS guided | Adjusted EPS delivered |
|---|---|---|---|---|---|
| 2025-07-23 | Q4 FY25 | $4.55B | $4.75B | ~$2.27 | $2.44 |
| 2025-10-29 | Q1 FY26 | $4.5B | $4.67B | ~$2.53 | $2.72 |
| 2026-01-21 | Q2 FY26 | $4.7B | $4.74B | ~$2.65 | $2.73 |
| 2026-04-22 | Q3 FY26 | $5.0B | $5.16B | ~$2.83 | $2.94 |

Every quarter beat on both revenue and adjusted earnings per share, and the earnings beat has been remarkably stable at roughly 8 to 19 cents. This is a textbook sandbagging pattern — management guides to a number it is confident of clearing and clears it. That is a virtue for a director's purposes (the guide is a floor, not a coin flip), but it means the fourth-quarter guide of approximately $5.25 billion and $3.05 should be read as a floor of roughly $3.05 to $3.15, and the market almost certainly reads it that way too. Do not underwrite the beat as if it were free upside.

**Reliability: High.** One qualification. Beginning in fiscal 2026 the company changed its non-standard earnings definition to exclude the amortization of acquired intangible assets, which mechanically raises reported adjusted earnings per share. To their credit they recast fiscal 2024 and 2025 for comparability, filed the recast in a regulatory 8-K filing the same morning, and flagged it in the opening remarks — and standard accounting earnings per share in the June-2026 quarter still grew 19% to $2.55. The change is disclosed and does not hide anything, but a definition change made at the start of the best growth year in a decade is worth naming.

---

## 5. Analyst pressure points

**Incremental margins — pushed every single quarter, and management's answer held.** William Stein (October 2025): ""margins are a little bit disappointing from a [modelling] perspective. Is there something dragging on profitability today?"" Shreyas Patil returned to it in three separate calls. Mitts never moved off the ""30% flow-through"" anchor, and by July 2026 the answer was simply arithmetic: 36% in the quarter. This is the strongest credibility marker in the file — an analyst-contested, falsifiable, repeated commitment that was ultimately delivered.

**Book-to-bill of 0.96 — deflected in October 2025, and the deflection was vindicated.** Asiya Merchant calculated it and asked whether investors should focus on it. Curtin redirected to seasonality: ""you have factories that shut down around holidays in the western part of the world... it's almost like we have 1 less week of business."" Book-to-bill then printed 1.1, 1.12 and 1.1 in the three quarters that followed. The deflection was correct.

**The optical gap — pushed for three consecutive quarters, and here the story got *poorer*, not richer.** In April 2026 Colin Langan asked directly what TE loses if a customer switches from copper to fibre. Curtin's answer was rhetorical: ""it's not going to be an or, it's going to be an end between copper and fiber... And that word, while it's a simple word... the end is the most important."" Three months later, under pressure from Shreyas Patil, the answer became concrete and considerably less comfortable: ""we are not a major player in scale-out. When you think about scale-out, which is almost all optical today, we have a limited position there.""

That is the single most important admission in five calls. It is honest, and it should be credited as honesty — but it confirms that the fastest-growing architecture layer in AI networking is one where TE Connectivity is not a leader, and that the RAM Photonics acquisition is a foothold rather than a position. The offsetting disclosure, also new in July 2026, materially softens it: ""probably one-third of what we do in AI is power connectivity, whereas two-thirds is data."" Power connectivity is indifferent to whether the signal travels on copper or glass.

**Market share against the leader — acknowledged without dispute.** Shreyas Patil (October 2025): ""One of your competitors appears to be quite a bit ahead on revenue, maybe 3x the revenues that you're doing... do you see TEL as sort of a firm #2 over time?"" Curtin did not contest the three-times figure and answered on technology inflections instead. TE Connectivity is the number-two player in AI interconnect and management has effectively conceded it.

**What analysts are *not* pressing on, and should be.** Nobody on any of these five calls asked what return the company is earning on nearly $4 billion of acquisitions completed or announced in two years, or why it is buying assets at a higher valuation than its own shares carry. That is the gap in the questioning, and section 6 prices it.

---

## 6. Red flags and green flags

### Concerning

🔴 **Buying growth at a higher price than its own stock.** Richards Manufacturing cost $2.3 billion in fiscal 2025 for roughly $400 million of annual sales — about 5.8 times revenue, or roughly 16 times operating cash earnings on the mid-30% margin management guided to. On 22 July 2026 the company signed for Astrodyne TDI at approximately $1.4 billion for ""more than $250 million"" of annual sales — about 5.6 times revenue, on the same arithmetic. That is nearly $4 billion deployed in two years at roughly 16 to 17 times operating cash earnings, while TE Connectivity's own shares change hands at about 14 times. Buying other people's assets for more than the market charges for your own is only value-creating if the synergies are real; the burden of proof sits with management, and it has not been quantified on any call.

🔴 **The market voted against the latest deal, hard.** Shares fell 6.9% on 22 July 2026 — the day of a beat on both lines, a raised outlook, record orders and a record backlog. The selling was attributed to the Astrodyne announcement rather than the results. When a stock falls seven percent on unambiguously good news, the disagreement is about capital allocation, not about demand.

🔴 **Copper is a cost, not a tailwind — and it is at an all-time high.** Copper reached roughly $14,000 per tonne on 4 August 2026. For a connector manufacturer this is pure input inflation. Management is candid about feeling it (January 2026: ""as the spot market goes up, we feel that... yes, we're feeling it right now"") and claims fast pass-through, which the industry appears to be executing — reports point to a further round of connector price increases from Amphenol, Molex and TE effective July 2026. But pass-through revenue carries no profit, which is precisely why the gross margin has compressed 1.6 points in two quarters.

🔴 **A structural gap in optical scale-out, now admitted** (see section 5).

🔴 **Demand concentration in a single customer class.** Curtin, October 2025: ""the bigger driver of growth for us is the hyperscalers that have their custom TPUs and GPUs."" Digital Data Networks orders are up over 70% year-to-date and the energy business is now explicitly levered to the same data-centre build-out. More of this company depends on one spending decision by a handful of buyers than the two-segment reporting structure suggests.

🔴 **Insider open-market behaviour gives no support.** Zero open-market purchases against 37 sales totalling 115,317 shares. This is ordinary for a large company where executives are paid in stock, and it is not evidence of anything wrong — but it is also not the insider buying you would want to see if the shares were as mispriced as the relative valuation implies.

🔴 **The non-standard earnings definition changed at the start of the best year** (see section 4).

### Positive

🟢 **Four consecutive quarters beating both guided lines**, with a stable and modest beat size — the mark of a management team that controls its own forecast.

🟢 **Orders up 27% year over year to a record $5.7 billion**, book-to-bill of 1.1 both in-quarter and year-to-date, and a record backlog that management explicitly ties to fiscal 2027 visibility. This is the single most durable fact in the file: order intake, unlike revenue, is a leading indicator, and it has risen for five straight quarters across every business and every region.

🟢 **The Industrial margin repair is extraordinary and real.** Adjusted operating margin in Industrial Solutions expanded by roughly 400 basis points (June-2025 quarter), 300 basis points (September-2025), 500 basis points (December-2025), reaching 22.8% by June 2026. This is not mix flattery — it survived through a period of heavy acquisition integration.

🟢 **Transportation delivered 21.0% adjusted operating margin into a flat-to-declining global auto market.** Global auto production is guided at roughly 88 million units, ""down slightly,"" with Western regions declining. Holding above 20% margins in that environment is genuine operating execution and is the least-appreciated fact in this file.

🟢 **The AI ramp beat its own public target early.** From $300 million (fiscal 2024) to over $900 million (fiscal 2025) to a $3 billion annualized run rate by mid-2026, ahead of the Investor Day schedule.

🟢 **Cash returns are disciplined and consistent.** Roughly 100% of free cash flow returned to shareholders in fiscal 2026 year-to-date, a 10% dividend increase approved in the March-2026 quarter, and diluted share count down from 305 million to 293 million over seven quarters.

🟢 **Localization turned a tariff threat into an advantage.** Over 70% of production is localized in the region of sale, which management describes as ""a differentiator with our customers"" — and the revenue and order data across five quarters support that rather than contradict it.

---

## 7. Hidden signals

**The word ""cycle"" appeared, and it was management who added it.** For four quarters everything was a ""secular growth trend."" In July 2026 the framing became ""both secular growth trends as well as positive cyclical market inflections."" A management team that inserts the word *cyclical* into its own bull case while orders are at a record is not spinning — it is inoculating. Read it as a real signal about how they see the durability of the current run rate.

**Energy was quietly reclassified as an AI business.** The July-2026 line — ""Our AI opportunity extends beyond the rack. Data center build-outs are driving significant investment across the power infrastructure"" — widens the addressable market and is fair. It also means the two fastest-growing businesses in the company now share one demand driver. Diversification on the segment chart, concentration in reality.

**The competitive statement got noticeably harder.** On 800-volt data-centre architectures Curtin said something he has not said before: ""I don't see new entrants coming in because this is a simultaneous equation of trade-offs and constraints between the data and the power equation when you're at the rack. Our customers really like somebody that understands both the power chain and the signal chain."" That is a specific, mechanism-based claim about why the moat holds — far more useful than a generic technology-leadership assertion, and it is testable.

**The chief financial officer's constant.** Mitts has repeated ""roughly 30% flow-through"" on every call in this file, in almost identical words, under repeated challenge. Executives who keep a single falsifiable number stable across five quarters of changing conditions are usually running the business to it. He has now beaten it.

**The disclosure that most changes the risk picture** is the one-third power / two-thirds data split of AI revenue, volunteered in July 2026. It converts an all-or-nothing copper-versus-optical debate into a question about two-thirds of a business — and even there management argues the copper addressable market keeps growing because power density inside the rack keeps rising.

---

## 8. Capital-allocation verdict

**Trajectory: STRENGTHENING.**

Every operating measure that matters is moving the right way and has been for five quarters: revenue, orders, backlog, book-to-bill, segment operating margins in both segments, free cash flow, share count. Management guides conservatively and beats consistently. The confidence is expressed in numbers, and the numbers arrive. There is no forensic red flag in the accounting, no working-capital games (the cash conversion cycle is stable near 90 days), no leverage problem (net debt under one times earnings before interest, tax, depreciation and amortization), and no evasion under repeated analyst pressure — including on the one question where the honest answer was unflattering.

**The single most important thing the director must weigh before sizing.** Not the business — the price and what it embeds. At $215.87 the shares carry about 14 times enterprise value to trailing operating cash earnings and roughly 19 times this fiscal year's adjusted earnings, a wide discount to Amphenol at about 24 times and Hubbell at about 21 times on the same basis. That discount exists because just over half of revenue has been automotive, which the market values at half the multiple. But the mix crossed over in the June-2026 quarter: Industrial Solutions and Transportation Solutions each printed exactly $2.58 billion of sales for the first time, and Industrial is growing at three times the rate of Transportation. The entire investment case is whether the market re-rates the mix as it shifts — and against that, the buyer is underwriting hyperscaler capital spending, at a record-high copper price, in a stock the peer group has already bid.

### Economic moat

**Type: switching costs reinforced by scale.** Connectors are qualified into a customer's architecture years before volume production; TE Connectivity's own description is a ""co-creation engineering model"" in which its engineers sit inside the customer's design. Displacing an incumbent connector means requalifying the platform. Layered on top is manufacturing scale — over 70% localized production — which is a genuine cost and service advantage that smaller competitors cannot fund.

**Width: WIDE. Trend: WIDENING.** The evidence is in the returns, not the rhetoric. Adjusted operating margin rose from 20.0% to 22.0% year over year while revenue grew 14%; Industrial Solutions margins expanded 300 to 500 basis points in four consecutive quarters; return on invested capital is about 13.6%, return on equity about 23.2%, and return on tangible assets about 18.2% — all rising, not falling. Expanding profitability on rapidly growing volume in a supply-constrained niche is the definition of pricing power, and the July-2026 industry-wide price increases moving in lockstep across the three largest suppliers is oligopoly behaviour, not commodity behaviour. The one qualification, stated plainly: gross margin has compressed 1.6 points over the last two quarters on zero-margin copper pass-through. That is an input-cost artifact rather than share loss, and the operating line proves it — but if gross margin keeps falling while copper stabilizes, this judgement changes.

**Secular threat: manageable — but name it precisely.** The credible structural threat is the migration of AI interconnect from copper to optical. If scale-up networking inside the rack goes optical the way scale-out already has, TE Connectivity's largest growth engine is displaced by a technology in which management has just admitted ""we have a limited position."" Three things keep this at manageable rather than material. First, one-third of AI revenue is power connectivity, which is technology-agnostic and growing as rack voltages rise toward 800 volts. Second, management's copper addressable-market argument is mechanically sound — higher power density means more copper inside the rack even as data moves to glass. Third, they have bought a foothold (RAM Photonics, April 2026) rather than ignored the problem. The rest of the portfolio — automotive content, grid hardening, defence — faces no analogous displacement; if anything the energy transition and defence rearmament are structural tailwinds.

**Is the cheapness a mispricing or a trap?** A mispricing, not a trap. The base is growing at 15% with a record backlog and expanding returns; a value trap requires a shrinking base. The discount is a mix discount on a mix that is actively changing. The honest caution is that a mispricing you have to pay 19 times forward earnings for is a modest one, and the copper and hyperscaler-capex exposures are live.

CREDIBILITY_SCORE: 5 | TRAJECTORY: STRENGTHENING | MOAT: WIDE | MOAT_TREND: WIDENING | SECULAR_THREAT: manageable
"
4,GEV,Utilities,82,power_for_ai; electrification_grid,power_for_ai,,equipment_services,"Gas and steam turbines, wind turbines, and grid transmission equipment - transformers, switchgear and high-voltage direct-current systems - that generate and move electricity","Power-generation and grid-equipment maker (gas, steam and wind turbines plus high-voltage transmission equipment, transformers and switchgear); also co-developing a small modular reactor with Hitachi - it sells the hardware that delivers firm electricity and grid capacity, and is not itself a power producer","GE Vernova sells the two scarcest physical things in the electricity build-out, heavy-duty gas turbines and grid equipment, into a three-firm field where it holds much the largest installed base - and it is now selling that scarcity at visibly rising prices.","Gross margin widened about 100 basis points to 21.3% in the June 2026 quarter while revenue grew 21.9% to $11.10 billion, and management said in April 2026 that 2026 turbine orders are being priced 10 to 20 points higher per kilowatt than late-2025 orders. The honest caveat is the level rather than the direction: the trailing operating cash profit margin of 20.9% is only the 62nd percentile of an eight-company peer group, so this is scarcity pricing arriving rather than a top-band margin already earned. A 10% move in natural gas shifts free cash flow about 2.4%, and it works against the company when gas is dear and turbine buyers hesitate.","Backlog reached $176 billion at 30 June 2026, up $13 billion in a single quarter and about 3.8 times expected 2026 revenue, with $24.2 billion of orders against $11.1 billion of revenue - orders taken at 2.2 times revenue billed. Gas turbines under contract went from 46 gigawatts entering 2025 to 83 leaving it, to 100 at the end of March 2026 and 116 at the end of June, with at least 125 targeted by the end of this year. This is the deepest and best-priced order book in the slate.","Net cash - borrowings sit 0.85 times operating cash profit below zero - and six points of margin were added to the equipment backlog during 2025, eleven of them in the power business, which is the discipline test that matters for an order book taken during a boom.","Reconciled value $880 a share against $1,019.74 - about -13.7%, so the guard takes a real deduction and this is deliberately the smallest position in the book at 0.30 units.",0.2094,q2_below_median,0.024,Expanding on rising revenue: gross margin 20.3% in the second quarter of 2025 to 21.3% in the second quarter of 2026 (about 100 basis points) while revenue grew 21.9% to $11.10 billion; the company's own adjusted operating cash profit margin widened 340 basis points organically to 11.3% in the same quarter.,0.1296,,-0.1,NGUSD,-0.85,0,strong,False,False,False,"{""power_for_ai"": ""NEUTRAL"", ""electrification_grid"": ""NEUTRAL""}","Both chains read neutral. That matters here because the whole position is a bet on an order book already signed at fixed prices; a neutral cycle read means we are underwriting delivery and margin conversion, not a further upturn in ordering.",,,-13.7,,EXCLUDE_ELIGIBILITY,hyperscaler-ppa; datacenter-capex; global-growth-industrial-capex; long-duration-multiple,42.87,0.3,14.29,True,2 tranches / 2 wks,690.0,540.0,B,3,SOFT_EXTENDED,$880 per share,"Base case values the parts on 2028 earning power of about $10.0 billion of EBITDA — the December 2025 plan of $56 billion of revenue at a 20% margin ($11.2 billion) largely delivered but a notch light — at multiples anchored on the true competitor set rather than on the momentum in the shares. Power (gas turbines, the service annuity, nuclear and steam) about $5.6bn of EBITDA at 21 times = $117.6bn, roughly $439 a share. Electrification (transmission, grid systems, grid automation and Prolec transformers) about $4.0bn at 24 times = $96.0bn, roughly $358 a share; the multiple sits between Hubbell at 21.4 times trailing and Eaton at 31.9 times. Wind about $0.5bn at 8 times = $4.0bn, roughly $15 a share, reflecting a segment that only reaches breakeven-plus after the offshore backlog is worked off. Small modular reactor and nuclear franchise carried as a partial option at $6.0bn, roughly $22 a share — real progress at Darlington and Clinch River but no dated commercial revenue. Add net cash of $9.2bn ($34 a share) and subtract $1.2bn of minority interest (about $4 a share). Total roughly $232bn of equity value, or about $865 a share on 268 million diluted shares; rounded to $880 to allow for continued share retirement. Sanity check against the peers: at $880 the enterprise would trade near 21 times 2028 EBITDA, against Siemens Energy at 23.9 times, Hubbell at 21.4 times, Eaton at 31.9 times and BWX Technologies at 33.1 times on trailing figures — reasonable for a business whose 2028 numbers are still a plan rather than a result. At the live price of $1,019.74 the market is instead paying about 23.5 times the 2028 target and roughly 60 times clean trailing EBITDA of $4.4 billion.","Unfavourable at the current price. The shares trade at $1,019.74 against a base-case sum-of-the-parts fair value of about $880, so there is no margin of safety to buy — the base case sits below the market, not above it. The favourable case reaches roughly $1,300 only by capitalising 2029 earning power at premium peer multiples; the single adverse number is $540, with a deeper regime-break tail near $370. The distribution is therefore skewed against the buyer here: modest upside that requires the plan to be beaten and re-rated, against a downside that only requires the order-and-deposit machine to slow. The attractive entry is closer to the 200-day average around $836, which is also where the base-case parts calculation lands.","ENR.DE, 7011.T, ETN, HUBB, NVT, POWL, BWXT","GE Vernova sells the two scarcest physical things in the electricity build-out — heavy-duty gas turbines and grid equipment — into a three-firm oligopoly where it holds by far the largest installed base. The order book is not a forecast, it is signed: total backlog reached $176 billion at 30 June 2026, up $13 billion in a single quarter and equal to about 3.8 times expected 2026 revenue, with orders of $24.2 billion against $11.1 billion of revenue, a book-to-bill of 2.2 times. Gas turbines under contract have gone 46 gigawatts entering 2025, to 83 leaving it, to 100 at the end of March 2026, to 116 at the end of June, with at least 125 targeted by year-end. Crucially the growth is being sold at rising prices: management guided 2026 orders 10 to 20 points higher per kilowatt than the fourth quarter of 2025, and the accounts confirm it — gross margin widened about 100 basis points year over year on 22% more revenue, and the company added six points of margin to its equipment backlog during 2025, eleven of them in Power. Because these are three-to-five-year cycle products, almost none of that better-priced work has been delivered yet; management has said the higher-margin 2024 and 2025 orders do not begin converting to revenue in force until 2027. The second leg is the service annuity. Services were over 60% of backlog, the power services book alone is $70 billion, and there were 231 gas units on order in April 2026 with more than 100 not yet commissioned — every one of them attaches a decades-long service contract with material-cost escalators built in. Strazik's phrase for it, ""a financial floor of demand,"" is accurate. Third, the grid business is compounding faster than the turbine business: Electrification revenue guidance was raised twice this year to $14.5–15.0 billion at an 18% EBITDA margin, data-centre orders exceeded $5 billion year to date versus roughly $2 billion in all of 2025, and the Prolec transformer acquisition closed in February 2026 at about seven times EBITDA — a genuinely cheap price for the most supply-constrained product in the grid. Fourth, there is unpriced nuclear optionality: the first small modular reactor in construction in North America is pouring its foundation at Ontario Power Generation's Darlington site, the Nuclear Regulatory Commission is expected to issue the Clinch River construction licence as soon as 2026, and the US and Japanese governments announced up to $40 billion for GE Vernova Hitachi units. Fifth, the balance sheet funds all of this without dilution — $13.1 billion of cash against $4.0 billion of debt, roughly $9.2 billion net cash, $3.9 billion returned to shareholders in the first half of 2026 alone. If management delivers the December 2025 plan of $56 billion of revenue at a 20% EBITDA margin by 2028, and the market still pays a grid-and-power multiple for it in 2029, the shares work from here. The conditions that must hold: data-centre and utility capital spending must not digest; the roughly 72 gigawatts sitting in slot reservation agreements rather than firm backlog must convert; the factory ramp to 20 gigawatts of annual output in the third quarter of 2026, then 24 in 2028 and 30 in 2030, must land on schedule; and margins must actually travel from 12–14% this year to 20% by 2028.","The business is excellent and the price is the problem — and underneath the price there is a cash-flow illusion that very few holders have priced. Start with what the market is paying. At $1,019.74 the enterprise is worth about $264 billion (market value $271.6 billion, less $9.2 billion net cash, plus $1.2 billion minority interest). Against clean trailing EBITDA of roughly $4.4 billion that is about 60 times. Against 2026 guidance — $46 billion of revenue at the 13% midpoint, about $6.0 billion — it is roughly 44 times. Against the company's own 2028 target of $11.2 billion it is 23.5 times, which is exactly what Siemens Energy, the closest competitor with the same gas-plus-grid-plus-wind mix and its own net cash, trades at today on trailing numbers. In other words the shares already discount the full 2028 plan and a good deal of 2029, leaving the buyer paid only for the passage of time. Second, the cash flow is float, not earnings. Free cash flow of $5.1 billion in the second quarter of 2026 beat the roughly $1.2 billion expected, but it arrived with a $6.4 billion working-capital benefit from customer down payments on gas slot reservations. Across the trailing four quarters working capital contributed about $12.5 billion against $12.4 billion of free cash flow — more than all of it. Contract liabilities on the balance sheet stand at $39.9 billion. That is real cash sitting in the $13.1 billion cash balance, but it is customers' money held against equipment not yet built, and it only grows while order intake outruns deliveries. Management's own multi-year target says as much: the December 2025 investor update set cumulative free cash flow of at least $24 billion by 2028, and with 2026 alone now guided at $11.5–12.5 billion, that leaves roughly $6 billion a year for 2027 and 2028 — below 2026. Orders grew 88% organically last quarter; when that decelerates to merely strong, reported cash flow halves even if nothing goes wrong. Third, the order book is softer than the headline. Of 116 gigawatts under contract only about 44 are in formal backlog; the rest are slot reservation agreements, and management has said the classification is ""more our classification than the customers'"" — a deposit against a slot, forfeited on cancellation, not a delivery contract. Separately, 30 to 35 framework agreements have been under discussion for over a year with, in management's own words as of 22 April 2026, none closed to date. Fourth, commodities are input costs here, and the protection has a seam. Copper, grain-oriented electrical steel and turbine superalloys are bought, not sold; management says prices are locked with suppliers at order, with escalators only in long-term service contracts. That transfers the risk to suppliers across three-to-five-year lead times — and 2025 already carried $300–400 million of tariff and inflation cost. A 300 basis point squeeze on roughly $25 billion of equipment revenue is about $750 million, or 12% of 2026 EBITDA, and on fixed-price backlog there is no recovery mechanism. Fifth, one segment is genuinely impaired: US offshore wind activity was halted by federal action in December 2025, forcing a fresh Vineyard Wind accrual; Dogger Bank completion has slipped to run through 2027; and US onshore orders remain soft. Sixth, capital allocation shows one clear error — $3.6 billion of buybacks in 2025 and $3.9 billion in the first half of 2026, executed while the shares tripled and now roughly 92% above their 200-day average, with three insider sales and no open-market insider purchases. And there is no full-cycle record to appeal to: the company was spun out in April 2024 and has never been tested in a downturn. What confirms the bear: a quarter where gas order intake merely normalises and working capital stops adding, forcing reported free cash flow toward $1.5 billion; a 2027 guidance print near $6 billion of free cash flow at the December 2026 investor update; slot reservations lapsing rather than converting; or a data-centre capital-spending pause among the hyperscalers who account for about 20% of gigawatts under contract.","Favourable sum-of-the-parts (valuing each business line separately), built on 2029 earning power of roughly $13 billion of EBITDA on about $62 billion of revenue — the December 2025 plan hit on schedule and extended one year. Power (gas, nuclear services, steam) $7.2bn of EBITDA at 25 times = $180bn, a premium to Siemens Energy's 23.9 times trailing multiple justified by the larger installed base and the locked service annuity. Electrification (grid equipment plus Prolec) $5.5bn at 28 times = $154bn, between Hubbell at 21.4 times and Eaton at 31.9 times. Wind $0.7bn at 10 times = $7bn. Small modular reactor and nuclear franchise valued as an option at $15bn, roughly what BWX Technologies commands, reflecting Darlington under construction, the Clinch River licence and the US-Japan programme. Net cash built to about $12bn after buybacks; less $1.2bn minority interest. Total about $367bn, or roughly $1,370 a share on 268 million shares, discounted one year at 9% to about $1,255. Rounding to the visible 2029 case gives roughly $1,300 a share.","Adverse sum-of-the-parts, assuming the chain turns against an equipment maker: data-centre and utility capital spending digests, order intake halves, slot reservations lapse rather than convert, tariff and copper/electrical-steel inflation takes 300 basis points off equipment gross margin with no recovery on fixed-price backlog, and the down-payment float reverses as deliveries outrun new deposits. On 2028 revenue of $48bn with margins stalling near today's 13.5% rather than reaching 20% — about $6.5bn of EBITDA — and multiples de-rating to cycle-trough industrial levels: Power $3.9bn at 13 times = $50.7bn; Electrification $2.9bn at 16 times = $46.4bn; Wind carries negative value of about $1.5bn for the remaining offshore loss contracts and warranty exposure; the nuclear option goes to zero as pre-commercial; net cash haircut to $5bn because a large part of the $13.1bn cash balance is customer money against $39.9bn of contract liabilities, and the Prolec debt remains; less $1.2bn minority interest. Total about $99bn, or roughly $370 a share — the full regime-break tail. The nearer, more probable adverse path is a delay rather than a break: the 2028 plan lands two years late at about $7bn of EBITDA and the multiple compresses to 20 times, giving an enterprise value of $140bn plus $9.2bn net cash less $1.2bn minority, about $148bn or roughly $550 a share. The single adverse number carried forward is $540.","The market and this committee do not disagree about the business — we disagree about what the cash flow is and therefore what the shares are worth. Two specific street assumptions are factually wrong. First, the trailing figures being screened on are fiction. Trailing diluted earnings per share of $34.83 and a trailing EBITDA margin near 21% both embed a $3,992 million pre-tax gain on revaluing the previously held half of Prolec plus a $330 million Proficy disposal gain, both booked in the first quarter of 2026. Clean trailing EBITDA is roughly $4.3 to $4.4 billion, a margin near 10.5%, which is in line with the company's own 12% to 14% guidance and less than half the screened number. Any model, index screen or valuation heuristic anchored on the trailing print is anchored on a one-time accounting event. Second, and more consequential, the street is extrapolating a free-cash-flow run-rate that management has never claimed. Full-year 2026 free-cash-flow guidance was nearly doubled on 22 July 2026 from $6.5–7.5 billion to $11.5–12.5 billion, and the second quarter alone delivered $5.1 billion against roughly $1.2 billion expected. But that quarter carried a $6.4 billion working-capital benefit from customer down payments on gas slot reservations, and across the trailing four quarters working capital supplied about $12.5 billion against $12.4 billion of free cash flow — more than all of it. Contract liabilities stand at $39.9 billion. This is genuine cash, but it is prepayment float that grows only while order intake outruns deliveries. The company's own December 2025 multi-year target of at least $24 billion of cumulative free cash flow by 2028 implies roughly $6 billion a year in 2027 and 2028, below 2026. Where we most likely part company with the bulls is on what happens to the multiple when that arithmetic becomes visible. Where we part company with the bears is on the business itself: gross margin expanding about 100 basis points on 22% more revenue, with realised prices up 10 to 20 points per kilowatt, is pricing power in a supply-constrained niche and it is not in doubt. Note also that our base-case fair value of about $880 sits below the lowest fresh street target on file — $949 from Maheep Mandloi on 24 July 2026 — against a consensus of $1,256 and a high of $1,450. We are more bearish than the most bearish published analyst, and the reason is the composition of the cash flow rather than any doubt about the order book.","GE Vernova is one of the highest-quality industrial franchises available anywhere, and at $1,019.74 it is not an investment we should make today. Take the two judgements separately. On the business, the evidence is close to unambiguous. This is the scarce asset in the electricity build-out — a three-firm heavy-duty gas turbine oligopoly in which GE Vernova has by a wide margin the largest installed base, coupled to a grid-equipment business growing faster still. The order book is signed rather than forecast: backlog of $176 billion at 30 June 2026, up $13 billion in one quarter and equal to about 3.8 times expected annual revenue, with orders of $24.2 billion against $11.1 billion of revenue. Gigawatts of gas under contract have gone from 46 entering 2025 to 116 in June 2026. And the margin evidence confirms it is price, not just volume: gross margin widened about 100 basis points year over year on 22% more revenue, the adjusted EBITDA margin widened 340 basis points organically, six points of margin were added to the equipment backlog during 2025, and 2026 orders are being priced 10 to 20 points higher per kilowatt than three months earlier. Expanding margin on expanding revenue is a moat getting wider, not one being harvested. Management's record over five quarters is strong — every operational promise met or beaten early, bad news volunteered before analysts found it, a disciplined acquisition of Prolec at about seven times EBITDA, and a balance sheet carrying $9.2 billion of net cash. Two things must nevertheless be said plainly. First, the trailing numbers most screens are reading are not real: trailing earnings per share of $34.83 and a 21% trailing EBITDA margin both embed roughly $4.3 billion of one-time gains from revaluing Prolec and selling Proficy. Clean trailing EBITDA is about $4.4 billion. Second, the spectacular cash flow is customer prepayment float, not earnings: working capital supplied more than the whole of trailing free cash flow, contract liabilities stand at $39.9 billion, and the company's own multi-year target implies 2027 and 2028 run at roughly half the 2026 pace. Neither point is a fraud finding — the disclosure is honest and the cash is real — but both are essential to sizing. On valuation, the arithmetic decides it. The enterprise is worth about $264 billion, which is roughly 60 times clean trailing profit, about 44 times what 2026 guidance implies, and 23.5 times the company's own 2028 target — precisely what Siemens Energy, the closest comparable business, trades at today on trailing figures. Valuing the parts on 2028 earning power at multiples drawn from the actual competitor set gives about $880 a share. The favourable case reaches roughly $1,300 only by capitalising 2029 earnings at premium multiples; the adverse case is $540, with a regime-break tail near $370. We are, notably, below the lowest fresh published target on the street. The call is therefore to wait for the wash-out rather than to buy now, and the level is nameable: about $836, the 200-day average, which is also where the parts calculation lands and which would restore roughly the margin of safety this book requires. The events most likely to produce that level are already scheduled — the third-quarter result in late October 2026, when the promised 20 gigawatt output run-rate and the repeatability of the down-payment inflow are both tested, and the December 2026 investor update, when 2027 guidance must reconcile a $12 billion cash-flow year with a multi-year target implying $6 billion years after it. Nothing here is a reason to dislike the company. It is a reason to be patient with the price.",4,STRENGTHENING,"# GE Vernova (GEV) — Forensic Dossier

**Prepared:** 2026-08-04 · **Price used:** $1,019.74 (NYSE, US dollars, live quote) · **Market value:** about $272 billion · **Diluted shares:** roughly 270 million

Transcripts reviewed: five consecutive calls — Q1 2025 (23 Apr 2025), Q2 2025 (23 Jul 2025), Q3 2025 plus the Prolec acquisition call (22 Oct 2025), Q4/full-year 2025 (28 Jan 2026), and Q1 2026 (22 Apr 2026). Financials and the Q2 2026 result (reported 22 Jul 2026) verified separately against filings and company releases.

---

## 1. Narrative arc

The story has not shifted — it has compounded. Across five calls the same three sentences keep getting bigger numbers attached to them, which is the rarest and most valuable pattern in this sector.

**April 2025 — the setup.** Scott Strazik opened with ""the world is entering an era of accelerated electrification"" and a $123 billion total backlog. Gas turbines under contract stood at 50 gigawatts (a gigawatt is roughly the output of one large power plant). The stated goal was to reach ""over 60 gigawatts between backlog and reservation agreements"" by year-end and to hit 20 gigawatts of annual turbine output in the second half of 2026. Wind was already the problem child, and management said so plainly: offshore contracts ""running at losses,"" onshore orders ""light.""

**July 2025 — the second leg appears.** The narrative widened from gas to the grid. Strazik introduced synchronous condensers (equipment that stabilises voltage on a grid carrying a lot of intermittent wind and solar) as ""a credible $5 billion market opportunity a year,"" flagged Saudi and Middle East demand, and disclosed almost $500 million of data-centre orders in the first half against $600 million in all of 2024. He also volunteered the negative — ""weaker European HVDC orders in '25 ... some projects canceled or moving to the right as affordability challenges in EU becomes even more real."" Volunteering a cancellation is a credibility marker.

**October 2025 — capital deployed.** The company bought the remaining half of Prolec GE, its 30-year North American transformer joint venture, for $5.275 billion. Prolec was disclosed at roughly $3 billion of revenue at 25% margins on earnings before interest, tax, depreciation and amortisation (EBITDA) — that is about seven times EBITDA for the whole business, a genuinely disciplined price for a supply-constrained transformer maker.

**January 2026 — the numbers go vertical.** Total backlog $150 billion, up $31 billion in a year. Gas under contract jumped from 46 gigawatts entering 2025 to 83 leaving it. Equipment backlog grew about 50% with ""an incremental 6 points in equipment margin expansion."" The dividend doubled and the buyback authorisation went from $6 billion to $10 billion.

**April 2026 — the horizon pulls forward.** Backlog $163 billion; the $200 billion milestone moved from 2028 to 2027. Gas under contract 83 to 100 gigawatts. And the single most commercially significant line in five calls: 2026 orders would price ""10 to 20 points higher than our Q4 2025 orders on a dollar per kW basis."" That is a price increase, not a volume story.

**July 2026 (verified separately).** Orders $24.2 billion, up 88% organically; backlog $176 billion; gas under contract 116 gigawatts heading to ""at least 125"" by year-end; capacity ambition extended to 30 gigawatts by 2030. Full-year revenue guidance raised to $45.5–46.5 billion and cash-flow guidance nearly doubled.

Nothing has been quietly dropped. Offshore wind, the one genuinely bad business, has been discussed openly and repeatedly rather than buried.

---

## 2. Claims versus financials (forensic)

This is where the file earns its keep. Two of the deterministic screening inputs feeding this debate are materially wrong, and both err in the flattering direction.

| Management claim | The actual numbers | Verdict |
|---|---|---|
| ""Accelerating growth"" | Revenue $9.11bn (Q2 2025) to $11.10bn (Q2 2026), up 21.9% reported, 12% organic. Trailing-twelve-month revenue $41.4bn, up 13%. | Confirmed |
| Margins expanding | Gross margin 20.3% in Q2 2025 to 21.3% in Q2 2026, up about 100 basis points, on 22% more revenue. Company-reported adjusted EBITDA margin 11.3% in Q2 2026, up 340 basis points organically. | Confirmed — and this is the tell that the price increases are real |
| ""$150bn backlog,"" ""$176bn backlog"" | Backlog is 3.8 times expected 2026 revenue. Q2 2026 orders of $24.2bn against $11.1bn of revenue is a book-to-bill of 2.2 times. | Confirmed and unusually strong |
| Screener input: EBITDA margin 20.9%, net-debt-to-EBITDA −0.85 | **Both are artifacts.** Trailing EBITDA of $8.66bn includes a $3,992m pre-tax gain on revaluing the previously held half of Prolec (Q1 2026) plus a $330m gain on the Proficy sale. Strip them and clean trailing EBITDA is roughly $4.3–4.4bn, a margin near 10.5%, against the company's own 12–14% guidance for 2026. | **Disagree — the proxy overstates profitability by roughly two times** |
| Screener input: trailing diluted earnings per share $34.83 | Q1 2026 alone contributed $17.44 of it, almost entirely the Prolec revaluation. Q4 2025 carried a $2.57bn tax benefit. Underlying quarterly earnings run near $2.50 per share. | **Disagree — headline trailing earnings are roughly three times the operating reality** |
| ""Free cash flow of $5.1 billion"" in Q2 2026 | Verified, and four times the roughly $1.2bn the street expected. But it came with a $6.4bn working-capital benefit from customer down payments on gas slot reservations. Across the last four quarters, working capital contributed about $12.5bn against trailing free cash flow of $12.4bn. | Confirmed as cash — but **more than 100% of it is customer prepayment float, not earnings** |
| ""At least $24 billion cumulative free cash flow by 2028"" (9 Dec 2025 investor update) | 2026 alone is now guided at $11.5–12.5bn. That leaves roughly $12bn for 2027 and 2028 combined — about $6bn a year, *below* 2026. | The company's own multi-year target implies 2026 cash flow is pulled forward, not a run rate |

The honest summary: the operating story is better than the average industrial narrative, and the cash-flow story is weaker than the headline. Both statements are true simultaneously, and any screen reading trailing EBITDA or trailing earnings per share off this company right now is reading a number that does not exist.

---

## 3. Tone and confidence trajectory

**Rising, and specific rather than promotional.**

- Q1 2025: ""I am as confident and optimistic today as any day since our spin."" Paired immediately with a hard cost admission — tariffs ""$300 to $400 million in 2025.""
- Q2 2025: sober. Year-to-date wind losses of about $300 million disclosed unprompted, European HVDC cancellations disclosed unprompted, and a specific warning that only ""directionally 45% of next year's revenue"" in onshore wind was in backlog.
- Q4 2025: still balanced — ""on the negative, we have been impacted by the U.S. government halting of all offshore wind activity on December 22.""
- Q1 2026: the most confident call, but the confidence attaches to countable things — 100 gigawatts under contract, 280 machines installed in factories, 10 to 20 points of price.

The language has moved from offensive-with-caveats to offensive-with-receipts. What is notably absent is the promotional vocabulary that defines this sector's failures: no total-addressable-market slide substituting for orders, no ""transformational"" partnerships without dollars attached, no reliance on non-binding memoranda of understanding as evidence.

The one recurring rhetorical soft spot is the phrase ""a lot that we owe you"" — used repeatedly in mid-2025 to defer wind detail. That deferral was eventually honoured with real disclosure, but it is the pattern to watch.

---

## 4. Guidance credibility

**High.** Track the promises forward:

- **20 gigawatts of annual gas output in the second half of 2026** — promised April 2025, reaffirmed every quarter, and as of July 2026 confirmed on track for the third quarter of 2026 with 280 machines installed and roughly 1,500 production workers added.
- **""Over 60 gigawatts between backlog and reservation agreements"" by end-2025** — promised April 2025. Delivered 83 gigawatts. Substantial over-delivery.
- **""Approximately 100 gigawatts under contract in 2026""** — promised January 2026. Reached by 31 March 2026, nine months early, and 116 by June.
- **$200 billion backlog by 2028** — promised at the December 2025 investor update, pulled forward to 2027 four months later.
- **Electrification revenue ""$13.5 to $14 billion"" for 2026** — January 2026. Raised to ""approach $14.5 billion"" in April, then to $14.5–15.0 billion in July.
- **Wind** — the one place guidance has been repeatedly walked backwards. July 2025 promised the second half ""closer to breakeven""; the Vineyard Wind stop-work in December 2025 forced a fresh accrual; Dogger Bank completion slipped from ""a stub period"" to ""the four quarters of 2027.""

There is a mild sandbagging pattern — floors set low and beaten — which management essentially admitted in October 2025: ""like we've been managing with our core business, we're often trying to provide floors on day 1 and then to build off of them."" That is a stated policy, not a discovered deception, and it has held for five consecutive quarters.

**Reliability score: High**, with wind as the standing exception.

---

## 5. Analyst pressure points

**The orders-versus-slot-reservations question** is the one analysts keep returning to, and management's answer is unusually candid. Michael Blum (Wells Fargo, October 2025) asked why backlog growth is mostly slot reservation agreements rather than firm orders. Strazik: ""the orders classification to be candid is more our classification than the customers ... in many cases, they're providing us enough financial capital on day 1 that one could argue we could be booking these things as orders."" Ken Parks added that down payments are ""nonrefundable"" in both categories.

This cuts both ways and the committee should hold both edges. It is a genuinely conservative accounting choice — most promoters would book the reservation as an order. But it also means that of the 116 gigawatts under contract, only about 44 sit in formal backlog. The remaining roughly 72 gigawatts is customer money against a slot, not a delivery obligation with fixed terms. A cancellation there costs the customer a deposit, not a lawsuit.

**Framework agreements are the soft spot.** David Arcaro pressed on them in April 2026. Strazik: ""conversations continue on roughly 30 to 35 framework agreements, but we have not closed one to date."" These have been discussed ""for a period of time."" Thirty-five conversations and zero closings is exactly the kind of undated language that is worth nothing until one signs. To management's credit, they said so themselves rather than counting the pipeline.

**Gross margin dilution** was pushed by Andrew Obin (July 2025) — why are service gross margins declining? Parks answered ""a little bit of a mix issue, nothing there at all to be concerned about."" That was a partial non-answer at the time. The subsequent year has vindicated it: gross margin has since expanded.

**What analysts are not pressing hard enough on:** the composition of free cash flow. The $5.1 billion quarter was celebrated; the fact that it was a $6.4 billion working-capital inflow was not interrogated on the call. When order intake plateaus — and 88% organic order growth cannot repeat indefinitely — the float stops growing and cash flow converges toward earnings, which are roughly half the current pace.

---

## 6. Red flags and green flags

**Red flags**

- **Trailing headline numbers are optically inflated** (Q1 2026). A $4.3 billion package of one-time gains sits inside trailing EBITDA and trailing earnings per share. Any valuation anchored on those figures is anchored on nothing.
- **Cash flow is prepayment float** (Q2 2026). Working capital supplied more than the whole of trailing free cash flow. The company's own multi-year target implies 2027–2028 runs at roughly half the 2026 pace.
- **Buying back stock at the top** (2025 through 2026). $3.6 billion returned in 2025 and $3.9 billion in the first half of 2026, executed while the shares roughly tripled. Retiring stock near $1,000 after a 92% move above the 200-day average is the classic industrial-cycle capital-allocation error.
- **Insiders sell, never buy.** Three open-market sales totalling 12,452 shares, zero open-market purchases.
- **No full-cycle record.** GE Vernova was spun out in April 2024. There is no observable behaviour from this management team, in this configuration, through a downturn. The capital-discipline test has not been administered.
- **Only 44 of 116 gigawatts is contractual backlog.** The rest is deposit-secured slots.
- **Wind remains structurally impaired** — US offshore activity halted by federal action in December 2025, Dogger Bank completion pushed through 2027, US onshore ""remains soft"" as of April 2026.

**Green flags**

- **Price, not just volume** (April 2026). Orders priced 10 to 20 points higher per kilowatt than three months earlier, with gross margin confirming it in the accounts.
- **Equipment backlog margin up 6 points in 2025**, including 11 points in Power — the profit is locked in before delivery, and delivery of the best-priced orders does not even begin until 2027.
- **Services is the annuity.** Services were over 60% of backlog in early 2025; the power services book alone reached $70 billion. With 231 gas units on order and more than 100 not yet commissioned (April 2026), the installed base that generates decades of service revenue is still expanding rapidly.
- **Bad news arrives on time** — European HVDC cancellations, wind losses, and the offshore stop-work were all disclosed by management before analysts found them.
- **Disciplined acquisition.** Prolec at roughly seven times EBITDA, immediately accretive, in the single most supply-constrained product in the grid.
- **Balance sheet is genuinely strong** — $13.1 billion of cash against about $4.0 billion of total debt, roughly $9.2 billion net cash as of 30 June 2026, even after funding Prolec.
- **Operational proof rather than slideware** — reactor foundation being poured at Ontario Power Generation's Darlington site, 280 machines installed in gas factories, a transformer-tank process improvement cutting rework hours by nearly 70%.

---

## 7. Hidden signals

**""Higher for longer gas"" became ""more gas longer.""** In April 2025 Strazik framed a normalising market. By July 2025 the framing had inverted: the US tax bill was described as ""another bull case for gas"" because renewables incentives pull demand forward and leave a firm-power hole in the back half of the decade. The company now sells into both sides of that trade — turbines when gas wins, transformers and synchronous condensers when renewables win. That is the structural insight behind the whole position.

**The vocabulary shifted from capacity to scarcity.** Early calls talked about adding shifts and workers — ""quote-unquote easier stuff."" Recent calls talk about selling 2030 and 2031 slots and declining to cap intake where a competitor has. Joseph Ritchie (April 2026) noted a major competitor refuses orders beyond 2030; Strazik said GE Vernova will keep taking 2031 and beyond. The company is behaving like the scarce asset in the chain.

**""Financial floor of demand.""** Strazik's phrase in April 2026 for the installed-base service book. It is the most economically precise thing he has said: the moat is not the turbine, it is the multi-decade service contract that follows it.

**Commodity exposure is contractually transferred.** Asked directly (January 2026) how contracts handle rising input costs, Strazik: ""from when we take orders ... we lock in with the suppliers the price. So it's generally matched. The only exception ... is with our long-term service contracts, and those have material escalators."" This matters because copper, grain-oriented electrical steel and turbine superalloys are input costs here, never revenue. The protection is real but it is only as good as supplier solvency across three-to-five-year lead times.

**Robotics and artificial intelligence entered as productivity, not narrative.** Introduced in July 2025 with an explicit sequencing discipline — ""a business must get to standard work before investing in AI"" — and quantified by April 2026 as 13 process transformations going to 26 and ""tens of millions of dollars every year."" Small numbers, honestly sized. Promoters do the opposite.

---

## 8. Capital-allocation verdict (for the director)

**Trajectory: Strengthening.**

**The single thing to weigh before sizing:** this is an exceptional business at a price that already discounts the 2028 plan and most of 2029. Nothing in five quarters of transcripts or in the verified accounts undermines the operating story. What undermines the investment is arithmetic. At $1,019.74 the enterprise is valued near $264 billion. Against the company's own 2028 target of $56 billion of revenue at a 20% EBITDA margin — roughly $11.2 billion — that is about 23.5 times 2028 EBITDA, which is what Siemens Energy trades at *today* on *trailing* numbers. Against clean trailing EBITDA of roughly $4.4 billion it is about 60 times. The forward return is therefore the speed at which estimates roll forward, not a re-rating, and it is exposed to any quarter where the order and deposit machine merely slows.

**Economic moat: wide, and widening.** The moat type is a blend of scale-cost and switching-cost. Heavy-duty gas turbines are a three-firm global oligopoly, and GE Vernova has by a distance the largest installed base — ""when you have an exponentially larger installed base than the other OEMs"" is a factual statement, not a boast. Every unit shipped attaches a service contract measured in decades, with material-cost escalators built in. The evidence supports ""widening"" rather than merely ""wide"": gross margin up about 100 basis points on 22% more revenue, adjusted EBITDA margin up 340 basis points organically in the latest quarter, six points of margin added to the equipment backlog in 2025, and realised prices up 10 to 20 points per kilowatt. Rising returns on expanding margins is the signature of a moat getting wider, not a company harvesting one.

**Secular threat: manageable.** The obvious candidate is the energy transition, and it points the wrong way for the bear. GE Vernova sells the hardware for whichever path the world takes — gas turbines if firm power wins, transformers, switchgear and grid-stabilisation equipment if renewables win, and small modular reactors if nuclear restarts. The genuinely impaired leg is wind, which is roughly a fifth of revenue, loss-making offshore, and subject to US policy reversal. That is a material drag on one segment, not a threat to terminal value. The cheapness question does not arise: this is not a fear-print and not a value trap. It is a high-quality asset whose price has run ahead of a very good plan.

CREDIBILITY_SCORE: 4 | TRAJECTORY: STRENGTHENING | MOAT: WIDE | MOAT_TREND: WIDENING | SECULAR_THREAT: manageable
"
5,KEYS,Technology,80,quantum,quantum,,equipment_services,"Electronic test, measurement and control instrumentation - oscilloscopes, network and spectrum analysers, and the control-and-readout electronics racks that stimulate and read quantum devices","Cryogenics and control-electronics layer - sells dedicated quantum control and readout instrumentation plus general radio-frequency and microwave test equipment to quantum-hardware developers, chipmakers and aerospace and defence laboratories","Keysight makes the instruments that measure and control advanced electronics, including the racks that read out quantum devices, and it has been re-based on artificial-intelligence infrastructure spending with margins widening sharply as that happens.","Gross margin on the company's adjusted basis widened 770 basis points to 72.3% in the quarter ended 30 April 2026 while revenue grew 31% to $1.717 billion; on the stricter accounting standard it was 68.6% against 62.3%, and the trailing-twelve-month figure 63.7% against 62.1%. Margin widening that hard on revenue growing that fast is pricing power in a supply-constrained niche, and it means the deterministic screen tag that reads this business as compressing is simply wrong.","Orders exceeded $2.1 billion in the April 2026 quarter, up 56% (48% excluding acquisitions), running roughly 20% above revenue billed, and full-year guidance was raised to high-twenties percentage revenue growth against a long-term model framed at 5-7%. This is a real and rising order book, but a test-instrument book is measured in months rather than the years an equipment or power contract runs, and there is no dated contractual milestone behind it - the weakest of the four pillars for this seat and the reason it is not sized larger.","Net debt of 0.24 times operating cash profit, interest covered 10.1 times, free cash flow at 23.8% of revenue and a record $472 million in the April 2026 quarter.","Reconciled value $302 a share against $342.48 - about -11.8%, so the guard takes a deduction. The input file's -94.7% is a text-parsing error that read the '18-month horizon' wording as the fair value.",,,,"Expanding hard on accelerating revenue: adjusted gross margin 72.3% in the April 2026 quarter against 64.6% a year earlier (770 basis points) on revenue up 31% to $1.717 billion; on the stricter accounting basis 68.6% against 62.3%, trailing twelve months 63.7% against 62.1%.",0.1919,0.2377,0.87,QTUM,0.24,10.1,strong,False,False,False,"{""quantum"": ""NEUTRAL""}","The quantum chain reads neutral, which is the honest frame for this seat: it is bought as a profitable instrument maker levered to chip and network test today, with quantum-control hardware as unpaid-for optionality rather than as the thesis.",,,-11.8,,WARN,long-duration-multiple; semiconductor-capex; datacenter-capex,14.29,0.75,14.29,False,2 tranches / 2 wks,205.0,148.0,B,3,PENDING_HARD,"$302 per share (base case, 18-month horizon)","Base case, fiscal 2027 estimates, 173 million diluted shares.

Communications Solutions Group: revenue $5.60 billion (13% growth off the fiscal 2026 run-rate of about $4.96 billion - artificial-intelligence test spending keeps growing but decelerates hard from 2026's pace, roughly in line with the consensus revenue path), EBITDA margin 31%, giving $1.74 billion, at 26 times. That multiple sits above Fortive (19.9 times) and Emerson (19.2 times) because Keysight grows several times faster with a higher gross margin, and below Teradyne (43.7 times) because Teradyne's multiple embeds a hotter and more volatile semiconductor-test cycle. Contribution: $45.1 billion, or roughly 86% of the value.

Electronic Industrial Solutions Group: revenue $2.08 billion (8% growth), EBITDA margin 22%, giving $0.46 billion, at 16 times - a discount to the Communications segment for slower growth, an automotive drag and greater semiconductor cyclicality. Contribution: $7.3 billion, or roughly 14%.

Enterprise value $52.4 billion. Overlays: net debt of $347 million subtracted (borrowings $2.53 billion plus capitalised leases $228 million, less cash and short-term investments of $2.41 billion, at 30 April 2026; the filings often quote the figure excluding leases, about $119 million - this valuation uses the inclusive definition). No net-cash add-back, no announced asset sales, no separate royalty or streaming portfolio. The software and services portfolio at roughly 40% of revenue is embedded in both segment multiples rather than valued separately, to avoid double-counting.

Equity value $52.1 billion, or $302 per share. Cross-checks: that is about 25 times the fiscal 2027 consensus earnings of $11.86 and about 30 times the fiscal 2026 consensus of $10.17 - a full multiple for a business decelerating from 29% to 11% revenue growth, but a defensible one for a wide-moat franchise with expanding gross margins and 0.24 times leverage.","Unattractive at today's price, because the base case sits below spot. The shares trade at $342.48; the base-case sum-of-the-parts fair value is $302, so the stock is already about 12% above what the parts support. The favourable case, which requires artificial-intelligence test intensity to keep compounding at close to the current pace through fiscal 2027, gets to $387 - about 13% above spot. The adverse case, in which the demand cycle turns and the six-month order book empties without a contracted cushion, gets to $148 - about 57% below spot. Downside is therefore roughly four times the distance of the upside, and the base case points down rather than up. There is no structural floor to break the fall: Keysight carries net debt of $347 million, not net cash, and there is no deal or tender underneath the price. The setup becomes attractive around $280 or lower, which is a modest discount to the base fair value and roughly 23 times fiscal 2027 earnings.","TER, ADTTF, EMR, FTV, MKSI, 6754.T","Keysight has been structurally re-based on artificial-intelligence infrastructure, and the numbers say the re-basing is real rather than promotional. In the quarter ended 30 April 2026 the company delivered the best result in its history: revenue of $1.717 billion, up 31% from a year earlier; orders above $2.1 billion, up 56% (up 48% excluding acquisitions); non-GAAP earnings per share of $2.87, up 69%; and record free cash flow of $472 million. Orders exceeding revenue by roughly 20% means the book is still filling faster than it empties. Management raised the full-year outlook to high-twenties percentage revenue growth against a long-term model it has publicly framed at 5% to 7%.

The most persuasive single fact is the margin. In a components or instruments business, revenue that grows while gross margin falls is volume bought with price - commoditisation. Keysight did the opposite: gross margin expanded 770 basis points on a non-GAAP basis while revenue grew 31%. That combination is what pricing power looks like in a supply-constrained niche, and it is corroborated across accounting bases (68.6% versus 62.3% on the stricter standard) and across the trailing year (63.7% versus 62.1%).

The demand structure behind it is specific and has been described identically for three consecutive calls: artificial-intelligence infrastructure scaling, overlapping speed transitions from 800 gigabit to 1.6 and 3.2 terabit, the shift to optical interconnect and silicon photonics, and system-level workload emulation. Critically, this is design-stage spending, not build-stage. Roughly 70% of the wireline business is research and development test rather than production test (confirmed again in the May 2026 call), which means Keysight gets paid when engineers design the next generation, ahead of the volume ramp - and there are always overlapping generations in flight. The February 2026 call marked the crossover: wireline orders surpassed wireless for the first time in company history.

The customer roster is named and datable rather than vague: AMD on sixth-generation PCI Express compliance (August 2025), Broadcom on 1.6-terabit networking silicon (November 2025) and the first public Ultra Ethernet Consortium interoperability demonstration (May 2026), Meta on large-scale graphics-processor validation before cluster deployment (November 2025), Samsung on satellite-band connectivity (February 2026), Qualcomm on radio-frequency digital twins (May 2026), the United States Air Force on next-generation flightline testing (May 2026), and the European Space Agency naming Keysight prime contractor on a three-year non-terrestrial-network programme (15 July 2026). Management also says the number of artificial-intelligence customers doubled year over year, which if true converts a concentrated bet into a broadening franchise.

The second engine is defence, and it is genuinely uncorrelated with the first. Aerospace, defence and government produced record orders in fiscal 2025 and again in the first quarter of fiscal 2026, driven by European rearmament and radar and electromagnetic-spectrum modernisation. This business runs on multi-year national budgets, not hyperscaler capital plans, so it cushions a technology-cycle pause.

The mix is also improving in a way that deserves a higher multiple over time. Software and services reached roughly 40% of revenue after the acquisitions of Spirent, the Synopsys Optical Solutions Group and ANSYS PowerArtist (all closed in the quarter ended October 2025) and VPIphotonics (closed 9 June 2026). Software carries above-average margins, renews rather than being re-sold, and is the reason the gross-margin ceiling has moved.

The balance sheet supports the whole thing without strain: net debt of $347 million including capitalised leases against trailing EBITDA of $1.44 billion, leverage of about 0.24 times, trailing free cash flow of $1.447 billion on a free-cash-flow margin of 23.8%, and capital spending of only about 2% of revenue. There is no financing risk and no funding valley.

Conditions the bull case requires: artificial-intelligence data-centre capital spending must keep compounding through calendar 2027 without a digestion pause; the gross margin must settle above roughly 66% rather than reverting to the low sixties; the acquired software assets must hold their growth through integration; and the customer base must genuinely broaden so that a single hyperscaler pause does not take a quarter with it.","The business is excellent. The price is the problem, and the order book is thinner than the price implies.

Start with what the chief financial officer volunteered without being cornered, in the May 2026 call: the long-lead orders being celebrated are not multi-year contracts, they are products with longer lead times, and they sit still largely within the six-month order acceptance window of the standard product portfolio. Read plainly, Keysight has roughly two quarters of visibility. There is no contracted multi-year backlog, no take-or-pay volume, no signed offtake. The record order book converts inside half a year and then has to be replaced. That is the central mispricing: the market is applying a contracted-revenue multiple to a short-cycle order flow.

The company has a documented precedent for what happens when the flow stops, and it is recent. In fiscal 2024 revenue fell from $5.46 billion to $4.98 billion, down 8.7%, and earnings per share fell from $5.91 to $3.51, down 41%. The chief executive conceded it directly in August 2025 - the business was not immune. A 9% revenue decline producing a 41% earnings decline is the operating leverage working in reverse, and nothing in the cost structure has changed to make the next down-leg gentler. Research spending is now approaching 19% of sales and rising, which makes the fixed-cost base heavier, not lighter.

The April 2026 margin is not the run rate, and management has already said so. The July 2026 quarter is guided to higher revenue ($1.730-1.750 billion versus $1.717 billion) but lower non-GAAP earnings per share ($2.43-2.49 versus $2.87). More revenue producing less profit is an explicit statement that the 72.3% gross margin was flattered. Anyone capitalising that margin is capitalising something the company has withdrawn.

Commodity and input costs run against this business, not for it. Keysight buys copper, gallium arsenide, precision machined parts and semiconductors; every one of those is an input cost. Rising metals or component prices compress the gross margin - they never lift revenue. Tariffs are the visible version of this: management disclosed roughly $7 million of new tariff expense in cost of sales in a single quarter in fiscal 2025, worth 60 basis points of gross and operating margin and about $0.04 of earnings per share, at a revenue base 24% smaller than today. Scaled to current volumes that is a $9-10 million quarterly drag, and it has simply stopped being discussed rather than stopped existing. A renewed tariff or component-cost cycle takes 100 to 150 basis points of gross margin straight off the top with no offsetting revenue.

A meaningful slice of the celebrated growth was bought rather than earned. Four acquisitions closed in three quarters - Spirent, the Synopsys Optical Solutions Group and ANSYS PowerArtist for roughly $2.019 billion of cash in the quarter ended October 2025, plus VPIphotonics in June 2026. Core orders grew 48% against a reported 56%, which quantifies the gap. Integration expense will pressure free-cash-flow conversion through fiscal 2026 by the chief financial officer's own admission, and the $375 million of acquired revenue targeted for fiscal 2026 is unverifiable from outside because it is never broken out.

Disclosure is thin exactly where it matters. Keysight publishes no backlog figure, no artificial-intelligence revenue figure, and no customer-concentration figure. The best available guidance is a chain of approximations - roughly half of wireline is artificial-intelligence-affected, and wireline is a little under half of commercial communications. In August 2025 management acknowledged that a year earlier the business had been highly concentrated with a few customers driving the action; the only update since is that it is broadening. Concentration that was admitted and never quantified is concentration that is still there.

Insiders are voting with their own money in one direction only: 21 open-market sales totalling 125,494 shares against zero open-market purchases. Meanwhile the company repurchased $204 million of stock in the April 2026 quarter with the shares in the $300s, after a twelve-month move of more than 100% - buying at the top with shareholder cash, the classic late-cycle capital-allocation error.

Finally, the market has already paid for the good news. At $342.48 the shares trade at about 34 times the fiscal 2026 consensus of $10.17 and about 29 times the fiscal 2027 consensus of $11.86, roughly 31 times consensus fiscal 2026 EBITDA, and about 40 times trailing free cash flow, against a 52-week low of $152.85. The stock sits 20% above its 200-day average and 76% up its 52-week range, on Zacks momentum screens, with the newest analyst target ($400, 13 July 2026) barely above spot. Consensus itself already models the deceleration - revenue growth of 11% in fiscal 2027 and 9% in fiscal 2028 - so the upgrade cycle that drove the re-rating has largely run.

What would confirm the bear case: the July 2026 quarter (reported 18 August 2026) showing orders below $2 billion or a book-to-bill under 1.0; gross margin reverting toward 65% or below; any hyperscaler signalling a capital-spending digestion; or a fiscal 2027 guide at the November print that lands at or under the consensus $7.68 billion. Any one of those turns a 34-times multiple into a 20-times multiple on lower earnings, which is a very long way down.","$387 per share. Valued on fiscal 2027 estimates, one segment at a time, using 173 million diluted shares.

Communications Solutions Group - wireline and wireless test plus aerospace, defence and government. Fiscal 2027 revenue of $5.90 billion (from a fiscal 2026 run-rate of about $4.96 billion, growing 19% as artificial-intelligence test intensity keeps compounding and European defence budgets convert to orders), at a 33% EBITDA margin (earnings before interest, tax, depreciation and amortisation), giving $1.95 billion. Applied multiple 30 times, a premium to Fortive at 19.9 times and Emerson at 19.2 times but still a discount to Teradyne at 43.7 times, justified by a software-weighted mix and mid-thirties growth. Value: $58.4 billion.

Electronic Industrial Solutions Group - semiconductors, automotive, general electronics and design software. Fiscal 2027 revenue of $2.15 billion at a 23% EBITDA margin, giving $0.49 billion, at 18 times. Value: $8.9 billion.

Enterprise value $67.3 billion, less net debt of $0.35 billion (borrowings of $2.53 billion plus $228 million of capitalised leases, less $2.41 billion of cash and short-term investments, at 30 April 2026 - this is a liability and is subtracted). Equity value $66.9 billion, or $387 per share, which is about 33 times the fiscal 2027 consensus of $11.86.

No separate software overlay is added. The recurring software and services portfolio is roughly 40% of revenue but it sits inside both segments; crediting it twice would be double-counting. It is instead the reason both segments carry premium multiples.","$148 per share - the adverse case, assuming the demand cycle behind the chain turns against Keysight. Same method, same 173 million diluted shares.

The mechanic is an artificial-intelligence capital-spending digestion beginning in calendar 2027. Because the order book converts inside six months by management's own description, revenue follows orders down within two quarters with no contracted cushion.

Communications Solutions Group: fiscal 2027 revenue of $4.20 billion, down 15% from the fiscal 2026 run-rate of about $4.96 billion. That is a milder decline than the wireline and communications air-pocket the company actually lived through in fiscal 2024, on the argument that the defence half of the segment holds up on multi-year national budgets. The EBITDA margin compresses from about 31% to 26% - operating deleverage on a fixed cost base carrying research spending near 19% of sales, plus 100 to 150 basis points of input-cost and tariff pressure in cost of sales (the disclosed tariff drag was already 60 basis points at a revenue base a quarter smaller). That gives $1.09 billion of EBITDA. The multiple compresses from 26 times to 19 times as the market re-rates from a secular grower to a cyclical instrument maker. Value: $20.7 billion.

Electronic Industrial Solutions Group: fiscal 2027 revenue of $1.85 billion, down about 4% - semiconductor wafer test and general electronics roll over with the same cycle while automotive, already in its own multi-year slump, cannot fall much further. The EBITDA margin compresses to 19%, giving $0.35 billion, at 14 times. Value: $4.9 billion.

Enterprise value $25.6 billion, less net debt of $0.35 billion. Equity value $25.25 billion, or $146 per share; rounded to $148. That is roughly 57% below the current $342.48 and slightly below the 52-week low of $152.85 - which is the right shape, because the low was set twelve months ago before the re-rating and the adverse case has to be worse than the worst of the last year.

There is no structural floor beneath this. Keysight carries net debt, not net cash, so there is no cash-per-share backstop; there is no deal, tender or announced asset sale; and a chart low is not a floor.","Where we disagree with the market is not about the quality of the business - on that we agree with the bulls - but about what kind of revenue this is and what it is worth.

First, the street is valuing a short-cycle order flow as if it were contracted backlog. The May 2026 celebration of $2.1 billion in orders, up 56%, was followed minutes later by the chief financial officer explaining that these are not the long-dated orders of a few years back and that they sit still largely within the six-month order acceptance window of the standard product portfolio. That is a two-quarter book. Keysight publishes no backlog figure at all. Yet the shares carry about 31 times consensus fiscal 2026 EBITDA - a multiple normally reserved for businesses with visible multi-year revenue. Analysts are quoting the order number as evidence of durability when the company has told them it is evidence of two quarters.

Second, the street is extrapolating a gross margin the company itself has withdrawn. The 72.3% non-GAAP gross margin in the April 2026 quarter, up 770 basis points year over year, is being read as the new structural level. Management's own July-quarter guide says otherwise: more revenue ($1.730-1.750 billion against $1.717 billion) but less profit ($2.43-2.49 against $2.87). Higher revenue and lower earnings in consecutive quarters is a company telling you the prior margin was flattered. Models that carry 70%-plus gross margins into fiscal 2027 are carrying something the guidance already contradicts.

Third - and this cuts against the bulls rather than for them - the argument that estimates are too low is weaker than it looks. Consensus already models the deceleration: revenue of $7.68 billion in fiscal 2027 (up 11%) and $8.38 billion in fiscal 2028 (up 9%), after roughly 29% this year. The upgrade cycle that produced a more than 100% twelve-month share-price move has largely done its work. The average analyst target of $395.88, with a high of $425 and the newest target at $400 (13 July 2026), sits 15% above spot - the street is no longer looking the wrong way on this name, it is looking the same way and has been for three quarters.

Fourth, a smaller but real point: what the market is buying and what the classification says are not the same thing. This name is filed under the quantum computing chain, but across five earnings calls quantum appears exactly twice - a 1,000-qubit platform collaboration with AIST in Japan (August 2025) and one passing mention in a list of advanced research areas (November 2025). Quantum control and readout electronics sit inside the advanced-research-and-education sub-line of a segment running under $2 billion a year. There is no quantum optionality being under-priced here. The engine is artificial-intelligence data-centre test, secondarily defence, and both are fully in the price.

What we agree with the street about: the pricing power is real, the moat is wide and getting wider, and management has earned its credibility with seven consecutive beats. Our disagreement is entirely about the level.","Keysight is a genuinely excellent business trading at a price that has already paid for the excellence. Our call is to wait, with a named level.

Start with what is verified and unambiguous. The pricing-power test - the one that separates a supply-constrained franchise from a company buying volume with price - is passed emphatically. Non-GAAP gross margin expanded 770 basis points to 72.3% in the quarter ended 30 April 2026 while revenue grew 31% to $1.717 billion. That holds across accounting bases (68.6% against 62.3% on the stricter standard) and across the trailing year (63.7% against 62.1%). It also means the screener's deterministic margin tag, which reads this business as compressing, is simply wrong - its own underlying series shows the most recent gross margin 157 basis points above the oldest, with the sign inverted. Discard the tag.

The order book is the load-bearing question, and the answer is mixed in a way the market is not pricing. Orders of $2.1 billion, up 56% (48% excluding acquisitions), against revenue of $1.717 billion is a book-to-bill of about 1.2 and the strongest reading in the file. The direction is unambiguously up, and the customers are named and dated rather than gestured at - AMD, Broadcom, Meta, Samsung, Qualcomm, the United States Air Force, the European Space Agency as prime contractor on a three-year programme signed 15 July 2026. But the duration is short. The chief financial officer volunteered in May 2026 that these orders sit still largely within the six-month order acceptance window, and Keysight publishes no backlog figure at all. So: two quarters of visibility, no contracted multi-year revenue, no take-or-pay. That is a growing order flow, not a durable order book, and it is being capitalised as though it were the latter.

Capital discipline through the last cycle is solid but not spotless. Capital spending runs about 2% of revenue - genuinely asset-light, no mid-build risk, no sustaining-versus-growth question to litigate. The balance sheet is pristine at 0.24 times leverage with $2.41 billion of cash. The company held its research investment through the fiscal 2024 downturn, which is why it owns the 1.6-terabit position today, and that deserves real credit. Against that: $204 million of stock repurchased in the April 2026 quarter with the shares in the $300s after a hundred-percent move, and a $1.5 billion authorisation announced near the start of the re-rating. Buying your own equity at the top of a cycle is the ordinary error of a good management team, and it happened here.

On the cycle itself, the assigned reading for the quantum chain is neutral, and that is the correct posture - but it also barely matters, because quantum is not what this company sells. Across five calls quantum appears twice, and quantum control electronics sit inside the advanced-research sub-line of a segment doing under $2 billion a year. The real cycle Keysight rides is artificial-intelligence data-centre capital spending, which is unambiguously hot right now and is the source of both the earnings and the multiple. Commodities enter this business as costs, never as revenue: copper, gallium arsenide, precision components and semiconductors all sit in cost of sales, and the disclosed tariff drag of 60 basis points of margin at a revenue base a quarter smaller is the proof that input-cost inflation shows up as margin compression with no offsetting benefit. The adverse case above prices that path explicitly, along with the order-cancellation path.

The arithmetic is what decides it. Valuing the two segments separately on fiscal 2027 estimates - Communications Solutions at $5.60 billion of revenue and a 31% EBITDA margin on 26 times, Electronic Industrial at $2.08 billion and 22% on 16 times, less $347 million of net debt - gives $302 per share against a market price of $342.48. Those multiples are not punitive; they sit inside the peer band between Fortive and Emerson at roughly 19 times EBITDA and Teradyne at 44 times, and the resulting fair value is still 25 times fiscal 2027 consensus earnings. The favourable case, which needs artificial-intelligence test intensity to keep compounding near the current pace, reaches $387, or 13% above today. The adverse case, in which the demand cycle turns and a six-month book empties with nothing contracted behind it, reaches $148 - and Keysight has a lived precedent for the shape of that, having taken a 9% revenue decline into a 41% earnings decline in fiscal 2024. Roughly 13% of upside against roughly 57% of downside, with the base case already below spot, is not a distribution to underwrite with real capital.

So the verdict is to wait for the wash-out rather than to buy now, and the level is $280 or better - a modest discount to our base fair value, about 23 times fiscal 2027 earnings, and the kind of price a single soft order print would produce in a name that is 76% up its 52-week range and sitting on momentum screens. The conviction is a three, not lower, because nothing here is broken: the moat is wide and widening, management has beaten the high end of its own guidance seven quarters running, and there is no solvency, funding or terminal-value risk. Separately, judged purely on price against our sum-of-the-parts fair value and on forensic quality, the value case rates a two - the forensics are clean, but a stock trading 12% above what its parts support is not value, it is a good business at a full price. Those two readings are meant to diverge, and here they do.

The practical instruction: no position today. Watch the 18 August 2026 print for the order number and the gross margin, and the late-November fiscal 2027 guide for the durability answer. Buy the growth scare, not the momentum.",4,STRENGTHENING,"# Keysight Technologies (KEYS) — Forensic Dossier

*Transcripts reviewed: fiscal Q2 2025 (2025-05-20), Q3 2025 (2025-08-19), Q4 2025 (2025-11-24), Q1 2026 (2026-02-23), Q2 2026 (2026-05-19). Financials from the screener scan plus company filings through the quarter ended 30 April 2026. Price used throughout: $342.48 per share (New York Stock Exchange, US dollars, 4 August 2026).*

Keysight makes the instruments engineers use to prove a design works before it ships — oscilloscopes, signal and network analyzers, wafer-probe systems, and the software that emulates a whole data-centre network in a lab. It sells into two reporting segments: the Communications Solutions Group (wireline and wireless test plus aerospace, defence and government) and the Electronic Industrial Solutions Group (semiconductors, automotive, general electronics and design software).

---

## 1. NARRATIVE ARC

The story across these five calls is one of a slow, credible build turning into an unusually violent acceleration — and the acceleration is real, not rhetorical.

**Spring 2025 — recovery, cautiously framed.** The May 2025 call is defensive in structure. Chief executive Satish Dhanasekaran opens with ""the resilience of our business and the durability of our financial operating model,"" stresses a ""flexible cost structure"" and a supply chain ""largely based in Southeast Asia with minimal exposure in China,"" and spends real time on tariffs. The Electronic Industrial segment had just returned to growth ""after six quarters of decline."" Orders grew 8%. The language is that of a management team defending a trough, not surfing a boom.

**Summer 2025 — the first thesis statement.** By August 2025 the frame changes. Dhanasekaran claims credit for foresight: ""our early recognition of AI as a transformative technology shift led us to make strategic investments a few years ago to align our portfolio to the multiyear innovation road map we saw unfolding."" This is the moment the AI data centre moves from a demand line item to the organising idea of the company. Named proof points appear alongside it — a partnership with AMD on PCI Express generation 6 compliance, the industry's first protocol-layer solution for validating 1.6-terabit performance.

**Autumn 2025 — the portfolio is bought, not just built.** The November 2025 call announces three closed acquisitions in a single quarter: Spirent, the Synopsys Optical Solutions Group, and ANSYS PowerArtist. Free cash flow hits a record $1.3 billion, and the board authorises a new $1.5 billion buyback. Wireline sets a revenue record. The strategy is explicitly restated as ""software-centric.""

**Winter 2026 — the crossover.** The February 2026 call contains the single most informative sentence in the set: ""Wireline delivered record orders, surpassing wireless for the first time."" A company built on mobile-phone and radio test has been structurally re-based on AI infrastructure. Management lays out four named demand pillars (AI infrastructure scaling, speed transitions to 1.6 and 3.2 terabit, optical interconnect and silicon photonics, system-level emulation) and has repeated them verbatim ever since — a sign of an internally settled thesis rather than a rotating one.

**Spring 2026 — the blow-off quarter.** May 2026: ""the best quarter in company history."" Orders above $2 billion, up 56%. Revenue up 31%. Earnings per share up 69%. Free cash flow of $472 million. The full-year revenue growth outlook is raised to ""high 20s percent.""

**What was quietly dropped:** tariffs, which dominated the May 2025 call, have essentially vanished from the prepared remarks. Automotive has been demoted from a growth driver to a stabilisation story (""we're not calling an inflection""). Sixth-generation wireless, once a headline, is now correctly parked at ""commercialization by 2030.""

**What is conspicuously absent throughout:** a backlog number, an AI revenue number, and any customer-concentration disclosure. Management describes AI-related business only in relative terms (""in the first half of fiscal 2026, our AI-related business has already surpassed the levels achieved in all of 2025""). For a company whose stock has more than doubled on the AI thesis, the refusal to size the AI base or disclose the order book is the most important thing management is not saying.

---

## 2. CLAIMS vs FINANCIALS (forensic)

| Management claim | Evidence in the numbers | Verdict |
|---|---|---|
| ""Best quarter in company history"" (Q2 2026) | Quarterly revenue $1.717B vs $1.306B a year earlier, +31%. Generally accepted accounting principles (GAAP) earnings per share $2.02 vs $1.49. Non-GAAP earnings per share $2.87 vs $1.70, +69%. | **Corroborated.** |
| Orders of $2.1B, up 56%, core up 48% | Not independently auditable (orders are not a filed figure), but revenue in the following guided quarter is set at $1.730–1.750 billion, roughly +29% year over year — consistent with a book that is converting. Book-to-bill (orders divided by revenue) of about 1.2 is the strongest in the set. | **Consistent, but unauditable.** |
| Gross margin is expanding | Non-GAAP gross margin of 72.3% in the April 2026 quarter versus 64.6% a year earlier — a 770 basis-point jump. GAAP gross margin 68.6% versus 62.3%. Trailing-twelve-month GAAP gross margin 63.7% versus 62.1% for fiscal 2025. | **Corroborated — and it directly contradicts the scan.** See below. |
| ""Strong free cash flow conversion"" | Trailing-twelve-month free cash flow $1.447 billion on $6.088 billion of revenue — a 23.8% free-cash-flow margin. Record $472 million in the April 2026 quarter alone. Capital spending runs only about 2% of revenue. | **Corroborated.** This is a genuinely asset-light business. |
| ""Balanced return of capital… roughly 50% of free cash flow"" (Q2 2025), ""over $1.5 billion since 2023, approximately 45% of free cash flow"" (Q4 2025) | Fiscal 2025 buybacks of roughly $375 million against $1.3 billion of free cash flow is 29%, not 45–50%. The higher ratio is a multi-year average that includes heavier earlier years; fiscal 2025 cash went to the $2.019 billion of acquisitions instead. | **Technically true, presentationally generous.** The recent-year payout ratio is materially lower than the framing implies. |
| Acquisitions ""tracking to plan… on track to deliver the $375 million of revenue"" (Q1 2026) | Cannot be verified from outside — the acquired revenue is not broken out. Segment revenue does show the step-up: Communications Solutions went from $940 million in the July 2025 quarter to $1.231 billion in the April 2026 quarter. | **Unverifiable but plausible.** Note that a chunk of the celebrated 31% growth is bought, not organic; management's own ""core"" growth measure strips acquisitions, and core orders grew 48% against reported 56%. |
| Long-term model of ""5% to 7%"" revenue growth (Q2 2025) | Fiscal 2026 is running at roughly 29%. Consensus then models $7.68 billion in fiscal 2027 (+11%) and $8.38 billion in fiscal 2028 (+9%). | **The company is far above its own long-term model — which is precisely the risk.** Management has never revised the 5–7% frame upward. |

**The proxy-versus-reported disagreement, stated plainly.** The screener's deterministic gross-margin reading tags Keysight as ""contracting"" with a three-year change of minus 157 basis points. That is wrong, and it is wrong in an identifiable way: the underlying series runs 63.65%, 64.64%, 62.92%, 62.08% from most recent to oldest, so the most recent reading is 157 basis points *above* the oldest, not below. The sign has been inverted. The company's actual gross margin is expanding on both a GAAP and a non-GAAP basis, and in the most recent quarter it expanded violently. Any conclusion drawn from the ""compressing"" tag should be discarded.

---

## 3. TONE & CONFIDENCE TRAJECTORY

**Rising — decisively, and in four visible steps.**

- **Q2 2025 (defensive):** ""Even as we are monitoring the overall macro environment…""; ""Despite the near-term uncertainty…""; the demand environment is ""solid,"" the Electronic Industrial environment ""remains mixed."" Hedged throughout.
- **Q3 2025 (constructive):** ""we're once again raising our outlook for the full fiscal year."" The word ""constrained"" is retired: last year's supply chain was ""constrained… and what's really played out over the last few quarters is that the unlocking of the supply chain.""
- **Q4 2025 (offensive):** ""outstanding fourth quarter results,"" ""surpassing our expectations and our long-term model."" A new $1.5 billion buyback authorisation.
- **Q1 2026 (assertive):** ""further acceleration in demand,"" ""this unprecedented time."" Management now claims vindication for investments made three years earlier.
- **Q2 2026 (peak):** ""the best quarter in company history.""

The shift from efficiency language (flexible cost structure, supply chain diversification, tariff mitigation) to investment language (scaling capacity, rebuilding the acquisition funnel, higher research spending) is complete. Chief financial officer Neil Dougherty is the counterweight and stays consistently measured: he took ""a pretty conservative approach in terms of how we plan for those businesses,"" and on the Q2 2026 call he declined to quantify full-year earnings growth at all — ""I think we've given you enough information to get close.""

That refusal is worth flagging. A management team confident in the second half usually quantifies it.

---

## 4. GUIDANCE CREDIBILITY

**High.** This is the strongest part of the file.

Every quarter in the set delivered revenue and earnings above the high end of the company's own guidance range: Q2 2025 (""both of which exceeded the high end of our guidance""), Q3 2025 (same phrase), Q4 2025 (""exceeding the high end of our guidance""), Q1 2026 (""exceeding the high end of our guidance range""), Q2 2026 (a record). The screener records a beat in seven of seven quarters. The full-year outlook was raised in Q3 2025, again implicitly in Q1 2026, and explicitly to ""high 20s percent"" in Q2 2026.

There is a sandbagging pattern, and it is the ordinary, benign kind: the company guides to what its short-cycle book supports and lets upside fall through. Dougherty's Q1 2026 remark that he planned the acquisitions ""conservatively"" is the tell.

**One caution that cuts the other way.** The Q3 2026 guide — revenue of $1.730–1.750 billion against the April quarter's $1.717 billion, but non-GAAP earnings per share of $2.43–2.49 against the April quarter's $2.87 — tells you management itself does not expect the 72.3% gross margin to repeat. Higher revenue, lower earnings, is an explicit statement that the April quarter's profitability was flattered. Investors extrapolating that margin are extrapolating something the company has already walked back.

**Reliability score: High.**

---

## 5. ANALYST PRESSURE POINTS

Analysts have circled the same three questions for five straight quarters, and management has deflected all three.

**1. How big is the AI business, actually?** Priyanka Thapa (JPMorgan, Q3 2025) asked directly for the customer-segment split of the data-centre business. The answer: ""I don't know that we've split up the business quite the way you've asked us to."" Andrew Spinola (UBS, Q2 2026) asked whether the research-versus-manufacturing mix had moved from 70-30; the answer was ""it's in the 70-30 range… you could see that number move a bit."" The best disclosure ever offered is Dhanasekaran's Q4 2025 line that ""roughly half of our wireline business"" is AI-affected, and wireline is ""a little under half"" of commercial communications. That is a chain of approximations, not a number.

**2. Is this a linear growth curve or a cycle?** Spinola put it precisely in Q2 2026: ""there's this very linear growth that seems to be happening… I think things tend to evolve and customers can get more efficient."" Dhanasekaran's answer was a genuinely thoughtful essay on heterogeneity — optical *and* electrical, open *and* closed, pluggable *and* integrated — that never addressed the actual question of what happens when the build-out digests. Rob Mason (Baird) asked the same thing from the recapitalisation angle in Q1 2026 and received the same treatment.

**3. What is the order book worth?** This is the most important exchange in the file. Pressed on the durability of the record orders, Dougherty volunteered in Q2 2026 that the long-lead systems orders ""were not the same as the long-dated orders we were talking about a few years back… still largely within the 6-month order acceptance window of our standard product portfolio."" Read plainly: the backlog is short-cycle. Two quarters of orders, not three years of contracted revenue. Management offered this candidly and unprompted, which speaks well of them — and it is the single most consequential fact for anyone underwriting this stock at a record multiple.

**The topic analysts are not pushing on, and should be:** customer concentration. Management has said the AI customer count ""doubled"" and the ecosystem is ""broadening,"" but has never disclosed how much revenue the top handful of hyperscalers represents. In Q3 2025 Dhanasekaran conceded that a year earlier ""this is a highly concentrated business for us because we had a few customers driving the action."" Concentration that was acknowledged in 2024 and is now described only as ""broadening"" remains, functionally, undisclosed.

---

## 6. RED FLAGS / GREEN FLAGS

🟢 **Gross margin expanding on 31% revenue growth (Q2 2026).** Non-GAAP gross margin of 72.3% versus 64.6% a year earlier. In a components business, growing revenue while margins compress means you bought the volume with price. The opposite happened here. This is the clearest evidence of genuine pricing power in the file.

🟢 **The strategic call was made early and is documented.** The wireline and silicon-photonics investments were described as being made ""about 18 months ago"" as of May 2025 — that is, in late 2023, before the AI networking wave was consensus. The payoff arrived in fiscal 2026. Management gets credit for a forecast, not a reaction.

🟢 **Named, dated customer proof points rather than vague partnerships.** AMD on PCI Express generation 6 (Q3 2025), Broadcom on 1.6-terabit networking silicon (Q4 2025) and the first public Ultra Ethernet Consortium interoperability demonstration (Q2 2026), Meta on large-scale graphics-processor validation (Q4 2025), Samsung on satellite-band connectivity (Q1 2026), Qualcomm on radio-frequency digital twins (Q2 2026), the United States Air Force on flightline testing (Q2 2026), the European Space Agency naming Keysight prime contractor on a three-year non-terrestrial-network programme (15 July 2026). These are verifiable and specific.

🟢 **Balance sheet strength.** Net debt of $347 million including capitalised leases against trailing EBITDA of $1.44 billion — leverage of about 0.24 times. Solvency score 8.1. There is no financing risk here.

🔴 **The order book is short-cycle, by management's own admission.** ""Still largely within the 6-month order acceptance window"" (Q2 2026). There is no multi-year contracted backlog to cushion a demand pause.

🔴 **The company has a documented air-pocket in living memory.** Fiscal 2024 revenue fell from $5.46 billion to $4.98 billion (down 8.7%) and earnings per share fell from $5.91 to $3.51 (down 41%). Dhanasekaran acknowledged it directly in Q3 2025: ""the business did experience a decline in '24… it was not immune."" That is what the down-leg looks like at this company, and it happened two years ago.

🔴 **Insiders are selling only.** Twenty-one open-market sales totalling 125,494 shares against zero open-market purchases. The buy ratio in the raw scan is grant-inflated and should be ignored; the open-market record is unambiguous.

🔴 **Buying back stock at the high.** $204 million repurchased in the April 2026 quarter with the shares in the $300s, after a year in which they more than doubled. The $1.5 billion authorisation was announced in November 2025 near the start of the re-rating. Management's own capital is being deployed at peak valuation — the classic top-of-cycle capital-allocation error, even at a company otherwise disciplined.

🔴 **Growth is partly purchased.** Four acquisitions in three quarters (Spirent, Synopsys Optical Solutions Group, ANSYS PowerArtist in Q4 2025 for roughly $2.019 billion; VPIphotonics closed 9 June 2026). Core order growth of 48% against reported 56% quantifies the gap. Integration expense will pressure cash conversion in fiscal 2026 by Dougherty's own admission.

🟡 **Research spending is climbing toward 19% of sales** with software assets that ""typically run north of our company average."" Correct strategically; a margin headwind if revenue stalls.

---

## 7. HIDDEN SIGNALS

**The vocabulary migrated from ""supply"" to ""demand.""** In 2025 the constraint was the supply chain (""constrained… from a supply chain perspective""). By 2026 the constraint is the customer's urgency (""a stronger sense of customer urgency that manifested in stronger-than-expected bookings""). Companies at the top of a cycle talk about demand; companies at the bottom talk about cost.

**A quiet management refresh.** Investor relations changed hands (Paulenier Sims to Liz Morali, by Q1 2026), and segment presidents Kailash Narayanan (Communications) and Jason Kary (Electronic Industrial) were added to the call roster from Q4 2025. Steve Yoon, head of global sales, now speaks to the funnel directly — and his Q2 2026 contribution is the most promotional language in the entire file: ""our funnel intake and our total overall pipeline remains very, very strong… funnel velocity and conversion rates are increasing."" Repeated intensifiers from a sales executive, on a record quarter, on an undisclosed metric, is the one passage in these transcripts that reads as selling rather than reporting.

**Competition is discussed almost entirely in the abstract.** Across five calls there is no substantive discussion of Anritsu, Rohde & Schwarz, Viavi, Tektronix or Advantest. Asked in Q2 2025 whether the shift to semiconductor-level testing changes the competitive landscape, Dhanasekaran answered about his own capabilities and said ""if we need more capabilities, we can acquire talent."" Either the moat is wide enough that competition genuinely is not the constraint — the margin data supports that reading — or management is not being pressed on it.

**The quantum line is a footnote, not a business.** The only quantum-specific disclosures across five calls are the AIST 1,000-qubit platform collaboration in Japan (Q3 2025) and a passing reference to ""advanced research spending in semiconductor, 6G, quantum, and photonics"" (Q4 2025). Quantum control and readout electronics sit inside the advanced-research-and-education sub-line of the general electronics business, itself a slice of a segment running under $2 billion a year. Anyone underwriting Keysight as a quantum-computing exposure is underwriting a rounding error. The actual engine is artificial-intelligence data-centre test, and secondarily defence.

---

## 8. CAPITAL-ALLOCATION VERDICT (for the director)

**Trajectory: STRENGTHENING.** Revenue accelerating from 8% to 31%, gross margin expanding by 770 basis points year over year, record orders and record free cash flow, a balance sheet at 0.24 times leverage, and a management team that has beaten its own guidance seven quarters running while the mix shifts toward software and services (roughly 40% of revenue after the acquisitions). This is a demonstrably better business than it was two years ago.

**The single most important thing to weigh before sizing.** Not whether the business is good — it is — but that the entire visible order book converts inside six months, by the chief financial officer's own description, while the shares are priced as though the revenue were contracted for years. Keysight has no structural protection against an artificial-intelligence capital-spending digestion, and it has a documented precedent for exactly that outcome: earnings per share fell 41% in fiscal 2024. At $342.48, roughly 34 times the fiscal 2026 consensus of $10.17 and 29 times the fiscal 2027 consensus of $11.86, the price already pays for continuation. The margin of safety is in the business quality, not in the valuation.

**Economic moat: wide, and widening.** The moat type is a combination of switching costs and intangible technical assets. Keysight's instruments become the calibration reference inside a customer's design flow; measurements taken on a competitor's box are not directly comparable, so a change of vendor means requalifying a workflow. The company is designed in at the research stage — management's own framing, ""strategically, the R&D business is more valuable to us"" (Q2 2025) — which is the stickiest possible position, because the tool that validated generation N is the default for generation N+1. The evidence supports width and widening: gross margin rising from 62.1% for fiscal 2025 to 63.7% on a trailing basis and 68.6% on a GAAP basis in the latest quarter, return on equity of 20.0%, and pricing power sufficient to add 770 basis points of non-GAAP gross margin in a single year. Return on invested capital of 12.4% looks modest, but that is the arithmetic of $2 billion of freshly capitalised acquisition goodwill, not a deteriorating core.

**Secular threat: manageable.** No structural force is eroding the terminal value here. Artificial intelligence is a demand driver for Keysight rather than a displacement risk — more design complexity means more validation, and the company sells the validation. The credible long-term threats are ordinary industry threats: customers internalising test (hyperscalers designing their own validation rigs), a shift of value from instruments toward software where the competitive set is broader, and the arrival of a lower-cost Asian challenger at the high end. None of these is visible in the current numbers. **The risk in this name is cyclical amplitude, not terminal impairment** — and cyclical amplitude is not priced at 34 times forward earnings.

CREDIBILITY_SCORE: 4 | TRAJECTORY: STRENGTHENING | MOAT: WIDE | MOAT_TREND: WIDENING | SECULAR_THREAT: manageable
"
6,HII,Industrials,78,nuclear_smr,nuclear_smr,,equipment_services,"Nuclear-powered aircraft carriers and Virginia-class submarines, built and reactor-plant-integrated for the US Navy","Prime shipbuilder and integrator for naval nuclear-propulsion vessels - it occupies the reactor-components and naval nuclear layer at the platform and construction level, not as a fuel or component sub-supplier","Huntington Ingalls is the only builder of nuclear-powered aircraft carriers in the United States and one of two builders of nuclear submarines, and after four years of delivering ships priced before the pandemic its margins are recovering on the schedule management published.","Trailing gross margin is 12.56% against 12.38% a year earlier while revenue grew about 14% to $13.19 billion, and shipbuilding return on sales has marched from 5.2% in 2024 to 5.9% in 2025 to a guided 6.0-6.5% for 2026, with the quarterly sequence 5.8%, 6.0%, 6.3%. That is expansion, but from a very low base and driven by contract mix and incentive fees rather than price - the softest pricing-power evidence among the eight seats, and the reason this pillar does not carry the position.","Backlog was $57.3 billion at 30 June 2026, about 4.3 times annual revenue, before the $76.6 billion Navy submarine award announced 29 July 2026 books roughly $25 billion of Newport News work in the third quarter and lifts it toward $80 billion, close to six times revenue - the deepest order book in the slate. The dated proof points: carrier CVN 79 preliminary acceptance guided for later this year with final delivery in 2027, submarine SSN 800 and ship LPD 30 deliveries both guided for late 2026, and unmanned surface vessel sea testing scheduled for September 2026.","Net debt of 2.26 times operating cash profit with interest covered 6.3 times, and free cash flow at only 2.85% of revenue - the thinnest cash conversion in the slate. Management has delivered all three of the operational commitments it set out in May 2025 and cut its own throughput target in public mid-year rather than restating the base later.","Reconciled value $370 a share against $324.21 - about +14.1%, so the guard passes clean. The input file's own figure of -92.6% is a text-parsing error, not a valuation: the parser read the '24-month horizon' wording as the fair value.",,,,"Expanding modestly on strongly growing revenue: trailing gross margin 12.56% against 12.38% a year earlier on revenue up about 14% to $13.19 billion; second-quarter 2026 gross margin 13.2% against 12.8%, with segment operating margin up to 6.6% from 5.6%.",0.1397,0.0285,0.21,NLR,2.26,6.3,moderate,False,False,False,"{""nuclear_smr"": ""NEUTRAL""}","The nuclear chain reads neutral, and this seat is deliberately the one that does not depend on that read at all: its funding comes from a multi-year defence appropriation, which is the main reason it earns a place beside three data-centre-levered names.",,,14.1,,PASS,us-navy-single-customer; defense-appropriations,28.58,0.75,14.29,False,2 tranches / 2 wks,235.0,180.0,B,3,FIRED,"$370 per share (base case, 24-month horizon)","Base case values each business on its own 2028-2029 earnings power and its own peer multiple, then nets the balance sheet.

- Newport News Shipbuilding (about 52% of revenue): roughly $8.2 billion of revenue at an 8.0% margin on earnings before interest, tax, depreciation and amortisation, about $656 million, at 13.0 times = $8.53 billion. Thirteen times sits between General Dynamics (about 17 times, richer mix and double the returns) and a plain conventional shipbuilder (about 9-10 times). It is justified by the sole-source nuclear franchise and roughly $25 billion of just-awarded submarine work running to 2038, and capped by a 5.3% return on invested capital.
- Ingalls Shipbuilding (about 24%): roughly $3.75 billion of revenue at a 9.0% margin, about $338 million, at 11.0 times = $3.72 billion. Conventional surface combatants and amphibious ships, with the April 2026 frigate lead-yard-support contract and battleship advance procurement carried as modest optionality rather than in the numbers.
- Mission Technologies (about 24%): roughly $3.5 billion of revenue at a 9.0% margin -- consistent with the 8.4-8.6% guided for 2026 -- about $315 million, at 13.0 times = $4.10 billion, in line with defence-services and mission-systems peers rather than the higher multiple the unmanned portfolio alone might earn.
- Overlays: overfunded pension surplus about +$0.6 billion (the non-operating pension credit runs at roughly $170 million a year); capitalised net corporate cost about -$0.5 billion. Net +$0.1 billion.

Enterprise value $16.45 billion. Less net debt of $2.70 billion (from $2.92 billion today including capitalised leases; $2.69 billion excluding them) = equity of about $13.75 billion on roughly 39.3 million shares = $350 per share on the parts alone.

Cross-check on multiples: holding today's 11.5 times forward enterprise value to earnings before interest, tax, depreciation and amortisation constant onto 2028 consensus of $1.546 billion -- that is, pure earnings delivery with no re-rating -- gives about $384 per share. Splitting the parts-based $350 and the multiple-based $384 gives the base fair value of $370, about 14% above the current $324.21.","Poor at this price. Downside to the adverse case of $180 is $144 per share, about 44%. Upside to the base fair value of $370 is $46 per share, about 14%. The favourable case of $495 is 53% away but requires shipbuilding margin near 8.5% by 2028, which is well ahead of the 6.0-6.5% currently guided. In short, the business is improving on schedule but the shares have already discounted most of the near-term improvement: they jumped about 12% on the 30 July print and sit roughly 11% above their 50-day average of $292 and 25% above the 52-week low of $259. This is a good business at a fair price, not a good business at a good price.","GD, BWXT, BAB.L, FCT.MI, 7011.T, 7012.T, ASB.AX","Huntington Ingalls builds the ships nobody else in America can build, and after two painful years the arithmetic has finally turned in its favour. It is the sole builder of nuclear-powered aircraft carriers in the United States and one of only two builders of nuclear submarines. The barriers -- licensing, security clearances, dry docks, and a 44,000-person skilled workforce -- cannot be replicated by anyone at any price on a relevant timescale.

The core of the bull case is a mechanical margin recovery that is already visible in the numbers. For four years HII has been building ships priced before the pandemic, at pre-pandemic assumptions about labour and material cost, and losing money against those assumptions. Management set out the crossover date -- 2027, when post-pandemic contracts exceed pre-pandemic work -- in the third quarter of 2025, and when Goldman Sachs asked in the first quarter of 2026 whether that schedule had drifted, the chief financial officer answered that the current and year-ago plans 'look on top of each other right now.' The recovery is showing up on schedule: shipbuilding return on sales went 5.2% in 2024, 5.9% in 2025, and is now guided to 6.0-6.5% for 2026, with the quarterly sequence marching 5.8%, 6.0%, 6.3%. On the 30 July 2026 call management raised both shipbuilding revenue guidance (to $10.2-10.4 billion from $9.7-9.9 billion) and the margin floor (to 6.0% from 5.5%) in the same release -- the fourth consecutive quarter of double-digit shipbuilding growth.

The single largest overhang closed on 29 July 2026. After roughly eighteen months of slippage, the US Navy awarded $76.6 billion across nine Block VI Virginia-class attack submarines (with material bought for a tenth) and five Columbia-class Build II ballistic-missile submarines, running to July 2038. About $25 billion of that flows to Newport News, about $5.5 billion sits on the Columbia programme, and roughly $5 billion is earmarked across both builders for shipyard productivity, workforce and industrial-base investment. That last item matters more than it looks: it means the customer is funding a large share of HII's growth capital spending, which is why capital expenditure can run at 3.5-4% of sales instead of the 2.5% long-run norm without wrecking free cash flow. The chief executive's characterisation of the terms -- 'I do obviously expect it to perform better than those contracts... very consistent with the long term margin profile that we expect' -- is the whole thesis in one sentence.

Demand is about as certain as anything in equities. Backlog was $57.3 billion at 30 June 2026, roughly 4.3 times trailing revenue, with second-quarter book-to-bill (orders divided by revenue) of 1.96 times -- and that is before the July submarine modifications book in the third quarter, which should take backlog toward $80 billion, or about six years of revenue. Named, dated milestones sit in front of the stock: CVN 79 Kennedy preliminary acceptance later in 2026 with delivery in 2027, SSN 800 Arkansas delivery late 2026, LPD 30 Harrisburg delivery in 2026, the CVN 81 keel laying in the back half of 2026, and five ships delivered over the next twelve months. Funding is bipartisan and appropriated: the fiscal-2026 Consolidated Appropriations Act funds CVN 80 and 81 with advance procurement for CVN 82, and the fiscal-2027 request adds two amphibious ships, two Block VI submarines, one Columbia, the first FFX frigate and initial money for a new battleship class.

Two option values are explicitly excluded from guidance. Ingalls won the frigate lead-yard-support contract in April 2026 (long-lead material, design work, pre-construction), and the announced battleship programme has advance procurement in the fiscal-2027 request. Management refused to include either: 'we will need additional details before we can include those in our guidance outlook.' Separately, Mission Technologies has crossed from pilot to production in unmanned systems -- the 750th REMUS undersea vehicle delivered, the next Lionfish production option secured, and the ROMULUS unmanned surface vessel advanced to Navy medium-unmanned-surface-vessel at-sea testing scheduled for September 2026.

The labour problem, which was the real constraint, is being fixed with dated actions rather than promises: a Newport News wage adjustment in mid-2025, an Ingalls collective bargaining agreement signed in March 2026 with 'immediate benefit from a retention standpoint,' 6,600 shipbuilders hired in 2025 and over 3,500 in the first half of 2026, apprentice schools at full enrolment, and distributed shipbuilding across 23-plus partner yards growing 30% in 2026.

Finally, valuation. At $324.21 the shares trade on about 10.2 times consensus 2028 earnings before interest, tax, depreciation and amortisation and 13.5 times 2028 consensus earnings per share of $23.94. General Dynamics -- whose Electric Boat unit is the direct submarine peer -- trades at about 17 times trailing enterprise value to that same measure, and BWX Technologies, the naval reactor-components supplier, at about 33 times. Simply delivering the plan without any multiple change gets the shares to the high $300s.

Conditions that must hold: shipbuilding margin keeps grinding toward 7.5-8% by 2028; the fourth-quarter 2026 cash-flow catch-up arrives; no large adverse contract re-estimate on a carrier or a Block V boat; and defence appropriations continue through the fiscal-2027 and 2028 cycles without a prolonged funding lapse.","The bear case does not need demand to fail. It needs only two things that have both already happened to this company inside the last two years.

First, reported profit here is a management estimate, not a measured result. Under percentage-of-completion accounting, margin depends on judgements about costs still four to six years out. When those judgements reset, the reset is violent and instant. On 31 October 2024 the shares fell 26% in a single session, from $250.49 to $184.96. On 6 February 2025 they fell another 18%, from $195.58 to $159.75, bottoming near $160 in mid-February -- a 36% decline in roughly three months, driven entirely by adverse contract re-estimates. Newport News still carried a negative 13% net estimate adjustment as recently as the third quarter of 2025. Nothing structural has retired that mechanism; it has merely been quiet for four quarters. Management themselves conceded on the 30 July 2026 call that 'a piece of Q2 has incentives in there' and then twice declined to size the submarine-contract adjustment -- 'we normally do not provide that type of visibility.' Investors therefore cannot separate how much of the 6.6% segment margin was operational improvement and how much was a one-time credit.

Second, the 2026 cash-flow guide is now an extraordinary ask. First-half 2026 free cash flow was roughly negative $614 million (operating cash flow of negative $390 million in the first quarter and negative $31 million in the second, against net capital spending of $74 million and $119 million). The third quarter is guided to only about $100 million. To reach the reiterated $500-600 million full-year range, the fourth quarter must produce roughly $1.0-1.1 billion in a single quarter -- about double the $516 million achieved in the fourth quarter of 2025. Management's support for that is 'contract advances and incentives' from a contract signed on 29 July and 'favorable cash tax impacts' from a research-and-development credit. If the advances slip one quarter, the guide breaks publicly in February 2027, and this is a company that ended the second quarter with a $12 million cash balance against $2.92 billion of net debt including capitalised leases ($2.69 billion excluding them). Its $1.7 billion of liquidity is almost entirely undrawn revolving credit, not cash.

Third -- and this is the input-cost channel that matters for an equipment maker, because it is labour rather than copper -- HII has just reset wages twice: at Newport News in mid-2025 and at Ingalls under a new collective bargaining agreement in March 2026. Every dollar of wage inflation above the assumption embedded in an existing estimate-at-completion is a direct, immediate margin charge on the pre-pandemic book that still represents the majority of work in progress. The chief executive was explicit in May 2025 that broad wage moves were constrained by labour arrangements; those constraints have now been renegotiated upward. Steel, copper and specialty-alloy inflation runs through the same channel on a book that has no escalation protection on its older contracts.

Fourth, the political ground under the largest asset is genuinely moving. Within these six quarters we have a presidential review of aircraft-carrier design, a proposal to revert catapults from electromagnetic to steam, the Shipbuilder Accountability and Workforce Support provision cut from the final maritime executive order, and a wholly new battleship class appearing in the fiscal-2027 request. Kastner's answer to the carrier-design question -- 'we're going to build whatever the Navy asks us to build' -- is honest and also exactly the problem: HII is a price-taker to a single customer whose preferences are now volatile. The fiscal-2027 budget is a request, not law. A prolonged continuing resolution, or a rotation of the shipbuilding account toward distributed and unmanned platforms, flattens the revenue ramp that the entire re-rating depends on. Note also that the September-October 2025 funding lapse already halted much of the government; HII escaped because shipbuilding was one of six protected priorities, which is a policy choice, not a guarantee.

Fifth, the returns simply do not justify a premium multiple, and never have. Return on invested capital is 5.3% and return on equity 12.9%, against General Dynamics at 10.9% and 17.4%. A monopoly that earns 5% on capital is a monopoly whose surplus is being captured by its single buyer. Even if management reaches its 9-10% shipbuilding margin ambition -- four or more years away and entirely unproven -- return on invested capital gets to perhaps 9-10%, which is respectable, not exceptional. The 'discount' to General Dynamics is a quality discount and is largely deserved.

Sixth, the price has already moved. The shares jumped about 12% on the second-quarter print and sit roughly 11% above their 50-day average of $292 and about 25% above the 52-week low of $259. The two most recent published price targets -- Bernstein at $337 on 17 July and Wells Fargo at $325 on 8 July -- were both set before the result and are already at or below the current price. Coverage is thin: only two targets printed last quarter against nine over the past year. Meanwhile insiders have made zero open-market purchases against four sales of 14,100 shares, and the company bought back no stock at all in the second quarter.

What would confirm the bear: a negative net estimate-at-completion adjustment of more than $50 million at Newport News in the third or fourth quarter of 2026; fourth-quarter free cash flow below about $800 million; a fiscal-2027 continuing resolution running past January 2027; or any slippage in the CVN 79 preliminary-acceptance or SSN 800 delivery dates.","$497 per share (favourable case, valuing the parts on 2028 earnings power). Assumes shipbuilding margin reaches about 8.5% by 2028 -- ahead of the current 6.0-6.5% but still below management's 9-10% goal -- and that the unmanned franchise inside Mission Technologies earns a defence-technology multiple.

- Newport News Shipbuilding: about $8.1 billion of revenue at an 10.6% margin on earnings before interest, tax, depreciation and amortisation, roughly $860 million, at 14 times = $12.0 billion. The 14 times reflects a sole-source nuclear franchise with contracted work to 2038, still a discount to General Dynamics at about 17 times trailing.
- Ingalls Shipbuilding: about $3.8 billion of revenue (destroyers, amphibious ships, plus the FFX frigate and battleship ramping) at a 10.5% margin, roughly $400 million, at 12 times = $4.8 billion.
- Mission Technologies: about $3.45 billion of revenue at a 10% margin, roughly $345 million, at 15 times = $5.2 billion -- a re-rating on the unmanned and autonomy portfolio (REMUS, Lionfish, ROMULUS, the Odyssey software stack) toward defence-technology peers.
- Overlays: overfunded pension surplus roughly +$0.6 billion, net corporate cost capitalised at roughly -$0.5 billion, net +$0.1 billion.

Enterprise value $22.1 billion, less net debt of about $2.6 billion (declining as free cash flow recovers), gives equity of about $19.5 billion on roughly 39.2 million shares = $497 per share. Sanity check: that is about 20.7 times 2028 consensus earnings per share of $23.94, against General Dynamics on roughly 23 times trailing, and it is 8% above the 52-week high of $460 the shares reached earlier this cycle.","$180 per share (adverse case, assuming the naval-nuclear build cycle turns against it). Assumes a prolonged federal funding lapse or continuing resolution flattens the revenue ramp, wage and material inflation from the 2025 Newport News adjustment and the March 2026 Ingalls agreement runs through the pre-pandemic contract book as negative estimate-at-completion charges, and the multiple reverts toward where HII actually traded in early 2025.

- Newport News Shipbuilding: revenue stalls near $7.3 billion, margin on earnings before interest, tax, depreciation and amortisation falls back to 7.5%, roughly $548 million, at 10.0 times = $5.48 billion.
- Ingalls Shipbuilding: revenue about $3.4 billion (frigate and battleship deferred), 8.0% margin, roughly $272 million, at 9.0 times = $2.45 billion.
- Mission Technologies: revenue about $3.05 billion under services-budget pressure (the segment already shrank 3.9% year over year in the second quarter of 2026), 8.0% margin, roughly $244 million, at 10.5 times = $2.56 billion.
- Overlays: pension credit shrinks on a rate or asset shock and net corporate cost is unchanged, roughly -$0.2 billion.

Enterprise value $10.29 billion, less net debt rising to about $3.2 billion as the revolving credit facility is drawn after a fourth-quarter cash miss, gives equity of about $7.09 billion on roughly 39.5 million shares = $180 per share.

Calibration: this is a 44% decline, which is precisely the drawdown the shares suffered over the last twelve months (from a high of $460 to a low of $259) and close to the 36% three-month decline of October 2024 to February 2025. It is an adverse case, not a tail. The genuine tail -- a single-session estimate-at-completion blow-up of the kind seen on 31 October 2024, layered on top of the above -- reaches roughly $145.","Where we disagree with the market is subtler than usual, and it cuts both ways.

The street is wrong on the near term, in the company's favour. The two most recent published price targets were both set before the second-quarter result -- Bernstein at $337 on 17 July, when the stock was $271, and Wells Fargo at $325 on 8 July, when it was $289. Both are now at or below the traded price of $324.21. The published consensus of $360 rests on just two targets in the last quarter against nine over the past year, and the year-ago average was $369, so target velocity has been negative 10%. Consensus 2026 earnings per share of $17.80 is almost certainly stale: the first half already delivered $9.06, the second quarter beat by roughly 38%, and management raised both shipbuilding revenue and the margin floor. Our own build gets to roughly $19.15 for 2026. Those targets will be revised up over the next few weeks. That is a real, dateable dislocation -- but it is also the most crowded and shortest-lived kind, and about 12% of it was already taken on 30 July.

The street is also wrong, against the company, on the durability of the margin. The consensus 2028 earnings per share of $23.94 implies shipbuilding margin near 8%. Nothing in the transcripts supports that as a base case. Management has guided 6.0-6.5% for 2026 and describes the path as 'a nice incremental march' of roughly 30-40 basis points a year. On that cadence 8% arrives in 2030, not 2028. The chief financial officer was careful never to date the 9-10% ambition, and the chief executive's framing of the new submarine terms was pointedly deflationary: 'nothing really special... very consistent with the long term margin profile that we expect.' The market is extrapolating a straight line through four good quarters in a business where the previous four-quarter run ended with two single-session declines of 26% and 18%.

The third and largest disagreement is about cash. Consensus and management both carry 2026 free cash flow at $500-600 million. Almost nobody appears to have modelled what that requires: after a first half that consumed roughly $614 million and a third quarter guided to about $100 million, the fourth quarter must produce roughly $1.0-1.1 billion -- about double the $516 million achieved in the fourth quarter of 2025 -- and it depends on contract advances from a contract signed on 29 July plus a research-and-development tax credit. Analysts asked management to size the submarine contract adjustment twice on the last call and were refused twice. The company ended June with $12 million of cash. This is the assumption most likely to be factually wrong, and it breaks in February 2027, not now.","This is a genuinely good business improving on schedule, which has already been paid for. Wait for the wash-out rather than buying today.

Start with what is not in doubt. Huntington Ingalls is the only builder of nuclear-powered aircraft carriers in the United States and one of two builders of nuclear submarines, and on 29 July 2026 it secured its share of a $76.6 billion Navy award running to July 2038 -- roughly $25 billion at Newport News plus about $5 billion of customer-funded industrial-base investment shared with General Dynamics' Electric Boat. Backlog was $57.3 billion at 30 June, about 4.3 times revenue, before that award books in the third quarter. The forensic record is clean: every one of the three operational initiatives management set out in May 2025 has been delivered -- 14% throughput improvement, $250 million of cost taken out, and now the contracts signed. When they missed the throughput target they cut it in public mid-year rather than restating the base later. When Goldman Sachs tested whether the pre-pandemic-to-post-pandemic contract crossover had drifted, the answer was a falsifiable 'they look on top of each other right now.' Guidance was raised twice in the same release on 30 July. Credibility here is high, and the margin trend is real: shipbuilding return on sales 5.2%, then 5.9%, now guided 6.0-6.5%, with the quarterly sequence marching 5.8%, 6.0%, 6.3%.

On pricing power, the lie detector reads honest but thin. Gross margin expanded to 12.56% on a trailing-twelve-month basis from 12.38% a year earlier while revenue grew about 14% -- expansion on growing volume, not commoditisation bought with volume. But 0.2 percentage points is a whisper, and the improvement is driven by contract mix and incentive fees rather than by price. This company is a price-taker to a single buyer; that is why a business with impassable barriers earns only 5.3% on invested capital against General Dynamics' 10.9%. The moat is narrow in the only sense that matters to a shareholder: the barriers are absolute, the surplus is captured by the customer.

The order book is the strongest part of the case and it is dated properly. Second-quarter book-to-bill was 1.96 times, these are firm contracts with a sovereign counterparty rather than framework agreements, and the milestones are named and scheduled -- CVN 79 preliminary acceptance, SSN 800 and LPD 30 deliveries all in 2026, CVN 81 keel later this year, five ships over twelve months. The one place undated language does appear -- the Hyundai Heavy Industries partnership, which progressed from a memorandum of understanding to a memorandum of agreement over five quarters and produced nothing -- I have valued at zero, as should everyone.

Capital discipline is adequate rather than exemplary. Capital spending is running at 3.5-4% of sales against a 2.5% long-run norm, and it is growth capital for submarine throughput, much of it customer-funded through the $5 billion industrial-base tranche -- that is the right kind of spending. But the company bought back nothing in the second quarter and only $43 million in the first, while the shares traded 30-40% below their high. Management is not signalling that the stock is cheap.

The regime read is neutral for this chain, and I will not lean on it. What I will lean on is the input-cost path the bear case has to price, because for a shipbuilder it is labour rather than metal: HII reset wages at Newport News in mid-2025 and signed a new Ingalls labour agreement in March 2026, and every dollar of that above the assumptions baked into existing contract estimates lands as a charge on the pre-pandemic book that runs until 2027. That is precisely the mechanism that took the shares down 26% in one session on 31 October 2024 and a further 18% on 6 February 2025 -- a 36% decline in three months. It has been quiet for four quarters. It has not been retired.

Which brings me to the two numbers that decide this. Free cash flow in the first half of 2026 was roughly negative $614 million, the third quarter is guided to about $100 million, and the reiterated full-year guide of $500-600 million therefore requires roughly $1.0-1.1 billion in the fourth quarter alone -- about double what the fourth quarter of 2025 produced -- resting on contract advances from a contract signed on 29 July. The company ended June with $12 million of cash. Separately, our own screener proxy reports trailing free cash flow of $376 million and annual capital spending of $29 million; both are wrong, and materially so, since capital spending was $119 million in the second quarter alone. Anyone sizing on the proxy is sizing on a fiction.

Valuation reconciles to about $370 per share on a two-year view: the parts, valued on 2028-2029 earnings at 13 times for Newport News, 11 times for Ingalls and 13 times for Mission Technologies, come to $350; holding today's forward multiple constant onto 2028 consensus gives $384. That is 14% above the current $324.21. The adverse case, assuming a funding lapse flattens the ramp and the labour reset produces contract charges, is $180 -- a 44% fall, which is exactly the drawdown the shares actually suffered over the past twelve months from $460 to $259. The favourable case of $497 needs shipbuilding margin near 8.5% by 2028, well ahead of the current 6.0-6.5% and of management's own 'incremental march' cadence.

So: roughly 14% up to fair value against 44% down to the adverse case, on a stock that jumped 12% on the last print and sits 11% above its 50-day average. The business deserves a place on the list; the price does not deserve capital today. I would enter on either of two specific developments. The first is a level: $270 or below, which is the pre-print price and takes the discount to fair value from 12% to roughly 27%, giving a genuinely asymmetric setup. The second is a fact: a 2027 shipbuilding margin guide with a 7 in front of it, delivered in early February 2027 alongside a fourth quarter that actually produced its $1 billion of cash. Either would justify a full position. Until one of them arrives, this is a watch, not a buy.

One last note for the record: the submarine award has already fired, and in this lane that is neither a mark against the name nor a reason to chase it. Post-event franchises frequently keep running. My hesitation is about the price paid, not the spent catalyst.",4,STRENGTHENING,"# Forensic dossier — Huntington Ingalls Industries (HII)

*Prepared 2026-08-04. Price used throughout: $324.21 per share on the New York Stock Exchange (US dollars), the live quote as of today. Transcripts reviewed: the six quarterly earnings calls from 1 May 2025 through 30 July 2026. The 30 July 2026 second-quarter call was not in the supplied bundle and was pulled fresh; it is the single most important document in this file.*

---

## 1. Narrative arc

The story management has told over these six quarters is unusually consistent, and that consistency is the most valuable thing in the file.

**The starting position (May 2025).** Chief executive Chris Kastner opened 2025 with three numbered operational initiatives and then repeated the same three, in the same order, on every subsequent call: raise shipbuilding throughput (the volume of work physically completed in the yards), cut $250 million of annualised cost, and get new contracts awarded. Alongside them he set a frank expectation that the near term would be ugly for a specific, mechanical reason: HII was still building ships priced before the pandemic, at pre-pandemic assumptions about labour and materials, and would keep bleeding margin on them until they rolled off. ""The next 1.5 years will be challenging as we transition out of ships contracted for pre-COVID to our new contracts"" (second quarter 2025). He put a date on the crossover — 2027 — and then defended that date under direct questioning in every later call.

**What changed.** Nothing about the thesis; a great deal about the evidence. The first-quarter 2025 call was defensive: revenue fell 2.5% year over year, Newport News was ""modestly behind plan,"" and CVN 80 Enterprise was stalled waiting on late engine-room components from suppliers. By the third quarter of 2025 revenue was a record and shipbuilding sales were growing 18%. By the second quarter of 2026 the company had posted its fourth consecutive quarter of double-digit shipbuilding growth, and management raised guidance twice in one breath — shipbuilding revenue to $10.2–10.4 billion from $9.7–9.9 billion, and the shipbuilding operating margin floor to 6.0% from 5.5%.

**The one thing that kept slipping, and then didn't.** The third initiative — contract awards — was the running sore. The Virginia-class Block VI and the next Columbia-class submarine contracts were expected ""later this year"" in the second quarter of 2025, ""late this year"" in the third quarter of 2025, ""before the end of the first half"" in the fourth-quarter 2025 call, and ""in the second quarter"" in the first quarter of 2026. Analyst Gautam Khanna put it plainly in February 2026: ""this thing was expected at one point to be done north of a year ago."" It finally landed on 29 July 2026 — the US Navy awarded $76.6 billion across nine Block VI Virginia-class attack submarines (with material bought for a tenth) and five Columbia-class Build II ballistic-missile submarines, of which roughly $25 billion flows to HII's Newport News yard plus about $5.5 billion on Columbia, and about $5 billion is earmarked across both builders for shipyard productivity, workforce and industrial-base investment. Work runs to July 2038.

**Growth drivers added.** Two genuinely new legs appeared and were not quietly dropped. First, unmanned systems: the REMUS undersea vehicle line (750th delivered in 2025), the Lionfish small undersea vehicle programme that ""could scale to 200 vehicles,"" and the ROMULUS family of unmanned surface vessels built on HII's own Odyssey autonomy software. Second, new ship classes: an Ingalls frigate lead-yard-support contract awarded in April 2026, and a new battleship programme (the announced Trump-class, lead ship USS Defiant) with initial advance procurement in the fiscal-2027 budget request. Management explicitly refused to put either in guidance — ""we will need additional details before we can include those in our guidance outlook"" (second quarter 2026). That refusal is a credibility marker, not a weakness.

**Quietly dropped.** The Shipbuilder Accountability and Workforce Support proposal, discussed at length in May 2025 after it vanished from the final maritime executive order, never came back. Kastner reframed it sensibly at the time — the label may be dead but ""the investments are required"" — and the $5 billion industrial-base tranche inside the July 2026 award is that reframing proved correct. The HD Hyundai Heavy Industries partnership progressed from a memorandum of understanding (May 2025) to a memorandum of agreement (February 2026) and has produced nothing concrete since. Treat it as decoration.

---

## 2. Claims versus financials (forensic)

| Management claim | Where and when | What the numbers say | Verdict |
|---|---|---|---|
| Throughput up ~20% in 2025 (later revised to ~15%, delivered 14%) | Q1 2025 → Q4 2025 | 2025 revenue $12.48 billion, up 8.2%; shipbuilding grew 18% in the second half | **Holds, after an honest downward revision.** They cut the target mid-year rather than restating it later |
| $250 million of annualised cost reduction by end-2025 | Every call from Q1 2025 | Confirmed achieved in the Q4 2025 call, ""mostly overhead and support labor"" | **Delivered** |
| Margin normalisation ""in the years ahead,"" long-term shipbuilding goal 9–10% | Q1 2025 through Q2 2026 | Shipbuilding return on sales: 5.2% (2024) → 5.9% (2025) → 6.0–6.5% guided (2026). Quarterly march 5.8% → 6.0% → 6.3% | **Directionally true, slower than the goal.** 9–10% is still four or more years out and unproven |
| Gross margin is improving | Implied throughout | Trailing-twelve-month gross margin 12.56% versus 12.38% a year earlier, on revenue up ~14%. Second quarter 2026 alone: 13.2% versus 12.8% | **Holds, barely.** Expansion of roughly 0.2 percentage points is real but thin |
| Segment profitability inflecting | Q2 2026 | Segment operating income $224 million (6.6% margin) versus $172 million (5.6%) a year earlier; consolidated operating margin 6.1% versus 5.3% | **Holds, and it is the strongest single data point in the file** |
| Free cash flow of $500–600 million in 2026, reiterated | Q4 2025, Q1 2026, Q2 2026 | First half 2026 free cash flow was roughly **negative $614 million** (operating cash flow of −$390 million and −$31 million, against net capital spending of $74 million and $119 million). Third quarter guided to only about +$100 million | **The weakest link.** The fourth quarter must produce roughly $1.0–1.1 billion of free cash in a single quarter to hit the range — about double the $516 million the company managed in the fourth quarter of 2025 |
| Contract awards worth more than $50 billion across 2025 and 2026 | Q1 2025 | 2025 awards $16.9 billion; 2026 first half $10.7 billion; plus roughly $25 billion of Newport News submarine modifications booked 29 July 2026 | **On track to clear it** |
| Backlog and demand are strong | Every call | Backlog $57.3 billion at 30 June 2026, about 4.3 times trailing revenue, before the July submarine award lands. Second-quarter book-to-bill (orders divided by revenue) was 1.96 times | **Holds, and improving** |

**Where the story is richer than the trajectory justifies.** Returns. Return on invested capital is 5.3% and return on equity 12.9% — for a business with an absolute monopoly on US aircraft-carrier construction and half of the nuclear submarine franchise, those are poor. The reason is structural, not managerial: the customer is a single buyer that negotiates on cost, and the contracts are largely cost-plus or incentive-fee. Management's 9–10% margin ambition, if reached, would take return on invested capital to perhaps 9–10% — respectable, not exceptional. Nothing in the transcripts acknowledges this ceiling.

**A data discrepancy worth flagging.** Our own deterministic screener metrics report trailing-twelve-month free cash flow of $376 million and capital spending of $29 million. Both are wrong. Capital spending was $119 million in the second quarter of 2026 alone (3.5% of revenue, against a full-year guide of about 4%), and trailing free cash flow is close to zero or slightly negative once the first half of 2026 is included. Anyone sizing on the proxy figure is sizing on a number the company's own filings contradict.

---

## 3. Tone and confidence trajectory

**Rising, steadily and without a single lurch.**

- *First quarter 2025 — cautious.* ""Newport News is modestly behind plan."" Chief financial officer Tom Stiehle on the guidance: ""we're just being conservative. We have some risk to burn down through the year.""
- *Second quarter 2025 — still hedged.* ""The next 1.5 years will be challenging."" On the tailwinds, though, a first note of conviction: ""The tailwinds are real. The demand is real.""
- *Third quarter 2025 — first genuine confidence.* Record sales, shipbuilding up 18%. But Kastner deliberately damped it: ""That's why I consider this a stable quarter. It's stable, but we need to continue to keep our head down and work."" Stiehle added, ""it's 13 weeks. Some of these contracts have 2 to 6 years to go.""
- *Fourth quarter 2025 — the first offensive move.* Medium-term shipbuilding growth guidance raised from about 4% to about 6%. That is the first time in the sequence they raised anything.
- *First quarter 2026 — operationally assured.* ""We are on plan through Q1."" A new voice, Newport News president Kari Wilkinson, delivered specific milestone detail.
- *Second quarter 2026 — confident, and now with the receipts.* Guidance raised on both revenue and the margin floor, four straight double-digit growth quarters, and the submarine contract in hand. Stiehle: ""I feel really comfortable about that... a nice incremental march that we have kind of forecasted.""

There is no shift from offensive to defensive language anywhere in the sequence — if anything the opposite. What is notable is the *absence* of triumphalism at the moment it would have been easiest: on the call the morning after a $76.6 billion award, Kastner's answer to whether the terms surprised him was flatly deflationary — ""No, nothing different or special about the terms... very consistent with the long term margin profile that we expect.""

---

## 4. Guidance credibility

**High.** This is the strongest section in the file.

Test one: the 2025 throughput target. Set at 20% in the first quarter, revised down to about 15% in the third quarter when it was clear Newport News was behind, delivered at 14%. They cut the number in public, in the middle of the year, rather than quietly restating the base later.

Test two: the $250 million cost programme. Promised in the first quarter of 2025 for delivery ""by year's end,"" confirmed delivered in the fourth-quarter call. Clean.

Test three: the pre-pandemic-to-post-pandemic contract crossover. Committed to 2027 in the third quarter of 2025. When Noah Poponak of Goldman Sachs asked in the first quarter of 2026 whether the internal schedule had drifted versus a year earlier, Stiehle answered without qualification: ""They look on top of each other right now."" That is a falsifiable claim on a schedule they have every incentive to fudge, and they did not fudge it.

Test four: the sandbagging pattern. Real and consistent. Stiehle told analysts in the second quarter of 2025 ""we're just being conservative""; in the second quarter of 2026 he said again ""there is probably a little conservatism in there."" The company has beaten in six of its last seven quarters (86%), and the second quarter of 2026 earnings per share of $5.27 came in roughly 38% above the street. This is deliberate low-balling by a management team that got burned by aggressive booking rates before the pandemic. It is a *feature* for a director — but it means the current 2026 guide is a floor, not an estimate, and the reported ""beat"" carries less information than the raw rate suggests.

Test five: the contract-award promise. This one slipped by roughly eighteen months, over four consecutive calls, and management never gave a substantive reason beyond ""it's a big complicated contract."" The award eventually came in as expected. Score this as a *timing* miss with no *substance* miss — but it is the one place where the answers were genuinely thin.

**Reliability: High.**

---

## 5. Analyst pressure points

**The margin-versus-revenue disconnect.** Poponak pressed this hardest, in the third quarter of 2025: why does throughput and top-line growth improve faster than margin? Kastner's answer was technically correct but unsatisfying — estimate-at-completion accounting means a good quarter retires risk without immediately raising the booking rate. The unspoken implication is that margin recognition is a *management judgement* about the remaining years of a contract, and judgement can move either way. This is the most important thing in the file that analysts circled and management never fully opened up.

**The size of the submarine-contract adjustment.** Asked directly and repeatedly on the second-quarter 2026 call (Khanna: ""is there any way you can give us some way to assess how big that was?""), Stiehle declined twice: ""we normally do not provide that type of visibility."" Investors therefore cannot separate how much of the 6.6% segment margin was operational improvement and how much was a one-time contract-adjustment credit. Management themselves flagged that ""a piece of Q2 has incentives in there.""

**Cash flow timing.** Analysts have not yet pressed hard on the fourth-quarter cash-flow cliff. They should. Management's own explanation — ""timing of receipts and disbursements between quarters"" — is the standard phrase for a working-capital slip, and the required fourth-quarter number is now extraordinary.

**Capital spending duration.** Asked in the second quarter of 2025 how long capital spending stays at 3.5–4% of sales instead of the 2.5% long-term norm, Stiehle would not commit: ""we haven't provided a specific number."" He did give the important offset — ""we'll continue to get meaningful participation from our Navy customer as we invest."" The July 2026 award's $5 billion industrial-base tranche is that participation, made concrete.

**Questions that turned into bad news later:** essentially none in this window. The CVN 80 supplier delays flagged in the first quarter of 2025 were resolved by the third quarter (modules received, 64% erected by mid-2026). The pattern here is problems disclosed early and then closed out, which is the opposite of the usual shipbuilding pattern.

---

## 6. Red flags and green flags

**Concerning**

- **The fourth-quarter 2026 cash-flow cliff.** First-half free cash flow of roughly −$614 million, third quarter guided to about +$100 million, full year reiterated at $500–600 million. The fourth quarter must deliver roughly $1.0–1.1 billion. Management leans on ""contract advances and incentives"" from the new submarine award plus a research-and-development tax credit. If the advances slip a quarter, the guide breaks in February 2027.
- **A $12 million cash balance** at 30 June 2026, against $1.7 billion of liquidity that is therefore almost entirely undrawn revolving credit. Net debt is $2.92 billion including capitalised leases ($2.69 billion excluding them), about 2.4 times trailing earnings before interest, tax, depreciation and amortisation. This is a *liability*, not a cushion — there is no net cash to add back in any valuation.
- **Estimate-at-completion volatility is the company's demonstrated killer.** The share price fell 26% in a single session on 31 October 2024 ($250.49 to $184.96) and a further 18% on 6 February 2025 ($195.58 to $159.75), reaching $160 by mid-February — a 36% decline in roughly three months, driven entirely by adverse contract re-estimates. Third-quarter 2025 still carried a negative 13% net estimate adjustment at Newport News. The mechanism that did that has not been retired; it has only been quiet for four quarters.
- **Insider behaviour.** Zero open-market purchases against four sales totalling 14,100 shares. Not damning, but no one inside is buying the recovery.
- **No buybacks in the second quarter of 2026** despite the shares trading well below their 52-week high, and only $43 million repurchased in the first quarter. Cash is going to the yards and the dividend ($1.38 per quarter, about $55 million), not to shrinking the count.
- **Return on invested capital of 5.3%** on a monopoly franchise. The barriers are absolute; the economics are not.
- **Thin analyst coverage.** Only two price targets published in the last quarter (Bernstein $337 on 17 July, Wells Fargo $325 on 8 July — both set *before* the second-quarter result), against nine over the past year averaging $369. The consensus of $360 is not a broad view.

**Positive**

- **The submarine award is signed.** The single largest overhang in the story — an eighteen-month contract slip — closed on 29 July 2026 with $76.6 billion of work running to 2038, roughly $25 billion at Newport News, plus about $5 billion of customer-funded industrial-base investment shared with General Dynamics' Electric Boat.
- **Four consecutive quarters of double-digit shipbuilding growth**, and guidance raised on both revenue and the margin floor in the same release.
- **The margin march is arithmetically visible**: shipbuilding return on sales 5.2% (2024) → 5.9% (2025) → 6.0–6.5% guided (2026), and quarterly 5.8% → 6.0% → 6.3%.
- **Backlog of $57.3 billion** at 30 June 2026 — about 4.3 times annual revenue — with second-quarter book-to-bill of 1.96 times, and the submarine modifications still to be added in the third quarter.
- **The labour problem is being fixed with named, dated actions**: a Newport News wage adjustment in mid-2025, an Ingalls collective bargaining agreement signed in March 2026, 6,600 shipbuilders hired in 2025 and over 3,500 in the first half of 2026, apprentice schools at full enrolment, and outsourcing to 23-plus distributed partners growing 30% in 2026.
- **Two funded new franchises**: an Ingalls frigate lead-yard-support contract (April 2026) and battleship advance procurement in the fiscal-2027 request — both deliberately excluded from guidance.
- **The unmanned business has crossed from pilot to production**: the next Lionfish production option secured, and ROMULUS advanced to US Navy medium unmanned surface vessel at-sea testing scheduled for September 2026.

---

## 7. Hidden signals

**""Distributed shipbuilding"" replaced ""outsourcing.""** The word choice changed around the third quarter of 2025 and matters: it reframes sending work to third-party yards from a cost tactic into an industrial-capacity strategy. Scott Mikus of Melius pushed on quality in the second quarter of 2026, and the answer was refreshingly unvarnished — ""it is not been perfect, and we still have some issues"" — followed by a concrete proof point: the first two outsourced grand blocks were erected as expected.

**Two new operating voices appeared, and both were more specific than the chief executive.** Kari Wilkinson (Newport News) joined the first-quarter 2026 call and Brian Blanchette (Ingalls) the second-quarter 2026 call. Both delivered milestone-level detail that Kastner had previously summarised. Putting yard presidents in front of investors is what management does when the yards are performing, and the specificity is itself evidence.

**The pivot from ""shipbuilder"" to ""defence technology company"" is real but modest.** Partnerships with C3 AI (schedule optimisation), Shield AI, Thales, Babcock International and Applied Intuition all arrived within five quarters. Mission Technologies remains only about 23% of revenue, and its revenue actually *fell* 3.9% in the second quarter of 2026 (roughly flat organically, after adjusting for a $45 million non-recurring prior-year item). The autonomy story is optionality, not yet a segment.

**Management is honest about the limits of its own intellectual property.** Asked by Bank of America's Mariana Perez Mora whether HII could escape mid-single-digit cost-plus margins by owning the autonomy software, Kastner did not oversell: the Odyssey stack is written to open Navy standards, so ""that is a different discussion on profitability."" A promoter would have claimed a software multiple. He declined.

**A subtle sign that new contracts are better than the old ones.** Kastner in the second quarter of 2026 on the Block VI terms: ""we had to incorporate lessons learned from coming through COVID and the economic environment we dealt with there. So I do obviously expect it to perform better than those contracts."" That is the whole investment thesis stated in one sentence — and it is a forecast, not a fact.

---

## 8. Capital-allocation verdict

**Trajectory: STRENGTHENING.**

Every one of the three operational initiatives set out in May 2025 has now been delivered or is running ahead: throughput up 14% in 2025 with 15% targeted and 12% achieved through the first half of 2026; the $250 million cost programme banked; and the contract awards — the last and slowest — signed on 29 July 2026. Revenue growth has accelerated for four straight quarters, the margin trend is upward and small but genuinely visible in the segment numbers, and guidance was raised rather than defended.

**The single most important thing to weigh before sizing.** It is not the demand, which is about as certain as anything in equities — a sole-source monopoly, a 12-year contract, and bipartisan funding. It is that **reported profit here is a management estimate, not a measured result.** Percentage-of-completion accounting means margin depends on judgements about costs still four to six years away, and those judgements have twice in the last two years produced same-day share-price falls of 26% and 18%. Layer on the second issue: the 2026 free-cash-flow guide now requires roughly $1.0–1.1 billion in the fourth quarter alone after a first half that consumed roughly $614 million. Both risks land inside the next two reporting periods. Size for a business whose earnings are estimates and whose cash arrives in one lump at year-end — not for the backlog.

**Economic moat: NARROW, and stable.** The moat type is regulatory licence combined with scale-cost. HII is the only builder of nuclear-powered aircraft carriers in the United States and one of only two builders of nuclear submarines; the licensing, the security clearances, the dry docks and the 44,000-person skilled workforce cannot be replicated by anyone at any price on any relevant timescale. On barriers alone this would be a wide moat. But the returns evidence caps it: return on invested capital is 5.3% and return on equity 12.9%, both well below General Dynamics at 10.9% and 17.4%. A single-buyer customer negotiating on cost captures most of the surplus the barriers create. The trend is *stable to mildly improving* — gross margin edged from 12.38% to 12.56% over the past year on 14% revenue growth, and segment margin moved from 5.6% to 6.6%. That is not an eroding franchise; it is a structurally low-return one that is slowly repairing.

**Secular threat: manageable.** The one genuine long-horizon question is whether large crewed platforms — carriers above all — lose budget share to distributed, unmanned and missile-centric forces. The signals are already visible in the transcripts: a presidential review of carrier design, a proposed reversion of catapults, and a new battleship class appearing from nowhere in the fiscal-2027 request. But the displacement runs over decades, the current budget funds carriers 80, 81 and 82 simultaneously, and HII is itself among the largest suppliers of unmanned undersea vehicles. This is a slow structural drift to monitor, not a terminal impairment.

**Is the cheapness a fear-print or a value trap?** Neither, cleanly. At 10.2 times consensus 2028 earnings before interest, tax, depreciation and amortisation against General Dynamics at about 17 times and BWX Technologies at about 33 times, HII is priced for the low returns it actually earns, not for decline. The discount is a *quality* discount, and it is mostly deserved. It narrows only if the margin march reaches the 8–9% zone. It is not a trap, because the revenue base is contractually growing to 2038; but it is not a deep-value fear-print either, since the shares have already rallied roughly 25% off their 50-day average and 12% in a single session on the second-quarter print.

CREDIBILITY_SCORE: 4 | TRAJECTORY: STRENGTHENING | MOAT: NARROW | MOAT_TREND: STABLE | SECULAR_THREAT: manageable
"
7,ISRG,Healthcare,77,robotics_automation,robotics_automation,,equipment_services,"da Vinci robotic surgical systems - robotic arms, articulated instruments and three-dimensional vision consoles for minimally invasive surgery",Surgical-robotics platform maker with capital-equipment placements plus recurring instrument and service revenue - an explicit anchor name for this chain,"Intuitive Surgical sells surgical robots and then earns most of its money on the instruments and service each installed system consumes, and that installed fleet is still compounding while margins widen - the market has confused a slower growth rate with a broken franchise.","Reported gross margin was 67.8% in the June 2026 quarter against 66.3% a year earlier, and 70.0% against 67.9% on the company's adjusted basis, on revenue up 19% to $2.89 billion; on 16 July 2026 management raised full-year adjusted gross-margin guidance to 68.0-69.0% while absorbing about a point of tariff cost it chose not to pass on. Margin widening on strong growth is the right answer, with the caveat that the competitive shelter here is wide but thinning as rival platforms arrive.","There is no order book to grade in the ordinary sense, and it would be dishonest to invent one; the equivalent is a named, installed fleet - 11,710 systems at the end of the June 2026 quarter, up 12%, with 468 placed in the quarter against 395 a year earlier and procedures up about 16% worldwide, the lung-biopsy platform up 36%. Those are production deployments at scale rather than pilots, which is what this chain's test asks for, but there is no dated contractual milestone behind them and this pillar is scored accordingly.","$8.63 billion of cash and investments against no debt of any kind, 29% of revenue converted to free cash flow ($3.22 billion), and a 15.1% return on invested capital.","Reconciled value $310 a share against $365.33 - about -15.1%, so the guard takes a deduction and the position is sized below a full unit.",,,,"Expanding on rising revenue: reported gross margin 67.8% in the June 2026 quarter against 66.3% a year earlier (up 1.5 percentage points), 70.0% against 67.9% adjusted, on revenue up 19% to $2.89 billion, with full-year margin guidance raised on 16 July 2026.",0.2066,0.2921,0.62,BOTZ,-0.54,0,strong,False,False,False,"{""robotics_automation"": ""NEUTRAL""}","The robotics chain reads neutral. This seat is the one in the book whose demand comes from hospital capital budgets and surgical procedure volumes rather than from any capital-spending cycle the other seven share, which is precisely the diversification it is here to provide.",,,-15.1,,REJECT,long-duration-multiple; hospital-capital-budgets,14.29,0.7,14.29,False,2 tranches / 2 wks,250.0,205.0,B,3,FIRED,About $310 per share,"Base case, built on trailing-twelve-month revenue of $11.03B split roughly 60/24/16 using the June 2026 quarter's reported mix. Instruments and accessories, roughly $6.6B growing 18%: this is the crown jewel -- consumables tied to 11,710 installed da Vinci systems and more than fifty thousand trained surgeons, with switching costs that survive a competitor winning the next capital order. Valued at 12.0 times sales, a clear premium to Stryker's blended 5.4 times, which is warranted by the growth rate and the recurring mix but no longer by exclusivity: $79.2B. Systems, roughly $2.6B: capital equipment, hospital-budget sensitive, more than half of recent units placed on operating leases, and as of 2026-07-22 no longer the only cleared option in general surgery. Valued at 3.5 times sales, between Globus Medical's 3.4 times and Stryker's 5.4 times: $9.1B. Services plus the digital subscription, roughly $1.8B growing above 20%: contracted maintenance on an installed base that only grows, now with a paid software layer beginning to invoice. Valued at 8.5 times sales: $15.3B. Operating enterprise value $103.6B. Overlay: net cash and investments of $8.63B (cash $2.76B, short-term investments $2.46B, long-term investments $3.41B) against zero debt including leases -- worth about $24 per share and a genuine add-back. Equity value $112.2B on 358.5 million diluted shares, or about $313 per share; I round to $310. Cross-check: at $310 the enterprise trades at 21 times trailing operating cash earnings before depreciation and about 30 times estimated 2026 reported earnings, which is a full but defensible multiple for a mid-teens compounder whose competitive shelter just came off.","From the 2026-08-04 close of $365.33: the base case sits at $310, the adverse case at $205 and the favourable case at $430. The uncomfortable conclusion is that the base case is below the current price -- after a decline of roughly 40% this year the shares have gone from expensive to approximately fair, not to cheap. The adverse case is a long way down and is driven by a de-rating rather than by any solvency or financing risk (zero debt, $8.63B of cash and investments, $3.22B of trailing free cash flow). The favourable case requires the July 2026 competitive break to prove a non-event for pricing. That is an unattractive shape to underwrite today and an attractive one somewhere near $300.","MDT, SYK, JNJ, SNN, ASXC, GMED","The bull case is that the market has confused a slower growth rate with a broken franchise, and has done so at the precise moment the economics are getting better rather than worse. Start with what is verifiable. In the June 2026 quarter Intuitive grew revenue 19% to $2.89B, grew adjusted earnings 28% to $2.80 per share against a street estimate near $2.51, placed 468 da Vinci systems against 395 a year earlier, and lifted its installed base to 11,710 systems, up 12%. Procedures grew about 16% worldwide, with the Ion lung-biopsy platform up 36%. On a trailing-twelve-month basis the company earns $8.79 of reported diluted earnings on $11.03B of revenue, converts 29% of revenue to free cash flow ($3.22B), earns a 15.1% return on invested capital, and carries $8.63B of cash and investments against literally zero debt. Nothing in that set of numbers is deteriorating.

The pricing-power evidence is the strongest part of the case. Through a tariff shock that management explicitly refused to pass on to customers -- 'we do not plan reflexive changes to our pricing' (first-quarter 2025 call) -- gross margin went up, not down: 66.3% to 67.8% year over year on a reported basis. On 2026-07-16 they raised the full-year adjusted gross-margin guide to 68-69% while holding the procedure guide. A company that absorbs an input-cost shock and still expands margin is not commoditising; it is exercising price.

The growth engine has more than one cylinder. Instruments and accessories -- the razor-blade line, 60% of revenue -- grew 18% to $1.73B in the June quarter and rides an installed base that expands every quarter regardless of how any single quarter's placements land. The single-port platform grew procedures 68% in the March 2026 quarter and has been steadily accumulating United States clearances (nipple-sparing mastectomy, inguinal hernia, cholecystectomy, appendectomy, colorectal and thoracic stapling). Ion is compounding above 35% with a Mayo Clinic publication of roughly 2,000 patients supporting earlier malignancy detection. Force-feedback instruments, supply-constrained since launch, received clearance in March 2026 for 15 uses on five of six instruments and moved to broader availability from the June quarter -- a premium consumable finally able to ship. And My Intuitive+, the digital subscription bundled free with da Vinci 5, began converting to paid invoicing from around the June 2026 quarter, which is incremental high-margin revenue the model does not yet carry.

The bull case on the competitive break is that share of new placements is not share of profit. Johnson & Johnson's Ottava authorisation on 2026-07-22 is real, but a hospital that buys one competing system keeps buying Intuitive instruments for the eleven thousand da Vinci systems already installed and for the fifty thousand surgeons already trained on them. Twenty million cumulative procedures of clinical evidence is not replicable on a two-year timetable. Management also pre-built the low-end defence before the threat was named: refurbished XiR systems (34 placed in the March 2026 quarter) and an ambulatory-surgery-centre channel give them a cheaper tier without discounting the flagship.

Conditions that must hold for this case: United States procedure growth must stabilise around 12-14% once the insurance-subsidy air pocket laps in 2027; instrument pricing must hold within a couple of points a year against both third-party remanufacturers and competitor platforms; adjusted gross margin must stay at or above 68%; and Ottava and Hugo must take capital placements without taking the consumable stream. If all four hold, this is a mid-to-high-teens earnings compounder with a fortress balance sheet, and the multiple stops falling.","The bear case is not that Intuitive is a bad business. It is that the two things which justified paying a monopoly multiple both changed in July 2026, and the price has not fully absorbed either.

First, the regulatory exclusivity ended on a date. On 2026-07-22 Johnson & Johnson received United States marketing authorisation for its Ottava table-integrated robotic surgical system across ten general-surgery procedures -- gastric bypass, sleeve gastrectomy, cholecystectomy, splenectomy, small-bowel resection, appendectomy, lysis of adhesions, fundoplication, hiatal hernia repair and gastrectomy. Those are not adjacent procedures. Benign general surgery is the specialty management named as the leading driver of United States growth in every single quarterly call from the first quarter of 2025 through the first quarter of 2026. Medtronic's Hugo system was already cleared for urology in December 2025 and filed 510(k) submissions on 2026-06-03 to extend into general surgery and gynaecology. Intuitive now faces two funded, distribution-rich incumbents in its core United States pool, and across five consecutive earnings calls management never once named either of them -- which means the roadmap you are underwriting was not built with them in it.

Second, the demand line is decelerating for reasons that are partly permanent. United States procedure growth fell from 14% in the March 2026 quarter to 12% in the June quarter, which management attributed to deferred treatment and changes in patient insurance coverage following the expiry of Affordable Care Act subsidies. Full-year da Vinci procedure guidance was set at 13.5-15.5% with an expectation of landing near the midpoint -- roughly 14.5%, against about 18% actually delivered in 2025. Separately, United States bariatric procedure volumes are reported down roughly 10% as weight-loss drugs substitute for surgery, and that substitution does not lap; it compounds. China is worse and management now says so in structural terms: 'relatively low tender activity across the category, domestic competition and policy-driven pricing pressure' (first-quarter 2026 call).

Third, the commodity and input-cost path is a margin headwind here, not a tailwind. Intuitive buys metals, optics, semiconductors and precision components; it sells none. Management's own 2026 gross-margin guide of 68-69% already embeds about one percentage point of tariff cost, and the release warned that 'additional tariffs could materially affect results.' A further two points of input cost on $11B of revenue is roughly $220M of gross profit, about $0.50 per share after tax, with no offsetting revenue benefit -- and management has publicly committed not to reprice reflexively, which means they eat it.

Fourth, the placement quality is weaker than the headline. Of the 468 da Vinci systems placed in the June 2026 quarter, 254 were under operating leases and 131 of those were usage-based. More than half the units generated no upfront system sale. That is a customer base that wants the technology and cannot fund the capital -- exactly the condition under which a table-integrated competitor with a smaller operating-room footprint and an aggressive price wins its first orders.

What would confirm the bear case, with numbers. If competitors take 15-20% of new United States placements and force a 10% cut in system average selling prices, system revenue falls from roughly $2.6B trailing to about $2.2B and the multiple the market pays for a contested capital-equipment line compresses toward the 2.0x sales that ordinary orthopaedic and spine equipment fetches. If instrument pricing gives up 3-5% a year to third-party remanufacturers -- a threat management itself raised on the 2025-07-22 call -- and procedure growth settles at 8-10%, the instruments and accessories line stalls near $6.9B and can no longer carry a scarcity multiple. Put those together with the services line at about $2.0B on a 6x multiple and the enterprise is worth roughly $64.7B; add the $8.63B of cash and investments and the equity is about $73B, or roughly $205 per share on 358.5 million diluted shares. An earnings cross-check lands in the same place: reported earnings of about $9.00 per share on 8-10% growth would fetch 22-24 times, or $198-216.

One more thing the bear case does not have to assume: there is no solvency, maturity or dilution risk at all. Zero debt, $8.63B of investments, $3.22B of trailing free cash flow. This is a de-rating risk, not a survival risk -- but a de-rating from 37 times trailing free cash flow has a long way to run.","Favourable sum-of-the-parts (valuing each business line separately), on estimated 2027 revenue, about $430 per share. Instruments and accessories at roughly $8.4B growing high-teens, valued at 13.0 times sales for a near-monopoly consumable stream locked to an installed base that keeps expanding: $109.2B. Systems at roughly $3.1B, valued at 4.0 times sales on the assumption that competitive entry costs placement share but not price: $12.4B. Services plus the My Intuitive+ digital subscription at roughly $2.3B growing above 20%, valued at 10.0 times sales as contracted, high-retention recurring revenue: $23.0B. Operating enterprise value $144.6B. Overlay: net cash and investments of roughly $10.5B by 2027 (zero debt today, $8.63B at 2026-06-30, and about $3.2B of annual free cash flow net of buybacks). Equity value $155.1B on 358.5 million diluted shares, or about $433 per share. This case requires United States procedure growth to stabilise near 13-14%, adjusted gross margin to hold at or above 68%, force-feedback instruments and the digital subscription to convert to premium-priced recurring revenue, and the two newly cleared competitors to remain capital-equipment rivals rather than instrument rivals.","Adverse sum-of-the-parts, assuming the chain regime turns against a robotics equipment maker -- hospital capital budgets tighten under Medicaid and insurance-subsidy pressure, input and tariff costs rise with no ability to reprice, and the two cleared competitors force concessions on both systems and instruments: about $205 per share. Instruments and accessories fall to roughly $6.9B as procedure growth decelerates to 8-10% and instrument pricing gives up 3-5% a year to third-party remanufacturers and competitor-compatible instrumentation, valued at 7.0 times sales: $48.3B. Systems fall to roughly $2.2B as competitors take 15-20% of new United States placements, average selling prices drop about 10%, and the operating-lease share of placements (254 of 468 units in the June 2026 quarter, 131 of them usage-based) keeps deferring revenue -- valued at 2.0 times sales, in line with contested medical capital equipment: $4.4B. Services hold at roughly $2.0B, the stickiest line, at 6.0 times sales: $12.0B. Operating enterprise value $64.7B. Overlay: $8.63B of cash and investments with zero debt, a genuine add-back. Equity value $73.3B on 358.5 million diluted shares, or about $204 per share. Earnings cross-check: about $9.00 of reported earnings per share at a de-rated 22-24 times gives $198-216, which brackets the same answer.","Wall Street is wrong in both directions at once, which is why the stock is roughly fairly priced rather than obviously mispriced.

The sell side is far too high. Consensus sits at $491.15 with a median of $493.50 -- about 34% above the 2026-08-04 close of $365.33 -- and the breadth data shows why that number is unreliable: the eighteen targets published in the last month average $488.97, the twenty in the last quarter average $496.97, but the forty-six published over the past year average $568.47. The analyst body is marking down at roughly a fifth of the speed the stock is falling; the screener's own analyst-target velocity of -13% against the year-ago average confirms an anchor sliding far too slowly. The specific assumption that is wrong is that Intuitive still deserves a monopoly terminal multiple. Almost every one of those targets was written before 2026-07-22, when Johnson & Johnson's Ottava system received United States authorisation across ten general-surgery procedures -- the exact specialty management has cited as the leading driver of domestic growth in every call since early 2025. Only two published targets have marked to the new world: Piper Sandler at $357.44 on 2026-07-27 and HSBC at $391.00 on 2026-07-30. Those two are the honest ones, and they bracket my base case of $310 far better than the $491 consensus does. A second street assumption I disagree with is that the United States deceleration from 14% to 12% procedure growth is a pure insurance-subsidy air pocket that laps out. Part of it is. But United States bariatric volumes are reported down roughly 10% as weight-loss drugs substitute for surgery, and drug substitution does not lap -- it compounds into the base every year.

The trading crowd is wrong in the other direction. On 2026-07-17 the market took the stock down about 14% to a fifty-two-week low on a guidance midpoint of roughly 14.5% against an expectation near 15.3% -- an eighty-basis-point disagreement about volume -- in a quarter where the company beat on revenue, beat adjusted earnings by about thirty cents, expanded reported gross margin by 1.5 percentage points and raised its full-year margin guide. That is the market reading a mix wobble as thesis breakage. If you are short or waiting for the collapse, note that nothing in the operating numbers is breaking: returns on invested capital are rising, margins are expanding, and free cash flow is $3.22B on zero debt.

Where I actually land, and where I differ from both camps: the numbers are fine and the multiple is the problem. At $365 the enterprise capitalises trailing free cash flow at 37 times and trailing operating earnings before depreciation at 27 times. That was a sensible price for a sole-source franchise. For a franchise that now shares its core United States procedure pool with two funded incumbents, my parts-based value is about $310. The gap is small enough that this is a patience problem, not a short.","The honest summary is that Intuitive is a superb business at a price that is now merely fair, and that the thing which changed in July 2026 was not the numbers but the shelter around them.

Start with what is not in dispute. On a trailing basis this company earns $8.79 of reported diluted earnings on $11.03B of revenue, converts 29% of revenue to free cash flow, returns 15.1% on invested capital, carries $8.63B of cash and investments against zero debt of any kind, and has beaten expectations in seven of the last seven quarters. In the June 2026 quarter it grew revenue 19%, expanded reported gross margin by 1.5 percentage points to 67.8% while absorbing about a point of tariff cost it chose not to pass on, and raised its full-year margin guidance. Management is credible: they took the pain on the volume guide and gave back the good news on the margin guide, which is the harder order to deliver in. The deterministic scan that flagged this name as having compressing gross margin is simply stale -- the margin is expanding, and I have verified it against the company's own release.

What changed is the moat's source. On 2026-07-22 Johnson & Johnson's Ottava system received United States authorisation across ten general-surgery procedures, ending roughly two decades of effective exclusivity in soft-tissue robotics; Medtronic's Hugo has been cleared for urology since December 2025 and filed for general surgery and gynaecology on 2026-06-03. Across five consecutive earnings calls, Intuitive's management never named either competitor. The moat itself is still wide -- switching costs on 11,710 installed systems, fifty thousand trained surgeons, twenty million procedures of accumulated evidence, and a consumables line at 60% of revenue that a competitor cannot address by winning one capital order -- but its foundation narrowed in a single week, and that shows up in the multiple long before it shows up in the earnings.

Add the demand-side drag. United States procedure growth slid from 14% to 12% as insurance-subsidy expiry pushed care out, full-year da Vinci procedure guidance sits at 13.5-15.5% against about 18% delivered in 2025, bariatric volumes are down roughly 10% to weight-loss-drug substitution that will not lap, and China has hardened into a structural problem management now describes in those terms. None of this is terminal. All of it lowers the growth rate the terminal value is built on.

Valuing the parts gets me to about $310 a share: the consumables line at twelve times sales, systems at three and a half, services and the digital subscription at eight and a half, plus twenty-four dollars a share of net cash and investments. The favourable case, in which competitive entry costs placements but not pricing and the subsidy effect laps cleanly, gets to about $430. The adverse case, in which hospital capital budgets tighten, tariffs rise into a company that has promised not to reprice, and competitors take fifteen to twenty per cent of new placements while instrument pricing gives up three to five per cent a year, gets to about $205 -- and an independent earnings cross-check at a de-rated twenty-two to twenty-four times lands in the same place.

So the base case sits below the $365.33 close. That is the whole call. After a decline of roughly 40% this year the shares moved from expensive to about fair, not to cheap, and the sell side has barely begun to mark down -- consensus at $491 was mostly written before the competitive authorisation, and only Piper Sandler at $357 and HSBC at $391 have marked to the world we are actually in. Meanwhile insiders have made zero open-market purchases against thirty sales, and the company's own buyback averaged about $422 in the June quarter.

The call is to wait, not to pass. Passing would be wrong: the franchise is intact, the forensics are clean, there is no financing risk whatsoever, and the multiple compression has done most of its work. But paying above my own parts-based value for a business that just lost its regulatory shelter is not how capital gets allocated well. I want this near $300 -- at or below the base-case value, which would be about twenty-six times estimated 2026 adjusted earnings and roughly twenty-one times enterprise value to operating earnings before depreciation -- or I want third-quarter results around 2026-10-21 to show United States procedure growth stabilising at 12% or better with adjusted gross margin at the top of the 68-69% guide. Either of those turns this into a position. Neither has happened yet.

On the two scores: I hold conviction at three, a genuine watchlist with a named level. The value score is lower, at two, and deliberately so -- judged purely on price against my reconciled fair value, the stock is roughly 18% above it, and pristine forensics do not create a discount that is not there. The two scores diverge because the business quality and the entry price are telling different stories, and only one of them is my job to pay for.",4,STABLE,"# Forensic dossier — Intuitive Surgical (ISRG)

*A deep dive on management and the setup. Prepared 2026-08-04. Share price used throughout: $365.33 on the Nasdaq, in US dollars.*

**Transcript coverage caveat, stated up front.** The bundle supplied to me contains five consecutive calls: the first quarter of 2025 (2025-04-22), the second quarter of 2025 (2025-07-22), the third quarter of 2025 (2025-10-21), the fourth quarter of 2025 (2026-01-22) and the first quarter of 2026 (2026-04-21). It does **not** contain the most recent call — the second quarter of 2026, reported 2026-07-16 with the filing accepted 2026-07-21 — which is the single most consequential event in this file. I have verified that quarter separately against the company's own results release and contemporaneous reporting, and I flag every figure that comes from outside the bundle.

---

## 1. Narrative arc

The story management tells has not changed in five quarters. What has changed is which parts of it they lead with.

Through 2025 the arc was one of **expansion on every axis at once**. In the first quarter of 2025 the pitch was scale and reach: the installed base crossed 10,000 systems, ""over 50,000 surgeons across 70 countries,"" procedure growth of 17 percent. By the fourth-quarter 2025 call the same story had grown a third dimension — three platforms all compounding (multiport robotic surgery up 17 percent, the single-port platform up 87 percent, the Ion lung-biopsy platform up 51 percent), the newest system, da Vinci 5, in broad launch with 870 units placed in the year, and a genuinely new revenue idea: My Intuitive+, a paid digital subscription bundled with da Vinci 5 whose free period was about to expire.

Two threads were introduced and became load-bearing:

- **Force feedback.** From the first quarter of 2025 this was framed as the core differentiator of the new system, and management was unusually candid that they could not supply it: ""we're supply constrained on force-sensing instruments. So we're not able to meet demand yet"" (chief executive Gary Guthart, 2025-04-22). By the first quarter of 2026 they had regulatory clearance for extended reuse — ""Five of 6 instruments are now cleared for 15 uses"" — and promised broader availability from the second quarter of 2026. That is a three-to-four quarter slip from ""near the end of 2025,"" which was the original promise.
- **A cheaper tier.** Refurbished da Vinci Xi systems, branded XiR, appear from the third quarter of 2025 and by the first quarter of 2026 are placed at 34 units per quarter. This is management quietly building a defence against price competition before naming the threat.

What was **quietly dropped or softened**: the confident international story. In the first quarter of 2025 the international weak spots were ""stresses in Germany, the U.K. and Japan."" By the first quarter of 2026 China had hardened into a structural problem stated in plain terms — ""relatively low tender activity across the category, domestic competition and policy-driven pricing pressure."" That sentence is management conceding a market, not describing a soft patch.

What was **never discussed**: competition from a credible incumbent. Across all five calls in the bundle, no executive names Medtronic's Hugo system or Johnson & Johnson's Ottava system. The nearest they come is an oblique warning about instrument remanufacturers (2025-07-22): ""we are aware that third parties have sought to offer products or services to health care providers that would modify some of our instruments to extend their use."" That is a real threat to the consumables stream, and they addressed it. The platform threat, they left alone.

## 2. Claims versus financials

Management's biggest claims test well. This is a company whose numbers back its narrative more completely than most.

| Claim (and where made) | The evidence | Verdict |
|---|---|---|
| ""Revenue growth of 21%"" for 2025 (2026-01-22) | Fiscal 2025 revenue $10.06B against $8.35B — up 20.5 percent | Holds |
| Procedures grew about 19 percent in 2025 | Revenue growth of 20.5 percent slightly exceeds procedure growth, i.e. price and mix contributed rather than detracted | Holds, and is better than claimed |
| ""Product margins were within our expectations"" (2025-04-22) — repeated in some form every quarter | Gross margin by quarter: 66.3 percent, 66.4, 66.4, 66.1, then 67.8 percent in the June 2026 quarter. Flat for four quarters, then up sharply | Holds. The recent quarter is better than ""within expectations"" |
| Investing through a tariff shock without repricing: ""we do not plan reflexive changes to our pricing"" (2025-04-22) | Held. Gross margin did not collapse; the company absorbed roughly a percentage point of tariff cost inside guidance | Holds — and this is the single most credible thing in the file |
| Operating discipline: ""30% earnings growth"" (2025-10-21) | Diluted earnings per share by quarter: $1.81, $1.95, $2.21, $2.28, $2.35. Trailing-twelve-month diluted earnings of $8.79 against $7.87 for fiscal 2025 | Holds |
| Free cash flow strength | Trailing-twelve-month free cash flow of $3.22B on $11.03B of revenue — a 29 percent margin, with capital spending only 4.4 percent of revenue | Holds |
| Balance sheet | Zero debt of any kind, including leases. Cash and investments of $8.63B at 2026-06-30 (cash $2.76B, short-term investments $2.46B, long-term investments $3.41B) | Holds. Note the screener's net-cash correction of $5.22B counts only cash and short-term investments and therefore understates it by $3.41B |

**Where the story is richer than the trajectory justifies.** One place, and it matters. Management has consistently described capital placements as a demand signal — ""we placed 431 da Vinci systems in Q1"" (2026-04-21), 468 in the June 2026 quarter. But in that June quarter, 254 of the 468 systems were placed under operating leases and 131 of those were usage-based. That is more than half the units generating no upfront system sale, and it means headline placement counts overstate the near-term revenue and understate the customer's reluctance to spend capital. Management has been honest about the cause — ""the greater constraint is on the capital side"" (chief financial officer Jamie Samath, 2025-10-21) — but the placement number is still the number they lead with.

**Where the story is poorer than the numbers.** Return on invested capital has *risen* to 15.1 percent on a trailing-twelve-month basis and return on equity to 17.8 percent, against the 12.5 percent and 14.0 percent the annual screener carries. Gross margin is expanding, not compressing. Management does not press this advantage in their prepared remarks, and the deterministic scan I was given records the opposite direction. On the current tape the returns evidence points to a franchise getting stronger, not weaker.

## 3. Tone and confidence trajectory

**Stable, with a distinct shift in what they choose to defend.**

- *2025-04-22 (first quarter of 2025)* — Confident but defensive on one topic only: trade policy. Guthart lays out principles rather than scenarios, which is the correct posture when you genuinely do not know. On Medicaid he simply declines: ""it's too soon to speculate.""
- *2025-07-22 (second quarter of 2025)* — A leadership handover, executed calmly. Dave Rosa takes over as chief executive after nearly thirty years at the company; Guthart moves to executive chair. There is no strategic reset, which is either reassuring continuity or a missed moment, depending on your view.
- *2025-10-21 (third quarter of 2025)* — The most offensive-toned call in the set: ""Q3 2026 was an excellent quarter,"" 23 percent revenue growth, 30 percent earnings growth, utilisation up across all three platforms.
- *2026-01-22 (fourth quarter of 2025)* — Still offensive, but the first genuinely defensive sentence appears about the domestic capital cycle and the first extended discussion of a lower-cost form factor, prompted by an analyst rather than volunteered.
- *2026-04-21 (first quarter of 2026)* — The tone tightens. China is described in structural language for the first time. Growth is still 17 percent but the phrase ""the lower growth rate relative to prior quarters"" appears unprompted in the prepared remarks. That is management pre-empting a question they expect.

Guidance became *more* specific over the period, not less — a good sign. The 2026 outlook is given as a range with a stated expectation of landing near the midpoint, which is a harder commitment than a range alone.

## 4. Guidance credibility

**High.** The screener records seven beats in seven quarters, and the quarter-by-quarter earnings series corroborates a company that does not miss.

The strongest evidence is what happened in the quarter outside my bundle. On 2026-07-16 the company reported revenue of $2.89B (up 19 percent, against a consensus near $2.82B) and adjusted earnings of $2.80 per share against expectations near $2.51 — and simultaneously **raised** its full-year non-GAAP gross-margin guidance to 68.0–69.0 percent from 67.5–68.5 percent, while **holding** full-year da Vinci procedure growth at 13.5–15.5 percent and telling investors to expect the midpoint. The market read the midpoint (about 14.5 percent) as a shortfall against the roughly 15.3 percent the street carried, and the stock fell about 14 percent on 2026-07-17 to a fifty-two-week low.

That is the behaviour of a management team that guides to what it believes rather than to what the share price wants. It is the opposite of sandbagging: they took the pain on the volume line and gave back the good news on the margin line, which is the harder order to deliver in.

There is one clear failure of anticipation, though not of honesty. Asked repeatedly through 2025 about Medicaid and insurance-subsidy exposure, management would not quantify it — ""it's not a dominant part of the mix"" (2025-04-22), and as late as 2026-01-22, ""do not have any evidence either way from an impact, but we haven't heard that from customers at all."" Six months later, changes to patient insurance coverage and deferred treatment were the stated reason United States procedure growth slowed from 14 percent in the first quarter of 2026 to 12 percent in the second. They were not evasive; they were genuinely blind to it. For a company whose revenue is downstream of elective-procedure volumes, that blind spot is worth pricing.

**Reliability: high.**

## 5. Analyst pressure points

Three questions recur, and management answers two of them well.

1. **Hospital capital budgets.** David Roman of Goldman Sachs pushed on this from the first quarter of 2025 onward. Management's answer has been consistent and, to their credit, concrete: help customers raise utilisation first, move systems if needed, and accept lease structures. The operating-lease share of placements shows they meant it.
2. **What the newest system does for pricing.** Rick Wise of Stifel asked directly whether the da Vinci 5 feature roadmap would help average selling prices or margins (2025-07-22). Samath's answer was unusually straight: ""most of those features to come, we won't directly charge for."" That is a real admission — the roadmap is a retention tool, not a revenue line.
3. **What happens at the low end.** Patrick Wood of Morgan Stanley asked the sharpest question in the bundle (2026-01-22): is the answer to lower-acuity, cost-sensitive cases a cheaper form factor, refurbished systems, or a cost curve that beats laparoscopy? Rosa's answer — that today's portfolio already serves both ends — is the weakest moment in five calls. It is a ""no comment"" dressed as a strategy. Six months later a competitor was cleared into exactly those procedures.

**What analysts worried about that management did not address:** platform competition. Nobody on the sell side pressed hard on Hugo or Ottava in these five calls, and management never volunteered it. That shared blind spot is now the central question in the stock.

## 6. Red and green flags

**Red flags**

- *2026-04-21* — China stated as a structural, policy-driven problem rather than a timing one. This is a permanent haircut to the international growth runway, not a deferral.
- *2026-07-16 (verified outside the bundle)* — United States procedure growth decelerating from 14 percent to 12 percent, attributed to deferred care and insurance-coverage changes. Part of this is a lapping issue; part is not. Bariatric procedure volumes in the United States are reported down roughly 10 percent as weight-loss drugs substitute for surgery, and that does not lap — it compounds.
- *2026-07-22 (outside the bundle, and the most important fact in this file)* — Johnson & Johnson received United States marketing authorisation for its Ottava table-integrated robotic surgical system across ten general-surgery procedures, including gastric bypass, sleeve gastrectomy, cholecystectomy, appendectomy, hiatal hernia repair and fundoplication. That ends a two-decade effective monopoly in soft-tissue robotics, and it lands precisely in benign general surgery — the specialty management has named as the leading driver of United States growth in every single call in this bundle. Medtronic's Hugo system, already cleared for urology in December 2025, filed 510(k) submissions on 2026-06-03 to extend into general surgery and gynaecology.
- *Throughout* — Insider behaviour is one-directional. Zero open-market purchases against thirty sales totalling 17,667 shares. Nobody inside is buying the drawdown.
- *June 2026 quarter* — The company repurchased 0.9 million shares for $380M, an average near $422. The shares now trade at $365. Not reckless, but not the opportunistic buyer you want at a fifty-two-week low either.
- *Persistent* — Stock-based compensation runs at 7.5 percent of revenue, roughly $830M a year. That is why I anchor on reported (GAAP) earnings throughout this note; the non-GAAP figures management leads with add back a real cost.

**Green flags**

- *Every quarter* — Gross margin holding and then expanding through a tariff shock the company chose not to pass on: 66.3 percent a year ago to 67.8 percent in the June 2026 quarter on a reported basis, 67.9 to 70.0 percent on the company's adjusted basis. Absorbing an input-cost shock without repricing and *still* expanding margin is the cleanest pricing-power evidence available.
- *2026-07-16* — Raising the margin guide while holding the volume guide. Management chose credibility over the share price.
- *2025-10-21 onward* — Utilisation, not just placements, is rising: multiport up 4 percent, single-port up 35 percent, Ion up 14 percent in that quarter. Utilisation is the honest demand signal, because it cannot be manufactured by a lease structure.
- *2026-04-21* — The digital subscription begins to invoice. Management set expectations carefully — renewal rate and price ""would determine"" the outcome — rather than booking it as a certainty.
- *Balance sheet* — Zero debt, $8.63B of cash and investments, an Altman solvency score of 31.1 and a Piotroski score of 7 of 9. There is no financing risk in this equity at any point in the next several years.

## 7. Hidden signals

- **The word ""segmentation"" arrives and stays.** From the fourth quarter of 2025, Samath begins describing the portfolio as something to be segmented by site of care and by customer type. Combined with the launch of refurbished systems and the ambulatory-centre push, this is a company preparing to defend a price umbrella it expects to lose. They built the low-cost tier before the competitor arrived. That is good management — and it is also an admission of what they saw coming.
- **The instrument-remanufacturer paragraph** (2025-07-22) is the most carefully lawyered passage in the bundle. Instruments and accessories are 60 percent of revenue and the highest-margin line; any erosion of instrument pricing hits the earnings base far harder than losing a system sale. That paragraph is management telling you where the real risk lives.
- **A quieter chief executive.** Guthart's answers were discursive and strategic. Rosa's are shorter and more operational. Neither is worse, but the company has lost its most fluent explainer of *why the moat exists* at exactly the moment it needs one.
- **Two senior departures in twelve months.** Chief executive (July 2025) and chief medical officer after twenty years (announced 2026-04-21). Both look like ordinary succession, both were handled with continuity candidates, and neither is a governance concern on the evidence available — but the combination removes a lot of institutional memory in one cycle.

## 8. Capital-allocation verdict

**Trajectory: stable.** The operating business is strengthening — margins expanding, returns rising, free cash flow of $3.22B on a trailing basis, a fortress balance sheet. The *environment* is what changed, and it changed in one week in July 2026.

**The single thing to weigh before sizing.** Not the guidance cut, and not the slowdown in United States procedures. It is this: on 2026-07-22 the regulatory exclusivity that let this company earn a 67 percent gross margin on consumables ended. Everything in the price today is a judgement about how much of the moat survives that. My reading of the evidence is that a great deal of it does — but that the multiple the market pays for it cannot be what it was.

**The moat.** Type: switching costs, reinforced by scale economics in consumables and by an intangible asset that is genuinely rare — more than twenty million procedures of accumulated clinical evidence and a trained surgeon base of over fifty thousand. Width: wide, on the evidence. A narrowing moat would show up as falling returns and eroding gross margin; the opposite is happening — return on invested capital at 15.1 percent is up, gross margin at 67.8 percent is up 1.5 percentage points year over year, and the company just raised its margin guide. Trend: eroding at the source even while the numbers improve. A hospital that buys a competing platform does not switch instantly — it buys one system, trains a handful of surgeons, and keeps buying Intuitive instruments for the fleet it already owns. The consumable stream is protected for years. The *pricing* of new systems, and eventually of instruments, is not.

**Secular threat: manageable, not terminal.** Two structural forces are real and neither kills the business. Reimbursement compression — the expiry of insurance subsidies and Medicaid financing pressure in the United States — is a demand-side tax on elective volume, and management's own second-quarter 2026 commentary confirms it is biting. Weight-loss drugs substituting for bariatric surgery is a genuine, permanent shrinkage of one procedure pool, but bariatrics is a minority of the mix and general surgery, gynaecology and thoracic procedures are all still compounding at mid-teens rates or better. Neither impairs the terminal value; both lower the growth rate the terminal value is built on.

**Is the cheapness a mispricing or a shrinking base?** Neither, quite. After a roughly 40 percent decline this year the shares are no longer expensive against their own history — but at $365 they still capitalise the trailing free cash flow at 37 times enterprise value and the trailing adjusted earnings at over 30 times forward. That is not a fear-print in the sense of a discount to intrinsic value; it is a great business whose multiple has come down to roughly fair, at the exact moment its competitive position got harder. The base is not shrinking. The price is not yet a bargain.

CREDIBILITY_SCORE: 4 | TRAJECTORY: STABLE | MOAT: WIDE | MOAT_TREND: ERODING | SECULAR_THREAT: manageable
"
